{
  "type": "FeatureCollection",
  "features": [
    {
      "type": "Feature",
      "geometry": {
        "type": "Polygon",
        "coordinates": [
          [
            [
              5.417717332212355,
              43.23607163977643
            ],
            [
              5.416284130771255,
              43.23134024796329
            ],
            [
              5.421069133563097,
              43.228330028932795
            ],
            [
              5.427287698073377,
              43.2300510790138
            ],
            [
              5.4287216209590685,
              43.23478256814308
            ],
            [
              5.423936257907134,
              43.2377929098931
            ],
            [
              5.417717332212355,
              43.23607163977643
            ]
          ]
        ]
      },
      "properties": {
        "uuid": "0b06161e-9363-48fb-a1ff-f3d594bb9f44",
        "h3_index": "88396802b7fffff",
        "city_code": "13055",
        "city_name": "Marseille",
        "latitude": 43.23306155047185,
        "longitude": 5.422502606285989,
        "manual_surge": 0,
        "available": true,
        "status": "active"
      }
    },
    {
      "type": "Feature",
      "geometry": {
        "type": "Polygon",
        "coordinates": [
          [
            [
              5.49475854962944,
              43.227023520519055
            ],
            [
              5.493320298867388,
              43.22229145036312
            ],
            [
              5.498104640507004,
              43.21927678921653
            ],
            [
              5.504327591277299,
              43.220994074946475
            ],
            [
              5.5057665632186525,
              43.2257262414616
            ],
            [
              5.500981863227982,
              43.22874102590546
            ],
            [
              5.49475854962944,
              43.227023520519055
            ]
          ]
        ]
      },
      "properties": {
        "uuid": "5cbd8ca8-41b4-4b83-802e-f1c76253c3a3",
        "h3_index": "8839680737fffff",
        "city_code": "13055",
        "city_name": "Marseille",
        "latitude": 43.22400898873906,
        "longitude": 5.499543162136625,
        "manual_surge": 0,
        "available": true,
        "status": "active"
      }
    },
    {
      "type": "Feature",
      "geometry": {
        "type": "Polygon",
        "coordinates": [
          [
            [
              5.433976831068883,
              43.27090788106941
            ],
            [
              5.432541926272261,
              43.26617765829725
            ],
            [
              5.437328917425084,
              43.263168095122
            ],
            [
              5.443551173569425,
              43.264888631958385
            ],
            [
              5.444986800396674,
              43.26961895172278
            ],
            [
              5.440199449066332,
              43.27262863767645
            ],
            [
              5.433976831068883,
              43.27090788106941
            ]
          ]
        ]
      },
      "properties": {
        "uuid": "b4cb28ef-2b0c-4275-85e8-9dae820b7c95",
        "h3_index": "883968029bfffff",
        "city_code": "13055",
        "city_name": "Marseille",
        "latitude": 43.26789844771094,
        "longitude": 5.438764093657469,
        "manual_surge": 0,
        "available": true,
        "status": "active"
      }
    },
    {
      "type": "Feature",
      "geometry": {
        "type": "Polygon",
        "coordinates": [
          [
            [
              5.370349933713637,
              43.248954087332145
            ],
            [
              5.368919711453684,
              43.2442233781267
            ],
            [
              5.3737055370866145,
              43.24121620938711
            ],
            [
              5.37992194649202,
              43.242939627520464
            ],
            [
              5.381352890483884,
              43.2476704346056
            ],
            [
              5.376566703355504,
              43.25067772569556
            ],
            [
              5.370349933713637,
              43.248954087332145
            ]
          ]
        ]
      },
      "properties": {
        "uuid": "c50ba98f-b824-4786-88cf-0528b2f821f5",
        "h3_index": "88396802e7fffff",
        "city_code": "13055",
        "city_name": "Marseille",
        "latitude": 43.24594704857249,
        "longitude": 5.375136030929698,
        "manual_surge": 0,
        "available": true,
        "status": "active"
      }
    },
    {
      "type": "Feature",
      "geometry": {
        "type": "Polygon",
        "coordinates": [
          [
            [
              5.365126322493006,
              43.212827774614276
            ],
            [
              5.363697077843036,
              43.20809580281694
            ],
            [
              5.368480821759977,
              43.20508734262855
            ],
            [
              5.374694171647362,
              43.20681073188046
            ],
            [
              5.37612413740577,
              43.21154280174434
            ],
            [
              5.371340032185368,
              43.214551384307576
            ],
            [
              5.365126322493006,
              43.212827774614276
            ]
          ]
        ]
      },
      "properties": {
        "uuid": "b7fad64f-1ed3-4f06-9da6-2f4fce6063c4",
        "h3_index": "8839680015fffff",
        "city_code": "13055",
        "city_name": "Marseille",
        "latitude": 43.20981944426334,
        "longitude": 5.369910337779761,
        "manual_surge": 0,
        "available": true,
        "status": "active"
      }
    },
    {
      "type": "Feature",
      "geometry": {
        "type": "Polygon",
        "coordinates": [
          [
            [
              5.3793299026323975,
              43.37273001191432
            ],
            [
              5.377896926881787,
              43.3680036991203
            ],
            [
              5.382689917150755,
              43.3650014393475
            ],
            [
              5.388916245554724,
              43.36672537017993
            ],
            [
              5.390349945192515,
              43.3714517803232
            ],
            [
              5.385556592556309,
              43.37445416230271
            ],
            [
              5.3793299026323975,
              43.37273001191432
            ]
          ]
        ]
      },
      "properties": {
        "uuid": "d942096b-fdda-4f64-a774-385a1e2c2156",
        "h3_index": "8839681711fffff",
        "city_code": "13055",
        "city_name": "Marseille",
        "latitude": 43.36972788264179,
        "longitude": 5.384123165258732,
        "manual_surge": 0,
        "available": true,
        "status": "active"
      }
    },
    {
      "type": "Feature",
      "geometry": {
        "type": "Polygon",
        "coordinates": [
          [
            [
              5.435883102862772,
              43.31475944322624
            ],
            [
              5.434447307349318,
              43.31003078336791
            ],
            [
              5.43923683644293,
              43.30702302449462
            ],
            [
              5.445462521582037,
              43.30874380277971
            ],
            [
              5.44689903989033,
              43.31347255945943
            ],
            [
              5.442109150282075,
              43.31648044105058
            ],
            [
              5.435883102862772,
              43.31475944322624
            ]
          ]
        ]
      },
      "properties": {
        "uuid": "53ee8e8f-dd49-454e-add6-ffe14ceaf0f7",
        "h3_index": "88396815c7fffff",
        "city_code": "13055",
        "city_name": "Marseille",
        "latitude": 43.31175181435993,
        "longitude": 5.440672903671642,
        "manual_surge": 0,
        "available": true,
        "status": "active"
      }
    },
    {
      "type": "Feature",
      "geometry": {
        "type": "Polygon",
        "coordinates": [
          [
            [
              5.445942663101542,
              43.29154777000234
            ],
            [
              5.444506590669253,
              43.28681823118144
            ],
            [
              5.449294756401546,
              43.283808934717285
            ],
            [
              5.4555193546564755,
              43.28552905426126
            ],
            [
              5.456956149463631,
              43.29025868985243
            ],
            [
              5.452167623658442,
              43.293268109147256
            ],
            [
              5.445942663101542,
              43.29154777000234
            ]
          ]
        ]
      },
      "properties": {
        "uuid": "26e21a8c-971f-4127-8f91-97b013bbfbd7",
        "h3_index": "88396815abfffff",
        "city_code": "13055",
        "city_name": "Marseille",
        "latitude": 43.28853860339894,
        "longitude": 5.45073110035012,
        "manual_surge": 0,
        "available": true,
        "status": "active"
      }
    },
    {
      "type": "Feature",
      "geometry": {
        "type": "Polygon",
        "coordinates": [
          [
            [
              5.406713578679231,
              43.23735953955745
            ],
            [
              5.405281098719992,
              43.23262824519709
            ],
            [
              5.410066194491218,
              43.22961866070946
            ],
            [
              5.416284130771255,
              43.23134024796329
            ],
            [
              5.417717332212355,
              43.23607163977643
            ],
            [
              5.412931875908777,
              43.23908134690085
            ],
            [
              5.406713578679231,
              43.23735953955745
            ]
          ]
        ]
      },
      "properties": {
        "uuid": "7afef026-c17c-432b-8295-15b591d30fbc",
        "h3_index": "88396802b5fffff",
        "city_code": "13055",
        "city_name": "Marseille",
        "latitude": 43.23435008484704,
        "longitude": 5.411498945791195,
        "manual_surge": 0,
        "available": true,
        "status": "active"
      }
    },
    {
      "type": "Feature",
      "geometry": {
        "type": "Polygon",
        "coordinates": [
          [
            [
              5.319950268683074,
              43.36492559474997
            ],
            [
              5.318521449004118,
              43.360199280706354
            ],
            [
              5.323314077728227,
              43.35719980782589
            ],
            [
              5.329535889856491,
              43.358926527223765
            ],
            [
              5.330965433361432,
              43.36365293940168
            ],
            [
              5.326172440929039,
              43.36665253406533
            ],
            [
              5.319950268683074,
              43.36492559474997
            ]
          ]
        ]
      },
      "properties": {
        "uuid": "af5e16cf-bb3d-4bfa-8ff0-cc54f2f8345a",
        "h3_index": "8839681761fffff",
        "city_code": "13055",
        "city_name": "Marseille",
        "latitude": 43.36192625257938,
        "longitude": 5.324743169984358,
        "manual_surge": 0,
        "available": true,
        "status": "active"
      }
    },
    {
      "type": "Feature",
      "geometry": {
        "type": "Polygon",
        "coordinates": [
          [
            [
              5.420056007661221,
              43.37534073452006
            ],
            [
              5.418620229282731,
              43.37061432727823
            ],
            [
              5.4234133029107285,
              43.36761003745566
            ],
            [
              5.429642516355772,
              43.369332032391966
            ],
            [
              5.431079018612756,
              43.37405853645377
            ],
            [
              5.426285583563556,
              43.377062948777215
            ],
            [
              5.420056007661221,
              43.37534073452006
            ]
          ]
        ]
      },
      "properties": {
        "uuid": "d552d3b8-66fd-4ae5-8398-c842a7fc66c9",
        "h3_index": "8839681443fffff",
        "city_code": "13055",
        "city_name": "Marseille",
        "latitude": 43.372336575041786,
        "longitude": 5.424849353476626,
        "manual_surge": 0,
        "available": true,
        "status": "active"
      }
    },
    {
      "type": "Feature",
      "geometry": {
        "type": "Polygon",
        "coordinates": [
          [
            [
              5.403783452309475,
              43.34052971265722
            ],
            [
              5.402349380788931,
              43.33580212707719
            ],
            [
              5.407140460305054,
              43.33279717794911
            ],
            [
              5.413365972862397,
              43.33451969197931
            ],
            [
              5.414800767672852,
              43.339247374704755
            ],
            [
              5.410009326653298,
              43.34225244627247
            ],
            [
              5.403783452309475,
              43.34052971265722
            ]
          ]
        ]
      },
      "properties": {
        "uuid": "27075638-4fa2-42b6-83ae-8c600a600f6f",
        "h3_index": "883968142dfffff",
        "city_code": "13055",
        "city_name": "Marseille",
        "latitude": 43.33752489378435,
        "longitude": 5.408574803858268,
        "manual_surge": 0,
        "available": true,
        "status": "active"
      }
    },
    {
      "type": "Feature",
      "geometry": {
        "type": "Polygon",
        "coordinates": [
          [
            [
              5.462697665323345,
              43.25284554554016
            ],
            [
              5.461261132539241,
              43.248114544368256
            ],
            [
              5.466047027037691,
              43.24510268742878
            ],
            [
              5.4722698136753625,
              43.246821708660036
            ],
            [
              5.473707068134814,
              43.25155280651646
            ],
            [
              5.468920814298705,
              43.25456478647501
            ],
            [
              5.462697665323345,
              43.25284554554016
            ]
          ]
        ]
      },
      "properties": {
        "uuid": "527b66ad-0543-4837-afdf-d5ba628a1722",
        "h3_index": "883968070dfffff",
        "city_code": "13055",
        "city_name": "Marseille",
        "latitude": 43.24983381821707,
        "longitude": 5.467483831006689,
        "manual_surge": 0,
        "available": true,
        "status": "active"
      }
    },
    {
      "type": "Feature",
      "geometry": {
        "type": "Polygon",
        "coordinates": [
          [
            [
              5.495727467671064,
              43.24896380875748
            ],
            [
              5.494288769975462,
              43.24423251794223
            ],
            [
              5.499074378667211,
              43.24121875649551
            ],
            [
              5.505299043590227,
              43.24293616261547
            ],
            [
              5.506738462846327,
              43.24766754970498
            ],
            [
              5.5019524956364885,
              43.250681434418176
            ],
            [
              5.495727467671064,
              43.24896380875748
            ]
          ]
        ]
      },
      "properties": {
        "uuid": "a17698ec-8f69-4c96-960e-1e3600c1b341",
        "h3_index": "8839680715fffff",
        "city_code": "13055",
        "city_name": "Marseille",
        "latitude": 43.24595017677316,
        "longitude": 5.500513347369589,
        "manual_surge": 0,
        "available": true,
        "status": "active"
      }
    },
    {
      "type": "Feature",
      "geometry": {
        "type": "Polygon",
        "coordinates": [
          [
            [
              5.380811457970299,
              43.321176254874686
            ],
            [
              5.379379276991984,
              43.316448081172055
            ],
            [
              5.384169271245163,
              43.31344349909118
            ],
            [
              5.390391808373428,
              43.315166968427064
            ],
            [
              5.391824712332999,
              43.31989523963393
            ],
            [
              5.387034356200195,
              43.322899944018594
            ],
            [
              5.380811457970299,
              43.321176254874686
            ]
          ]
        ]
      },
      "properties": {
        "uuid": "cda6854f-8c4b-444b-8116-1dd035c9940d",
        "h3_index": "883968150bfffff",
        "city_code": "13055",
        "city_name": "Marseille",
        "latitude": 43.31817180305672,
        "longitude": 5.385601724233979,
        "manual_surge": 0,
        "available": true,
        "status": "active"
      }
    },
    {
      "type": "Feature",
      "geometry": {
        "type": "Polygon",
        "coordinates": [
          [
            [
              5.302204757840828,
              43.38164475859134
            ],
            [
              5.300776850322277,
              43.3769191310623
            ],
            [
              5.3055704767722105,
              43.37392132189162
            ],
            [
              5.311792375034161,
              43.37564901864326
            ],
            [
              5.31322100669415,
              43.38037474447642
            ],
            [
              5.3084270159676334,
              43.38337267527176
            ],
            [
              5.302204757840828,
              43.38164475859134
            ]
          ]
        ]
      },
      "properties": {
        "uuid": "872cfd26-fce6-4658-bfd6-a8454a918673",
        "h3_index": "8839681291fffff",
        "city_code": "13055",
        "city_name": "Marseille",
        "latitude": 43.3786470802783,
        "longitude": 5.306998657059282,
        "manual_surge": 0,
        "available": true,
        "status": "active"
      }
    },
    {
      "type": "Feature",
      "geometry": {
        "type": "Polygon",
        "coordinates": [
          [
            [
              5.506738462846327,
              43.24766754970498
            ],
            [
              5.505299043590227,
              43.24293616261547
            ],
            [
              5.51008455627677,
              43.239921766311305
            ],
            [
              5.516309846481651,
              43.24163863376572
            ],
            [
              5.5177499872596005,
              43.24637011699273
            ],
            [
              5.512964116328444,
              43.249384636645736
            ],
            [
              5.506738462846327,
              43.24766754970498
            ]
          ]
        ]
      },
      "properties": {
        "uuid": "c7c3b59d-6fd7-4e25-b145-6977e586e606",
        "h3_index": "8839680717fffff",
        "city_code": "13055",
        "city_name": "Marseille",
        "latitude": 43.24465328281187,
        "longitude": 5.511524246480109,
        "manual_surge": 0,
        "available": true,
        "status": "active"
      }
    },
    {
      "type": "Feature",
      "geometry": {
        "type": "Polygon",
        "coordinates": [
          [
            [
              5.474670541332314,
              43.273487032900285
            ],
            [
              5.473232840430533,
              43.268756715415215
            ],
            [
              5.478019907915281,
              43.265745124345244
            ],
            [
              5.4842450355515,
              43.26746372770717
            ],
            [
              5.485683458472116,
              43.272194141654865
            ],
            [
              5.480896031755217,
              43.27520585579592
            ],
            [
              5.474670541332314,
              43.273487032900285
            ]
          ]
        ]
      },
      "properties": {
        "uuid": "78b9fab2-e191-4bd7-8f42-1575a8faf0db",
        "h3_index": "883968075dfffff",
        "city_code": "13055",
        "city_name": "Marseille",
        "latitude": 43.27047557149084,
        "longitude": 5.479457880082097,
        "manual_surge": 0,
        "available": true,
        "status": "active"
      }
    },
    {
      "type": "Feature",
      "geometry": {
        "type": "Polygon",
        "coordinates": [
          [
            [
              5.415749210887582,
              43.36116102145598
            ],
            [
              5.414313970807264,
              43.356434123005194
            ],
            [
              5.419106228020455,
              43.35342944224125
            ],
            [
              5.425334086730785,
              43.35515153745316
            ],
            [
              5.426770050446645,
              43.35987853282685
            ],
            [
              5.421977431833953,
              43.36288333608363
            ],
            [
              5.415749210887582,
              43.36116102145598
            ]
          ]
        ]
      },
      "properties": {
        "uuid": "56a3ccbf-3904-4f81-99df-9862d710b6b5",
        "h3_index": "883968140dfffff",
        "city_code": "13055",
        "city_name": "Marseille",
        "latitude": 43.35815647099055,
        "longitude": 5.420541740214468,
        "manual_surge": 0,
        "available": true,
        "status": "active"
      }
    },
    {
      "type": "Feature",
      "geometry": {
        "type": "Polygon",
        "coordinates": [
          [
            [
              5.350204837908664,
              43.295364454156676
            ],
            [
              5.348775175082199,
              43.290635499532065
            ],
            [
              5.353563720567143,
              43.2876314062141
            ],
            [
              5.359782291274788,
              43.28935614541571
            ],
            [
              5.361212676670142,
              43.294085198022586
            ],
            [
              5.356423768805959,
              43.29708941346347
            ],
            [
              5.350204837908664,
              43.295364454156676
            ]
          ]
        ]
      },
      "properties": {
        "uuid": "7b9f6f87-c314-4e4a-a0e9-256199009a81",
        "h3_index": "883968152dfffff",
        "city_code": "13055",
        "city_name": "Marseille",
        "latitude": 43.29236049111154,
        "longitude": 5.354993655373916,
        "manual_surge": 0,
        "available": true,
        "status": "active"
      }
    },
    {
      "type": "Feature",
      "geometry": {
        "type": "Polygon",
        "coordinates": [
          [
            [
              5.3052609675322415,
              43.278552595515144
            ],
            [
              5.303834636017074,
              43.27382325472053
            ],
            [
              5.308622273293522,
              43.27082079696802
            ],
            [
              5.314836605397367,
              43.27254755820688
            ],
            [
              5.316263659243137,
              43.2772769976148
            ],
            [
              5.311475658671284,
              43.28027957718841
            ],
            [
              5.3052609675322415,
              43.278552595515144
            ]
          ]
        ]
      },
      "properties": {
        "uuid": "560eebd6-296e-43d3-a65f-ecda96626fe7",
        "h3_index": "8839680247fffff",
        "city_code": "13055",
        "city_name": "Marseille",
        "latitude": 43.27555026814501,
        "longitude": 5.310048876882663,
        "manual_surge": 0,
        "available": true,
        "status": "active"
      }
    },
    {
      "type": "Feature",
      "geometry": {
        "type": "Polygon",
        "coordinates": [
          [
            [
              5.461267610508366,
              43.30444661846788
            ],
            [
              5.459830277357774,
              43.29971747202078
            ],
            [
              5.464619163109777,
              43.29670792985028
            ],
            [
              5.470845741850409,
              43.2984274112241
            ],
            [
              5.472283797579998,
              43.303156654202255
            ],
            [
              5.4674945520074445,
              43.30616631929345
            ],
            [
              5.461267610508366,
              43.30444661846788
            ]
          ]
        ]
      },
      "properties": {
        "uuid": "737678d0-733d-41b5-bbaa-48f78f1af9db",
        "h3_index": "8839681583fffff",
        "city_code": "13055",
        "city_name": "Marseille",
        "latitude": 43.30143720615319,
        "longitude": 5.4660567677906675,
        "manual_surge": 0,
        "available": true,
        "status": "active"
      }
    },
    {
      "type": "Feature",
      "geometry": {
        "type": "Polygon",
        "coordinates": [
          [
            [
              5.492380010713658,
              43.25670805719727
            ],
            [
              5.490941404550874,
              43.25197705854158
            ],
            [
              5.495727467671064,
              43.24896380875748
            ],
            [
              5.5019524956364885,
              43.250681434418176
            ],
            [
              5.503391823499744,
              43.25541252936539
            ],
            [
              5.498605401714648,
              43.2584259023783
            ],
            [
              5.492380010713658,
              43.25670805719727
            ]
          ]
        ]
      },
      "properties": {
        "uuid": "a3258518-960e-42bd-9360-40c80990f312",
        "h3_index": "883968071dfffff",
        "city_code": "13055",
        "city_name": "Marseille",
        "latitude": 43.25369493692456,
        "longitude": 5.4971663449068595,
        "manual_surge": 0,
        "available": true,
        "status": "active"
      }
    },
    {
      "type": "Feature",
      "geometry": {
        "type": "Polygon",
        "coordinates": [
          [
            [
              5.411444028721946,
              43.34697983534858
            ],
            [
              5.410009326653298,
              43.34225244627247
            ],
            [
              5.414800767672852,
              43.339247374704755
            ],
            [
              5.421027272156043,
              43.34096956974607
            ],
            [
              5.4224626976173225,
              43.34569705584791
            ],
            [
              5.41767089522005,
              43.34870224990059
            ],
            [
              5.411444028721946,
              43.34697983534858
            ]
          ]
        ]
      },
      "properties": {
        "uuid": "cf240235-a33b-449b-bb6b-4c23fc926170",
        "h3_index": "8839681429fffff",
        "city_code": "13055",
        "city_name": "Marseille",
        "latitude": 43.343974894033465,
        "longitude": 5.416235741781461,
        "manual_surge": 0,
        "available": true,
        "status": "active"
      }
    },
    {
      "type": "Feature",
      "geometry": {
        "type": "Polygon",
        "coordinates": [
          [
            [
              5.3755783100607,
              43.28507025585911
            ],
            [
              5.374147109025271,
              43.280340812687136
            ],
            [
              5.378935018102943,
              43.27733493665177
            ],
            [
              5.385154489920637,
              43.27905838147953
            ],
            [
              5.386586413312267,
              43.28378792234374
            ],
            [
              5.381798142547086,
              43.28679392070581
            ],
            [
              5.3755783100607,
              43.28507025585911
            ]
          ]
        ]
      },
      "properties": {
        "uuid": "f03e59a3-ba9a-4ceb-bb65-29b1db6d5070",
        "h3_index": "88396802c9fffff",
        "city_code": "13055",
        "city_name": "Marseille",
        "latitude": 43.28206450994547,
        "longitude": 5.3803664909350575,
        "manual_surge": 0,
        "available": true,
        "status": "active"
      }
    },
    {
      "type": "Feature",
      "geometry": {
        "type": "Polygon",
        "coordinates": [
          [
            [
              5.4550389728092945,
              43.24639498506203
            ],
            [
              5.453603069705054,
              43.24166378861256
            ],
            [
              5.4583886047398344,
              43.23865205464743
            ],
            [
              5.464610402359957,
              43.240371394175334
            ],
            [
              5.466047027037691,
              43.24510268742878
            ],
            [
              5.461261132539241,
              43.248114544368256
            ],
            [
              5.4550389728092945,
              43.24639498506203
            ]
          ]
        ]
      },
      "properties": {
        "uuid": "f53373de-6922-4296-8f4a-95618a6c1073",
        "h3_index": "8839680763fffff",
        "city_code": "13055",
        "city_name": "Marseille",
        "latitude": 43.24338338071561,
        "longitude": 5.4598247790219805,
        "manual_surge": 0,
        "available": true,
        "status": "active"
      }
    },
    {
      "type": "Feature",
      "geometry": {
        "type": "Polygon",
        "coordinates": [
          [
            [
              5.438772943252763,
              43.211553129778736
            ],
            [
              5.437338743716513,
              43.20682076575527
            ],
            [
              5.4421222926491355,
              43.20380837732109
            ],
            [
              5.448340400682538,
              43.20552823001225
            ],
            [
              5.449775321207289,
              43.21026069116332
            ],
            [
              5.444991412727446,
              43.2132732025135
            ],
            [
              5.438772943252763,
              43.211553129778736
            ]
          ]
        ]
      },
      "properties": {
        "uuid": "1ed2ea78-f9bd-428f-b689-bc3d649bc098",
        "h3_index": "883968009dfffff",
        "city_code": "13055",
        "city_name": "Marseille",
        "latitude": 43.20854087087197,
        "longitude": 5.443556763209805,
        "manual_surge": 0,
        "available": true,
        "status": "active"
      }
    },
    {
      "type": "Feature",
      "geometry": {
        "type": "Polygon",
        "coordinates": [
          [
            [
              5.365504905072281,
              43.30827138001285
            ],
            [
              5.364073983537191,
              43.303542815386145
            ],
            [
              5.368863253655917,
              43.30053847777717
            ],
            [
              5.375083807456533,
              43.30226258259945
            ],
            [
              5.3765154517668465,
              43.30699124496948
            ],
            [
              5.371725819518397,
              43.309995704791774
            ],
            [
              5.365504905072281,
              43.30827138001285
            ]
          ]
        ]
      },
      "properties": {
        "uuid": "3585c757-f3c4-40b8-8523-3ee8ef629e79",
        "h3_index": "8839681505fffff",
        "city_code": "13055",
        "city_name": "Marseille",
        "latitude": 43.305267172671776,
        "longitude": 5.370294447186515,
        "manual_surge": 0,
        "available": true,
        "status": "active"
      }
    },
    {
      "type": "Feature",
      "geometry": {
        "type": "Polygon",
        "coordinates": [
          [
            [
              5.4377914262020735,
              43.3585948692631
            ],
            [
              5.436354738888255,
              43.353867777103126
            ],
            [
              5.441146808603995,
              43.35086182468891
            ],
            [
              5.447375926503218,
              43.352582841794245
            ],
            [
              5.448813337377331,
              43.35731003060396
            ],
            [
              5.444020906809355,
              43.36031610567655
            ],
            [
              5.4377914262020735,
              43.3585948692631
            ]
          ]
        ]
      },
      "properties": {
        "uuid": "7e1111c9-d103-4c2c-a67c-57d22db4eb82",
        "h3_index": "8839681403fffff",
        "city_code": "13055",
        "city_name": "Marseille",
        "latitude": 43.355589047045136,
        "longitude": 5.442583767912997,
        "manual_surge": 0,
        "available": true,
        "status": "active"
      }
    },
    {
      "type": "Feature",
      "geometry": {
        "type": "Polygon",
        "coordinates": [
          [
            [
              5.507710884985515,
              43.26960483736845
            ],
            [
              5.506271018142423,
              43.26487423090568
            ],
            [
              5.511057798465796,
              43.261860734619226
            ],
            [
              5.517284804061448,
              43.26357772149511
            ],
            [
              5.518725392807845,
              43.268308424010236
            ],
            [
              5.513938254072939,
              43.27132204361504
            ],
            [
              5.507710884985515,
              43.26960483736845
            ]
          ]
        ]
      },
      "properties": {
        "uuid": "718b4f67-ac45-43fc-9b00-e4eca78409af",
        "h3_index": "8839680625fffff",
        "city_code": "13055",
        "city_name": "Marseille",
        "latitude": 43.26659147058861,
        "longitude": 5.51249793639542,
        "manual_surge": 0,
        "available": true,
        "status": "active"
      }
    },
    {
      "type": "Feature",
      "geometry": {
        "type": "Polygon",
        "coordinates": [
          [
            [
              5.43683700788258,
              43.336679175920274
            ],
            [
              5.435400766604492,
              43.33195129931373
            ],
            [
              5.440191565673753,
              43.32894444340093
            ],
            [
              5.446418966721865,
              43.33066534142462
            ],
            [
              5.447855931177345,
              43.33539331476681
            ],
            [
              5.443064771424727,
              43.33840029336759
            ],
            [
              5.43683700788258,
              43.336679175920274
            ]
          ]
        ]
      },
      "properties": {
        "uuid": "89598431-0f83-404e-9fc6-1376bcf27b5f",
        "h3_index": "8839681435fffff",
        "city_code": "13055",
        "city_name": "Marseille",
        "latitude": 43.33367245010921,
        "longitude": 5.441628078806984,
        "manual_surge": 0,
        "available": true,
        "status": "active"
      }
    },
    {
      "type": "Feature",
      "geometry": {
        "type": "Polygon",
        "coordinates": [
          [
            [
              5.377453097493277,
              43.328908204226785
            ],
            [
              5.3760210096389764,
              43.324180323854655
            ],
            [
              5.380811457970299,
              43.321176254874686
            ],
            [
              5.387034356200195,
              43.322899944018594
            ],
            [
              5.3884671671755955,
              43.3276279219119
            ],
            [
              5.3836763568171255,
              43.330632113158
            ],
            [
              5.377453097493277,
              43.328908204226785
            ]
          ]
        ]
      },
      "properties": {
        "uuid": "b75b3662-f986-4b55-bc05-64df40c94658",
        "h3_index": "8839681555fffff",
        "city_code": "13055",
        "city_name": "Marseille",
        "latitude": 43.325904265558314,
        "longitude": 5.382243817901421,
        "manual_surge": 0,
        "available": true,
        "status": "active"
      }
    },
    {
      "type": "Feature",
      "geometry": {
        "type": "Polygon",
        "coordinates": [
          [
            [
              5.424420389038327,
              43.2205876145137
            ],
            [
              5.422987002825609,
              43.21585563927333
            ],
            [
              5.427771098748478,
              43.212844396758136
            ],
            [
              5.433988940867633,
              43.21456500670578
            ],
            [
              5.435423048245893,
              43.21929707922777
            ],
            [
              5.430638592356735,
              43.22230844453837
            ],
            [
              5.424420389038327,
              43.2205876145137
            ]
          ]
        ]
      },
      "properties": {
        "uuid": "4c376e78-ff3f-47db-92fe-ba7ec11691df",
        "h3_index": "88396800d5fffff",
        "city_code": "13055",
        "city_name": "Marseille",
        "latitude": 43.217576501626354,
        "longitude": 5.4292047561107335,
        "manual_surge": 0,
        "available": true,
        "status": "active"
      }
    },
    {
      "type": "Feature",
      "geometry": {
        "type": "Polygon",
        "coordinates": [
          [
            [
              5.433024463469248,
              43.248976062265704
            ],
            [
              5.431590003625284,
              43.244245059834206
            ],
            [
              5.436375726811918,
              43.24123459531989
            ],
            [
              5.442596269868945,
              43.24295501044575
            ],
            [
              5.444031451361869,
              43.247686109954564
            ],
            [
              5.439245368166115,
              43.25069669727805
            ],
            [
              5.433024463469248,
              43.248976062265704
            ]
          ]
        ]
      },
      "properties": {
        "uuid": "24fbd9f2-f705-4049-9018-11be3d475275",
        "h3_index": "883968076dfffff",
        "city_code": "13055",
        "city_name": "Marseille",
        "latitude": 43.245965727472665,
        "longitude": 5.437810457952039,
        "manual_surge": 0,
        "available": true,
        "status": "active"
      }
    },
    {
      "type": "Feature",
      "geometry": {
        "type": "Polygon",
        "coordinates": [
          [
            [
              5.361212676670142,
              43.294085198022586
            ],
            [
              5.359782291274788,
              43.28935614541571
            ],
            [
              5.364570745554677,
              43.286351417095474
            ],
            [
              5.370789947354073,
              43.288075619194096
            ],
            [
              5.372221055281861,
              43.29280476964678
            ],
            [
              5.3674322388948665,
              43.295809620172925
            ],
            [
              5.361212676670142,
              43.294085198022586
            ]
          ]
        ]
      },
      "properties": {
        "uuid": "9e510af8-8486-420e-81a0-1109149c1028",
        "h3_index": "8839681521fffff",
        "city_code": "13055",
        "city_name": "Marseille",
        "latitude": 43.29108059992402,
        "longitude": 5.366001402871684,
        "manual_surge": 0,
        "available": true,
        "status": "active"
      }
    },
    {
      "type": "Feature",
      "geometry": {
        "type": "Polygon",
        "coordinates": [
          [
            [
              5.356358756024029,
              43.353376120621554
            ],
            [
              5.354927671474546,
              43.34864921872197
            ],
            [
              5.3597195738903265,
              43.345647325296305
            ],
            [
              5.365942923615447,
              43.347372211717904
            ],
            [
              5.367374731742326,
              43.35209921132578
            ],
            [
              5.362582466583733,
              43.355101226821674
            ],
            [
              5.356358756024029,
              43.353376120621554
            ]
          ]
        ]
      },
      "properties": {
        "uuid": "1134fe93-fd01-4e6b-a63d-ebacaea68c7f",
        "h3_index": "883968173dfffff",
        "city_code": "13055",
        "city_name": "Marseille",
        "latitude": 43.350374357704126,
        "longitude": 5.361150930774556,
        "manual_surge": 0,
        "available": true,
        "status": "active"
      }
    },
    {
      "type": "Feature",
      "geometry": {
        "type": "Polygon",
        "coordinates": [
          [
            [
              5.442590023152261,
              43.29928580000741
            ],
            [
              5.441154042967205,
              43.29455655404485
            ],
            [
              5.445942663101542,
              43.29154777000234
            ],
            [
              5.452167623658442,
              43.293268109147256
            ],
            [
              5.453604326358312,
              43.29799745189715
            ],
            [
              5.44881534600389,
              43.30100635873269
            ],
            [
              5.442590023152261,
              43.29928580000741
            ]
          ]
        ]
      },
      "properties": {
        "uuid": "cd968922-d30a-445e-9be3-84768ffb94f4",
        "h3_index": "8839681585fffff",
        "city_code": "13055",
        "city_name": "Marseille",
        "latitude": 43.29627714587444,
        "longitude": 5.447378914869175,
        "manual_surge": 0,
        "available": true,
        "status": "active"
      }
    },
    {
      "type": "Feature",
      "geometry": {
        "type": "Polygon",
        "coordinates": [
          [
            [
              5.3621460094204245,
              43.31600347611657
            ],
            [
              5.360715181170451,
              43.3112752045964
            ],
            [
              5.365504905072281,
              43.30827138001285
            ],
            [
              5.371725819518397,
              43.309995704791774
            ],
            [
              5.3731573706832725,
              43.31472407407222
            ],
            [
              5.368367284504229,
              43.31772802083135
            ],
            [
              5.3621460094204245,
              43.31600347611657
            ]
          ]
        ]
      },
      "properties": {
        "uuid": "0d6373ad-b89e-43fd-998c-da119d4a05cf",
        "h3_index": "883968150dfffff",
        "city_code": "13055",
        "city_name": "Marseille",
        "latitude": 43.31299978184957,
        "longitude": 5.366936005384046,
        "manual_surge": 0,
        "available": true,
        "status": "active"
      }
    },
    {
      "type": "Feature",
      "geometry": {
        "type": "Polygon",
        "coordinates": [
          [
            [
              5.3539292431933205,
              43.38300924972626
            ],
            [
              5.352497808866443,
              43.37828342627101
            ],
            [
              5.357291437185883,
              43.37528295202046
            ],
            [
              5.363516862910576,
              43.37700817923999
            ],
            [
              5.364949021338159,
              43.38173410033419
            ],
            [
              5.360155029957441,
              43.38473469658784
            ],
            [
              5.3539292431933205,
              43.38300924972626
            ]
          ]
        ]
      },
      "properties": {
        "uuid": "d8ebf871-a4c8-4372-8f4a-a1173e0b7efb",
        "h3_index": "8839681755fffff",
        "city_code": "13055",
        "city_name": "Marseille",
        "latitude": 43.38000890612655,
        "longitude": 5.358723144054432,
        "manual_surge": 0,
        "available": true,
        "status": "active"
      }
    },
    {
      "type": "Feature",
      "geometry": {
        "type": "Polygon",
        "coordinates": [
          [
            [
              5.421069133563097,
              43.228330028932795
            ],
            [
              5.4196358397067375,
              43.223598345341124
            ],
            [
              5.424420389038327,
              43.2205876145137
            ],
            [
              5.430638592356735,
              43.22230844453837
            ],
            [
              5.432072607518156,
              43.227040225428915
            ],
            [
              5.427287698073377,
              43.2300510790138
            ],
            [
              5.421069133563097,
              43.228330028932795
            ]
          ]
        ]
      },
      "properties": {
        "uuid": "5d396705-3ee2-4e2f-99f0-9366b53032da",
        "h3_index": "88396800ddfffff",
        "city_code": "13055",
        "city_name": "Marseille",
        "latitude": 43.22531942778227,
        "longitude": 5.4258539541103605,
        "manual_surge": 0,
        "available": true,
        "status": "active"
      }
    },
    {
      "type": "Feature",
      "geometry": {
        "type": "Polygon",
        "coordinates": [
          [
            [
              5.3927666744744505,
              43.34181087653117
            ],
            [
              5.3913333262809475,
              43.33708338823308
            ],
            [
              5.3961244985413295,
              43.33407907467553
            ],
            [
              5.402349380788931,
              43.33580212707719
            ],
            [
              5.403783452309475,
              43.34052971265722
            ],
            [
              5.398991918272576,
              43.34353414857155
            ],
            [
              5.3927666744744505,
              43.34181087653117
            ]
          ]
        ]
      },
      "properties": {
        "uuid": "2d3cf092-3c49-4d3d-9a34-fb2d1b3a2347",
        "h3_index": "883968155bfffff",
        "city_code": "13055",
        "city_name": "Marseille",
        "latitude": 43.33880669327999,
        "longitude": 5.397558118826533,
        "manual_surge": 0,
        "available": true,
        "status": "active"
      }
    },
    {
      "type": "Feature",
      "geometry": {
        "type": "Polygon",
        "coordinates": [
          [
            [
              5.476091836712407,
              43.22186929095405
            ],
            [
              5.474654936706857,
              43.2171371222347
            ],
            [
              5.479439015149845,
              43.214123218879365
            ],
            [
              5.4856603523662555,
              43.215841361091
            ],
            [
              5.48709797348799,
              43.22057362642575
            ],
            [
              5.482313536294648,
              43.22358765295135
            ],
            [
              5.476091836712407,
              43.22186929095405
            ]
          ]
        ]
      },
      "properties": {
        "uuid": "09f7dc9f-7809-434e-808f-b19c51790f60",
        "h3_index": "8839680549fffff",
        "city_code": "13055",
        "city_name": "Marseille",
        "latitude": 43.21885551701895,
        "longitude": 5.480876186075517,
        "manual_surge": 0,
        "available": true,
        "status": "active"
      }
    },
    {
      "type": "Feature",
      "geometry": {
        "type": "Polygon",
        "coordinates": [
          [
            [
              5.480403612470913,
              43.2360648235144
            ],
            [
              5.478966174562687,
              43.23133314165913
            ],
            [
              5.483751065839025,
              43.22831962661132
            ],
            [
              5.489973753811955,
              43.23003767025952
            ],
            [
              5.491411913077689,
              43.23476944862805
            ],
            [
              5.486626663030461,
              43.237783086852986
            ],
            [
              5.480403612470913,
              43.2360648235144
            ]
          ]
        ]
      },
      "properties": {
        "uuid": "403c627b-c403-4ab5-8baa-a45a420fa198",
        "h3_index": "883968073dfffff",
        "city_code": "13055",
        "city_name": "Marseille",
        "latitude": 43.233051437933604,
        "longitude": 5.485188774740369,
        "manual_surge": 0,
        "available": true,
        "status": "active"
      }
    },
    {
      "type": "Feature",
      "geometry": {
        "type": "Polygon",
        "coordinates": [
          [
            [
              5.358786566589733,
              43.323734765851185
            ],
            [
              5.357355831684102,
              43.31900678756651
            ],
            [
              5.3621460094204245,
              43.31600347611657
            ],
            [
              5.368367284504229,
              43.31772802083135
            ],
            [
              5.369798742464499,
              43.32245609689325
            ],
            [
              5.365008202303405,
              43.32545953048103
            ],
            [
              5.358786566589733,
              43.323734765851185
            ]
          ]
        ]
      },
      "properties": {
        "uuid": "bba9a26a-3ec1-487f-b8e1-25a0858eabbf",
        "h3_index": "8839681547fffff",
        "city_code": "13055",
        "city_name": "Marseille",
        "latitude": 43.320731584766406,
        "longitude": 5.363577016454164,
        "manual_surge": 0,
        "available": true,
        "status": "active"
      }
    },
    {
      "type": "Feature",
      "geometry": {
        "type": "Polygon",
        "coordinates": [
          [
            [
              5.390349945192515,
              43.3714517803232
            ],
            [
              5.388916245554724,
              43.36672537017993
            ],
            [
              5.393709143463666,
              43.3637224745549
            ],
            [
              5.399936103121651,
              43.36544586680141
            ],
            [
              5.4013705266096625,
              43.370172374157484
            ],
            [
              5.396577266606698,
              43.37317539207215
            ],
            [
              5.390349945192515,
              43.3714517803232
            ]
          ]
        ]
      },
      "properties": {
        "uuid": "1b292d03-99a0-4244-a739-c3feac3d41cf",
        "h3_index": "8839681713fffff",
        "city_code": "13055",
        "city_name": "Marseille",
        "latitude": 43.36844901514737,
        "longitude": 5.39514311539985,
        "manual_surge": 0,
        "available": true,
        "status": "active"
      }
    },
    {
      "type": "Feature",
      "geometry": {
        "type": "Polygon",
        "coordinates": [
          [
            [
              5.5057665632186525,
              43.2257262414616
            ],
            [
              5.504327591277299,
              43.220994074946475
            ],
            [
              5.509111836995298,
              43.21797877916823
            ],
            [
              5.515335412750102,
              43.2196955265434
            ],
            [
              5.516775105832161,
              43.22442778928091
            ],
            [
              5.511990502036317,
              43.227443208438764
            ],
            [
              5.5057665632186525,
              43.2257262414616
            ]
          ]
        ]
      },
      "properties": {
        "uuid": "c90fa165-b742-4e2d-8754-7c401d68e06c",
        "h3_index": "8839680559fffff",
        "city_code": "13055",
        "city_name": "Marseille",
        "latitude": 43.222711074998585,
        "longitude": 5.510551079744747,
        "manual_surge": 0,
        "available": true,
        "status": "active"
      }
    },
    {
      "type": "Feature",
      "geometry": {
        "type": "Polygon",
        "coordinates": [
          [
            [
              5.3923563851158685,
              43.24638561038266
            ],
            [
              5.3909247194287415,
              43.24165470555437
            ],
            [
              5.395710361132363,
              43.23864626764613
            ],
            [
              5.401928029491783,
              43.240368612067925
            ],
            [
              5.403360416837287,
              43.245099614502784
            ],
            [
              5.398574414182166,
              43.24810817492714
            ],
            [
              5.3923563851158685,
              43.24638561038266
            ]
          ]
        ]
      },
      "properties": {
        "uuid": "9dc5164f-b0e2-4355-86ff-253687aa6e99",
        "h3_index": "88396802abfffff",
        "city_code": "13055",
        "city_name": "Marseille",
        "latitude": 43.24337730235186,
        "longitude": 5.397142298285193,
        "manual_surge": 0,
        "available": true,
        "status": "active"
      }
    },
    {
      "type": "Feature",
      "geometry": {
        "type": "Polygon",
        "coordinates": [
          [
            [
              5.28690803943805,
              43.36873652230406
            ],
            [
              5.285481391451776,
              43.36401050348146
            ],
            [
              5.290274288976017,
              43.361012937423084
            ],
            [
              5.296494199028224,
              43.362741268671876
            ],
            [
              5.297921570947687,
              43.367467386037816
            ],
            [
              5.293128308898541,
              43.37046507362952
            ],
            [
              5.28690803943805,
              43.36873652230406
            ]
          ]
        ]
      },
      "properties": {
        "uuid": "d9f3dcfb-f56e-4733-93af-43407bf7847e",
        "h3_index": "88396812b9fffff",
        "city_code": "13055",
        "city_name": "Marseille",
        "latitude": 43.36573908710866,
        "longitude": 5.291701209714883,
        "manual_surge": 0,
        "available": true,
        "status": "active"
      }
    },
    {
      "type": "Feature",
      "geometry": {
        "type": "Polygon",
        "coordinates": [
          [
            [
              5.385109074749164,
              43.33535979760887
            ],
            [
              5.3836763568171255,
              43.330632113158
            ],
            [
              5.3884671671755955,
              43.3276279219119
            ],
            [
              5.394691057385178,
              43.32935129282309
            ],
            [
              5.3961244985413295,
              43.33407907467553
            ],
            [
              5.3913333262809475,
              43.33708338823308
            ],
            [
              5.385109074749164,
              43.33535979760887
            ]
          ]
        ]
      },
      "properties": {
        "uuid": "7b1c2153-706d-4678-be36-9a7054930e01",
        "h3_index": "8839681551fffff",
        "city_code": "13055",
        "city_name": "Marseille",
        "latitude": 43.33235573667171,
        "longitude": 5.389900157191925,
        "manual_surge": 0,
        "available": true,
        "status": "active"
      }
    },
    {
      "type": "Feature",
      "geometry": {
        "type": "Polygon",
        "coordinates": [
          [
            [
              5.427771098748478,
              43.212844396758136
            ],
            [
              5.426337620238277,
              43.20811212999894
            ],
            [
              5.4311212628039325,
              43.205100375905275
            ],
            [
              5.437338743716513,
              43.20682076575527
            ],
            [
              5.438772943252763,
              43.211553129778736
            ],
            [
              5.433988940867633,
              43.21456500670578
            ],
            [
              5.427771098748478,
              43.212844396758136
            ]
          ]
        ]
      },
      "properties": {
        "uuid": "ff3c7588-6e91-483d-b1dc-6da6286ac867",
        "h3_index": "883968008bfffff",
        "city_code": "13055",
        "city_name": "Marseille",
        "latitude": 43.2098327722432,
        "longitude": 5.4325550123975415,
        "manual_surge": 0,
        "available": true,
        "status": "active"
      }
    },
    {
      "type": "Feature",
      "geometry": {
        "type": "Polygon",
        "coordinates": [
          [
            [
              5.405249422486423,
              43.28895644945585
            ],
            [
              5.403816147181572,
              43.28422700628488
            ],
            [
              5.408604232959043,
              43.28121973783204
            ],
            [
              5.414825955075988,
              43.282941790030556
            ],
            [
              5.416259952765861,
              43.28767133050118
            ],
            [
              5.411471505971,
              43.29067872149153
            ],
            [
              5.405249422486423,
              43.28895644945585
            ]
          ]
        ]
      },
      "properties": {
        "uuid": "09e736a0-15e2-4b74-ac0f-af9e21f9c53e",
        "h3_index": "88396802d9fffff",
        "city_code": "13055",
        "city_name": "Marseille",
        "latitude": 43.2859493110199,
        "longitude": 5.410037779950263,
        "manual_surge": 0,
        "available": true,
        "status": "active"
      }
    },
    {
      "type": "Feature",
      "geometry": {
        "type": "Polygon",
        "coordinates": [
          [
            [
              5.432072607518156,
              43.227040225428915
            ],
            [
              5.430638592356735,
              43.22230844453837
            ],
            [
              5.435423048245893,
              43.21929707922777
            ],
            [
              5.441641879154647,
              43.221017371985496
            ],
            [
              5.443076615583683,
              43.22574925003829
            ],
            [
              5.438291799853655,
              43.22876073818898
            ],
            [
              5.432072607518156,
              43.227040225428915
            ]
          ]
        ]
      },
      "properties": {
        "uuid": "099e8d17-54d9-49ac-91d0-859c27832f9e",
        "h3_index": "88396800d1fffff",
        "city_code": "13055",
        "city_name": "Marseille",
        "latitude": 43.22402898974391,
        "longitude": 5.436857334563995,
        "manual_surge": 0,
        "available": true,
        "status": "active"
      }
    },
    {
      "type": "Feature",
      "geometry": {
        "type": "Polygon",
        "coordinates": [
          [
            [
              5.472744112621626,
              43.229614559896696
            ],
            [
              5.471307304333181,
              43.22488268286943
            ],
            [
              5.476091836712407,
              43.22186929095405
            ],
            [
              5.482313536294648,
              43.22358765295135
            ],
            [
              5.483751065839025,
              43.22831962661132
            ],
            [
              5.478966174562687,
              43.23133314165913
            ],
            [
              5.472744112621626,
              43.229614559896696
            ]
          ]
        ]
      },
      "properties": {
        "uuid": "d898cd6c-2382-4d00-afd9-6de02ca24650",
        "h3_index": "8839680723fffff",
        "city_code": "13055",
        "city_name": "Marseille",
        "latitude": 43.22660129745061,
        "longitude": 5.477528915987111,
        "manual_surge": 0,
        "available": true,
        "status": "active"
      }
    },
    {
      "type": "Feature",
      "geometry": {
        "type": "Polygon",
        "coordinates": [
          [
            [
              5.449294756401546,
              43.283808934717285
            ],
            [
              5.4478585917809905,
              43.27907910316732
            ],
            [
              5.452646303163023,
              43.27606929439026
            ],
            [
              5.4588705391088,
              43.27778919431278
            ],
            [
              5.460307425964261,
              43.28251912261591
            ],
            [
              5.4555193546564755,
              43.28552905426126
            ],
            [
              5.449294756401546,
              43.283808934717285
            ]
          ]
        ]
      },
      "properties": {
        "uuid": "02ae07e6-8926-4dab-8338-5add9c02ca21",
        "h3_index": "88396815a3fffff",
        "city_code": "13055",
        "city_name": "Marseille",
        "latitude": 43.28079925575219,
        "longitude": 5.45408273923353,
        "manual_surge": 0,
        "available": true,
        "status": "active"
      }
    },
    {
      "type": "Feature",
      "geometry": {
        "type": "Polygon",
        "coordinates": [
          [
            [
              5.465086230954099,
              43.223163782959794
            ],
            [
              5.4636500521028255,
              43.21843171099259
            ],
            [
              5.468434225458905,
              43.215418442165
            ],
            [
              5.474654936706857,
              43.2171371222347
            ],
            [
              5.476091836712407,
              43.22186929095405
            ],
            [
              5.471307304333181,
              43.22488268286943
            ],
            [
              5.465086230954099,
              43.223163782959794
            ]
          ]
        ]
      },
      "properties": {
        "uuid": "5abf06d8-22dc-4ad6-a69d-878c6f49537e",
        "h3_index": "8839680727fffff",
        "city_code": "13055",
        "city_name": "Marseille",
        "latitude": 43.2201506436038,
        "longitude": 5.469870675289506,
        "manual_surge": 0,
        "available": true,
        "status": "active"
      }
    },
    {
      "type": "Feature",
      "geometry": {
        "type": "Polygon",
        "coordinates": [
          [
            [
              5.391824712332999,
              43.31989523963393
            ],
            [
              5.390391808373428,
              43.315166968427064
            ],
            [
              5.3951817103320945,
              43.312161751012056
            ],
            [
              5.401404877874416,
              43.31388468243512
            ],
            [
              5.402838504778285,
              43.31861305100969
            ],
            [
              5.398048241212754,
              43.321618390811416
            ],
            [
              5.391824712332999,
              43.31989523963393
            ]
          ]
        ]
      },
      "properties": {
        "uuid": "60b2a32e-b750-44cd-83ac-4d85248c0f81",
        "h3_index": "883968151dfffff",
        "city_code": "13055",
        "city_name": "Marseille",
        "latitude": 43.316890152430666,
        "longitude": 5.3966148862432615,
        "manual_surge": 0,
        "available": true,
        "status": "active"
      }
    },
    {
      "type": "Feature",
      "geometry": {
        "type": "Polygon",
        "coordinates": [
          [
            [
              5.410496921008819,
              43.32506383659796
            ],
            [
              5.409062663902102,
              43.32033566407188
            ],
            [
              5.413852834531595,
              43.31732968884088
            ],
            [
              5.4200776234935,
              43.319051763639045
            ],
            [
              5.421512603610094,
              43.323780033276684
            ],
            [
              5.416722071772193,
              43.32678613102248
            ],
            [
              5.410496921008819,
              43.32506383659796
            ]
          ]
        ]
      },
      "properties": {
        "uuid": "cf7b4179-e829-4565-9eaf-6bf585ab7c24",
        "h3_index": "883968151bfffff",
        "city_code": "13055",
        "city_name": "Marseille",
        "latitude": 43.32205799152497,
        "longitude": 5.415287363538226,
        "manual_surge": 0,
        "available": true,
        "status": "active"
      }
    },
    {
      "type": "Feature",
      "geometry": {
        "type": "Polygon",
        "coordinates": [
          [
            [
              5.438746358235157,
              43.38050651794188
            ],
            [
              5.437309224614213,
              43.37578021142183
            ],
            [
              5.442102565647865,
              43.37277516304313
            ],
            [
              5.448333401341098,
              43.37449629857337
            ],
            [
              5.4497712589054865,
              43.379222701657014
            ],
            [
              5.444977556850645,
              43.3822278726648
            ],
            [
              5.438746358235157,
              43.38050651794188
            ]
          ]
        ]
      },
      "properties": {
        "uuid": "f291bb83-5bce-4d5e-9b23-cafb14a319f7",
        "h3_index": "8839681451fffff",
        "city_code": "13055",
        "city_name": "Marseille",
        "latitude": 43.37750159985367,
        "longitude": 5.443539971404111,
        "manual_surge": 0,
        "available": true,
        "status": "active"
      }
    },
    {
      "type": "Feature",
      "geometry": {
        "type": "Polygon",
        "coordinates": [
          [
            [
              5.364949021338159,
              43.38173410033419
            ],
            [
              5.363516862910576,
              43.37700817923999
            ],
            [
              5.368310399705004,
              43.3740070690927
            ],
            [
              5.374536457732374,
              43.37573175797131
            ],
            [
              5.375969340224038,
              43.380457776568015
            ],
            [
              5.371175440641379,
              43.3834590088015
            ],
            [
              5.364949021338159,
              43.38173410033419
            ]
          ]
        ]
      },
      "properties": {
        "uuid": "845f6bdb-143a-427e-8234-f3db763c3bac",
        "h3_index": "8839681757fffff",
        "city_code": "13055",
        "city_name": "Marseille",
        "latitude": 43.37873312078664,
        "longitude": 5.369742830615373,
        "manual_surge": 0,
        "available": true,
        "status": "active"
      }
    },
    {
      "type": "Feature",
      "geometry": {
        "type": "Polygon",
        "coordinates": [
          [
            [
              5.504795185682012,
              43.20378091798894
            ],
            [
              5.503356660783404,
              43.199047973250735
            ],
            [
              5.508139640200671,
              43.19603177854324
            ],
            [
              5.51436150244531,
              43.19774840518118
            ],
            [
              5.51580074810378,
              43.20248144622648
            ],
            [
              5.511017410775353,
              43.205497764344635
            ],
            [
              5.504795185682012,
              43.20378091798894
            ]
          ]
        ]
      },
      "properties": {
        "uuid": "558b7f7e-04a5-4e0d-a835-6020e20858f1",
        "h3_index": "883968050bfffff",
        "city_code": "13055",
        "city_name": "Marseille",
        "latitude": 43.20076485250062,
        "longitude": 5.509578435768327,
        "manual_surge": 0,
        "available": true,
        "status": "active"
      }
    },
    {
      "type": "Feature",
      "geometry": {
        "type": "Polygon",
        "coordinates": [
          [
            [
              5.493348628855295,
              43.27864264355767
            ],
            [
              5.491909575523535,
              43.27391242581521
            ],
            [
              5.496696906615019,
              43.27090007653049
            ],
            [
              5.502923649888012,
              43.27261782180778
            ],
            [
              5.504363425301852,
              43.27734813575657
            ],
            [
              5.499575735378214,
              43.28036060823963
            ],
            [
              5.493348628855295,
              43.27864264355767
            ]
          ]
        ]
      },
      "properties": {
        "uuid": "bb34d29c-b5d6-4fe3-83a1-b5a8ee4c2a1d",
        "h3_index": "883968075bfffff",
        "city_code": "13055",
        "city_name": "Marseille",
        "latitude": 43.2756304238798,
        "longitude": 5.498136231159181,
        "manual_surge": 0,
        "available": true,
        "status": "active"
      }
    },
    {
      "type": "Feature",
      "geometry": {
        "type": "Polygon",
        "coordinates": [
          [
            [
              5.490968122315959,
              43.30831328092781
            ],
            [
              5.489528713207807,
              43.303584138329136
            ],
            [
              5.494317767921908,
              43.300573202368795
            ],
            [
              5.500546590908385,
              43.30229128589429
            ],
            [
              5.5019867226207495,
              43.307020524630936
            ],
            [
              5.4971973087600166,
              43.31003158372203
            ],
            [
              5.490968122315959,
              43.30831328092781
            ]
          ]
        ]
      },
      "properties": {
        "uuid": "9c0bd307-a030-4dd8-8d36-16c1680fb4b0",
        "h3_index": "8839681593fffff",
        "city_code": "13055",
        "city_name": "Marseille",
        "latitude": 43.30530247471827,
        "longitude": 5.495757448448302,
        "manual_surge": 0,
        "available": true,
        "status": "active"
      }
    },
    {
      "type": "Feature",
      "geometry": {
        "type": "Polygon",
        "coordinates": [
          [
            [
              5.4512096715706875,
              43.327657849892965
            ],
            [
              5.44977261485285,
              43.322929583081034
            ],
            [
              5.454562864849701,
              43.319921578726884
            ],
            [
              5.4607905318442445,
              43.32164171839443
            ],
            [
              5.462228311561456,
              43.32637008178843
            ],
            [
              5.457437701302209,
              43.32937820895075
            ],
            [
              5.4512096715706875,
              43.327657849892965
            ]
          ]
        ]
      },
      "properties": {
        "uuid": "7a13fe30-a78d-4ce2-9bf1-1584d4ecc15b",
        "h3_index": "88396815ddfffff",
        "city_code": "13055",
        "city_name": "Marseille",
        "latitude": 43.324649975540716,
        "longitude": 5.456000193296962,
        "manual_surge": 0,
        "available": true,
        "status": "active"
      }
    },
    {
      "type": "Feature",
      "geometry": {
        "type": "Polygon",
        "coordinates": [
          [
            [
              5.461737690751268,
              43.23090832053368
            ],
            [
              5.460301603756818,
              43.22617654027588
            ],
            [
              5.465086230954099,
              43.223163782959794
            ],
            [
              5.471307304333181,
              43.22488268286943
            ],
            [
              5.472744112621626,
              43.229614559896696
            ],
            [
              5.467959126254414,
              43.23262744026272
            ],
            [
              5.461737690751268,
              43.23090832053368
            ]
          ]
        ]
      },
      "properties": {
        "uuid": "e4d0af77-978b-436c-a6c2-ffd0e6c4feeb",
        "h3_index": "8839680721fffff",
        "city_code": "13055",
        "city_name": "Marseille",
        "latitude": 43.22789569273826,
        "longitude": 5.466522588994054,
        "manual_surge": 0,
        "available": true,
        "status": "active"
      }
    },
    {
      "type": "Feature",
      "geometry": {
        "type": "Polygon",
        "coordinates": [
          [
            [
              5.341981140881542,
              43.36237911069974
            ],
            [
              5.340550873586667,
              43.35765260052391
            ],
            [
              5.345343321266024,
              43.354651856361876
            ],
            [
              5.351566399420546,
              43.35637750044405
            ],
            [
              5.3529973904691035,
              43.361104108481406
            ],
            [
              5.348204579626472,
              43.36410497459299
            ],
            [
              5.341981140881542,
              43.36237911069974
            ]
          ]
        ]
      },
      "properties": {
        "uuid": "503375b6-2b64-45ea-9812-2216f67d7759",
        "h3_index": "8839681705fffff",
        "city_code": "13055",
        "city_name": "Marseille",
        "latitude": 43.35937849714548,
        "longitude": 5.346773861020806,
        "manual_surge": 0,
        "available": true,
        "status": "active"
      }
    },
    {
      "type": "Feature",
      "geometry": {
        "type": "Polygon",
        "coordinates": [
          [
            [
              5.381750434942975,
              43.34309086648795
            ],
            [
              5.3803178101135165,
              43.33836347560834
            ],
            [
              5.385109074749164,
              43.33535979760887
            ],
            [
              5.3913333262809475,
              43.33708338823308
            ],
            [
              5.3927666744744505,
              43.34181087653117
            ],
            [
              5.387975047789292,
              43.344814676804475
            ],
            [
              5.381750434942975,
              43.34309086648795
            ]
          ]
        ]
      },
      "properties": {
        "uuid": "3f1c0596-bd98-4f14-a2aa-4abbcad2d54e",
        "h3_index": "8839681559fffff",
        "city_code": "13055",
        "city_name": "Marseille",
        "latitude": 43.34008731884598,
        "longitude": 5.386541971729288,
        "manual_surge": 0,
        "available": true,
        "status": "active"
      }
    },
    {
      "type": "Feature",
      "geometry": {
        "type": "Polygon",
        "coordinates": [
          [
            [
              5.477055613273045,
              43.24380921689579
            ],
            [
              5.47561826705981,
              43.239077826975084
            ],
            [
              5.480403612470913,
              43.2360648235144
            ],
            [
              5.486626663030461,
              43.237783086852986
            ],
            [
              5.48806473074106,
              43.24251457330423
            ],
            [
              5.483279026412249,
              43.245527699904265
            ],
            [
              5.477055613273045,
              43.24380921689579
            ]
          ]
        ]
      },
      "properties": {
        "uuid": "cae6e53f-e6cc-4625-be4c-f7be902a4f11",
        "h3_index": "8839680707fffff",
        "city_code": "13055",
        "city_name": "Marseille",
        "latitude": 43.24079634295118,
        "longitude": 5.481841229743508,
        "manual_surge": 0,
        "available": true,
        "status": "active"
      }
    },
    {
      "type": "Feature",
      "geometry": {
        "type": "Polygon",
        "coordinates": [
          [
            [
              5.380415105459178,
              43.22573804123428
            ],
            [
              5.378984604280043,
              43.22100645648645
            ],
            [
              5.383769070679384,
              43.21799775150363
            ],
            [
              5.389984399329161,
              43.219720508822064
            ],
            [
              5.391415621822061,
              43.224452191397916
            ],
            [
              5.3866307943684895,
              43.22746101884513
            ],
            [
              5.380415105459178,
              43.22573804123428
            ]
          ]
        ]
      },
      "properties": {
        "uuid": "0b769ea9-498d-4e3c-b69c-03499956ee69",
        "h3_index": "883968001bfffff",
        "city_code": "13055",
        "city_name": "Marseille",
        "latitude": 43.22272946608446,
        "longitude": 5.385199843243263,
        "manual_surge": 0,
        "available": true,
        "status": "active"
      }
    },
    {
      "type": "Feature",
      "geometry": {
        "type": "Polygon",
        "coordinates": [
          [
            [
              5.3884671671755955,
              43.3276279219119
            ],
            [
              5.387034356200195,
              43.322899944018594
            ],
            [
              5.391824712332999,
              43.31989523963393
            ],
            [
              5.398048241212754,
              43.321618390811416
            ],
            [
              5.399481775272351,
              43.326346466089376
            ],
            [
              5.394691057385178,
              43.32935129282309
            ],
            [
              5.3884671671755955,
              43.3276279219119
            ]
          ]
        ]
      },
      "properties": {
        "uuid": "c813a041-466a-4a3c-b2ce-e7d5f1f5634e",
        "h3_index": "8839681557fffff",
        "city_code": "13055",
        "city_name": "Marseille",
        "latitude": 43.3246233477876,
        "longitude": 5.393257795326325,
        "manual_surge": 0,
        "available": true,
        "status": "active"
      }
    },
    {
      "type": "Feature",
      "geometry": {
        "type": "Polygon",
        "coordinates": [
          [
            [
              5.496696906615019,
              43.27090007653049
            ],
            [
              5.495257761713925,
              43.26616956625689
            ],
            [
              5.500044638126232,
              43.26315670505352
            ],
            [
              5.506271018142423,
              43.26487423090568
            ],
            [
              5.507710884985515,
              43.26960483736845
            ],
            [
              5.502923649888012,
              43.27261782180778
            ],
            [
              5.496696906615019,
              43.27090007653049
            ]
          ]
        ]
      },
      "properties": {
        "uuid": "781e8611-6786-4794-abe9-75c2f1c06971",
        "h3_index": "8839680753fffff",
        "city_code": "13055",
        "city_name": "Marseille",
        "latitude": 43.26788734488505,
        "longitude": 5.501484054173403,
        "manual_surge": 0,
        "available": true,
        "status": "active"
      }
    },
    {
      "type": "Feature",
      "geometry": {
        "type": "Polygon",
        "coordinates": [
          [
            [
              5.39665245462176,
              43.26057735173121
            ],
            [
              5.395220252680693,
              43.25584693353619
            ],
            [
              5.400006708854954,
              43.252838885306865
            ],
            [
              5.406225727961002,
              43.2545611327673
            ],
            [
              5.407658651802564,
              43.259291648466665
            ],
            [
              5.402871834654771,
              43.262299819219116
            ],
            [
              5.39665245462176,
              43.26057735173121
            ]
          ]
        ]
      },
      "properties": {
        "uuid": "760b6701-5983-4c9b-abbb-a6a96bf75091",
        "h3_index": "8839680281fffff",
        "city_code": "13055",
        "city_name": "Marseille",
        "latitude": 43.25756943342589,
        "longitude": 5.401439182335256,
        "manual_surge": 0,
        "available": true,
        "status": "active"
      }
    },
    {
      "type": "Feature",
      "geometry": {
        "type": "Polygon",
        "coordinates": [
          [
            [
              5.395710361132363,
              43.23864626764613
            ],
            [
              5.394278602692012,
              43.233915070875106
            ],
            [
              5.399063791075014,
              43.23090612091868
            ],
            [
              5.405281098719992,
              43.23262824519709
            ],
            [
              5.406713578679231,
              43.23735953955745
            ],
            [
              5.401928029491783,
              43.240368612067925
            ],
            [
              5.395710361132363,
              43.23864626764613
            ]
          ]
        ]
      },
      "properties": {
        "uuid": "69fa0fe8-0888-4542-8764-a78efdba8a15",
        "h3_index": "88396802a3fffff",
        "city_code": "13055",
        "city_name": "Marseille",
        "latitude": 43.23563744751818,
        "longitude": 5.4004958209149185,
        "manual_surge": 0,
        "available": true,
        "status": "active"
      }
    },
    {
      "type": "Feature",
      "geometry": {
        "type": "Polygon",
        "coordinates": [
          [
            [
              5.4344354962419965,
              43.36632710659694
            ],
            [
              5.43299890142699,
              43.36160030842174
            ],
            [
              5.4377914262020735,
              43.3585948692631
            ],
            [
              5.444020906809355,
              43.36031610567655
            ],
            [
              5.445458225324904,
              43.365043000518305
            ],
            [
              5.440665339550014,
              43.368048562297965
            ],
            [
              5.4344354962419965,
              43.36632710659694
            ]
          ]
        ]
      },
      "properties": {
        "uuid": "4f0fdacd-05d1-4563-84d0-332ecf70a49b",
        "h3_index": "883968140bfffff",
        "city_code": "13055",
        "city_name": "Marseille",
        "latitude": 43.36332179768301,
        "longitude": 5.439228293078719,
        "manual_surge": 0,
        "available": true,
        "status": "active"
      }
    },
    {
      "type": "Feature",
      "geometry": {
        "type": "Polygon",
        "coordinates": [
          [
            [
              5.416769788466914,
              43.21413449226075
            ],
            [
              5.415337031020096,
              43.20940232290246
            ],
            [
              5.420120766851368,
              43.206391203138004
            ],
            [
              5.426337620238277,
              43.20811212999894
            ],
            [
              5.427771098748478,
              43.212844396758136
            ],
            [
              5.422987002825609,
              43.21585563927333
            ],
            [
              5.416769788466914,
              43.21413449226075
            ]
          ]
        ]
      },
      "properties": {
        "uuid": "f2604b5e-7147-4dc1-a0c8-8969738a42bf",
        "h3_index": "8839680089fffff",
        "city_code": "13055",
        "city_name": "Marseille",
        "latitude": 43.211123502126334,
        "longitude": 5.421553795440516,
        "manual_surge": 0,
        "available": true,
        "status": "active"
      }
    },
    {
      "type": "Feature",
      "geometry": {
        "type": "Polygon",
        "coordinates": [
          [
            [
              5.354129046101855,
              43.21411157709212
            ],
            [
              5.352700522596708,
              43.209379703497895
            ],
            [
              5.357484357671386,
              43.20637187749734
            ],
            [
              5.363697077843036,
              43.20809580281694
            ],
            [
              5.365126322493006,
              43.212827774614276
            ],
            [
              5.360342125843485,
              43.215835722906704
            ],
            [
              5.354129046101855,
              43.21411157709212
            ]
          ]
        ]
      },
      "properties": {
        "uuid": "ad687399-786f-43bc-8db6-54ded4d22b86",
        "h3_index": "8839680003fffff",
        "city_code": "13055",
        "city_name": "Marseille",
        "latitude": 43.211103880980325,
        "longitude": 5.35891315260487,
        "manual_surge": 0,
        "available": true,
        "status": "active"
      }
    },
    {
      "type": "Feature",
      "geometry": {
        "type": "Polygon",
        "coordinates": [
          [
            [
              5.509111836995298,
              43.21797877916823
            ],
            [
              5.507672773756199,
              43.21324632101299
            ],
            [
              5.512456565253472,
              43.210230514009965
            ],
            [
              5.5186797779386305,
              43.2119470417627
            ],
            [
              5.520119562178567,
              43.216679596122994
            ],
            [
              5.515335412750102,
              43.2196955265434
            ],
            [
              5.509111836995298,
              43.21797877916823
            ]
          ]
        ]
      },
      "properties": {
        "uuid": "e826bb64-32e1-4e40-b320-cdb66150d66b",
        "h3_index": "8839680551fffff",
        "city_code": "13055",
        "city_name": "Marseille",
        "latitude": 43.21496310143133,
        "longitude": 5.513895899234473,
        "manual_surge": 0,
        "available": true,
        "status": "active"
      }
    },
    {
      "type": "Feature",
      "geometry": {
        "type": "Polygon",
        "coordinates": [
          [
            [
              5.370734734490011,
              43.34436968268907
            ],
            [
              5.369302833061408,
              43.33964238936441
            ],
            [
              5.37409418970342,
              43.33663934691053
            ],
            [
              5.3803178101135165,
              43.33836347560834
            ],
            [
              5.381750434942975,
              43.34309086648795
            ],
            [
              5.376958715978586,
              43.34609403113272
            ],
            [
              5.370734734490011,
              43.34436968268907
            ]
          ]
        ]
      },
      "properties": {
        "uuid": "31994095-a91d-4a9d-b97d-dd42aabf6058",
        "h3_index": "8839681737fffff",
        "city_code": "13055",
        "city_name": "Marseille",
        "latitude": 43.34136677064381,
        "longitude": 5.375526363341582,
        "manual_surge": 0,
        "available": true,
        "status": "active"
      }
    },
    {
      "type": "Feature",
      "geometry": {
        "type": "Polygon",
        "coordinates": [
          [
            [
              5.442102565647865,
              43.37277516304313
            ],
            [
              5.440665339550014,
              43.368048562297965
            ],
            [
              5.445458225324904,
              43.365043000518305
            ],
            [
              5.451688698088596,
              43.36676391683534
            ],
            [
              5.453126647989499,
              43.371490614127296
            ],
            [
              5.448333401341098,
              43.37449629857337
            ],
            [
              5.442102565647865,
              43.37277516304313
            ]
          ]
        ]
      },
      "properties": {
        "uuid": "97439ab1-2588-4490-8dac-83f85aa8527f",
        "h3_index": "8839681457fffff",
        "city_code": "13055",
        "city_name": "Marseille",
        "latitude": 43.36976973150553,
        "longitude": 5.446895723491535,
        "manual_surge": 0,
        "available": true,
        "status": "active"
      }
    },
    {
      "type": "Feature",
      "geometry": {
        "type": "Polygon",
        "coordinates": [
          [
            [
              5.3731573706832725,
              43.31472407407222
            ],
            [
              5.371725819518397,
              43.309995704791774
            ],
            [
              5.3765154517668465,
              43.30699124496948
            ],
            [
              5.38273699720201,
              43.30871503218696
            ],
            [
              5.384169271245163,
              43.31344349909118
            ],
            [
              5.379379276991984,
              43.316448081172055
            ],
            [
              5.3731573706832725,
              43.31472407407222
            ]
          ]
        ]
      },
      "properties": {
        "uuid": "83335d3e-db3f-4fc3-877a-5640ba5fe7b1",
        "h3_index": "8839681501fffff",
        "city_code": "13055",
        "city_name": "Marseille",
        "latitude": 43.31171974451533,
        "longitude": 5.377947274934731,
        "manual_surge": 0,
        "available": true,
        "status": "active"
      }
    },
    {
      "type": "Feature",
      "geometry": {
        "type": "Polygon",
        "coordinates": [
          [
            [
              5.464619163109777,
              43.29670792985028
            ],
            [
              5.463181737932955,
              43.29197849044973
            ],
            [
              5.46797016904036,
              43.28896843589109
            ],
            [
              5.474196385015471,
              43.29068769779267
            ],
            [
              5.475634532631224,
              43.295417233707205
            ],
            [
              5.470845741850409,
              43.2984274112241
            ],
            [
              5.464619163109777,
              43.29670792985028
            ]
          ]
        ]
      },
      "properties": {
        "uuid": "19763961-0248-4413-a184-9654b8ef6925",
        "h3_index": "88396815b9fffff",
        "city_code": "13055",
        "city_name": "Marseille",
        "latitude": 43.29369800509872,
        "longitude": 5.469407865681153,
        "manual_surge": 0,
        "available": true,
        "status": "active"
      }
    },
    {
      "type": "Feature",
      "geometry": {
        "type": "Polygon",
        "coordinates": [
          [
            [
              5.440191565673753,
              43.32894444340093
            ],
            [
              5.438755231993185,
              43.32421627330772
            ],
            [
              5.44354557630604,
              43.321208904501546
            ],
            [
              5.44977261485285,
              43.322929583081034
            ],
            [
              5.4512096715706875,
              43.327657849892965
            ],
            [
              5.446418966721865,
              43.33066534142462
            ],
            [
              5.440191565673753,
              43.32894444340093
            ]
          ]
        ]
      },
      "properties": {
        "uuid": "cf618c92-13e5-4e9c-8981-6bfda54df193",
        "h3_index": "88396815cbfffff",
        "city_code": "13055",
        "city_name": "Marseille",
        "latitude": 43.32593720464787,
        "longitude": 5.444982181775367,
        "manual_surge": 0,
        "available": true,
        "status": "active"
      }
    },
    {
      "type": "Feature",
      "geometry": {
        "type": "Polygon",
        "coordinates": [
          [
            [
              5.471781674376197,
              43.20767229838864
            ],
            [
              5.470345311987666,
              43.20293964339247
            ],
            [
              5.4751285778164895,
              43.19992535187021
            ],
            [
              5.481348564781027,
              43.201643592198444
            ],
            [
              5.482785648044517,
              43.206376343912055
            ],
            [
              5.478002023485956,
              43.20939075859786
            ],
            [
              5.471781674376197,
              43.20767229838864
            ]
          ]
        ]
      },
      "properties": {
        "uuid": "5a70c936-057b-4479-840e-a621bbd05990",
        "h3_index": "8839680545fffff",
        "city_code": "13055",
        "city_name": "Marseille",
        "latitude": 43.20465813623971,
        "longitude": 5.476565211052072,
        "manual_surge": 0,
        "available": true,
        "status": "active"
      }
    },
    {
      "type": "Feature",
      "geometry": {
        "type": "Polygon",
        "coordinates": [
          [
            [
              5.301899114952514,
              43.286283588505505
            ],
            [
              5.30047287740271,
              43.281554540291076
            ],
            [
              5.3052609675322415,
              43.278552595515144
            ],
            [
              5.311475658671284,
              43.28027957718841
            ],
            [
              5.312902618691003,
              43.28500872403321
            ],
            [
              5.3081141651185835,
              43.28801079059222
            ],
            [
              5.301899114952514,
              43.286283588505505
            ]
          ]
        ]
      },
      "properties": {
        "uuid": "d055abb5-81a3-403e-b754-ff41d330674e",
        "h3_index": "8839680241fffff",
        "city_code": "13055",
        "city_name": "Marseille",
        "latitude": 43.28328177416069,
        "longitude": 5.306687477222194,
        "manual_surge": 0,
        "available": true,
        "status": "active"
      }
    },
    {
      "type": "Feature",
      "geometry": {
        "type": "Polygon",
        "coordinates": [
          [
            [
              5.494317767921908,
              43.300573202368795
            ],
            [
              5.49287826714899,
              43.295843766738635
            ],
            [
              5.497666866880947,
              43.29283231849511
            ],
            [
              5.503895326402928,
              43.294550182731484
            ],
            [
              5.505335549639841,
              43.29927971448256
            ],
            [
              5.500546590908385,
              43.30229128589429
            ],
            [
              5.494317767921908,
              43.300573202368795
            ]
          ]
        ]
      },
      "properties": {
        "uuid": "260a53ad-26ef-40e9-81d7-2f8d535369f6",
        "h3_index": "8839680669fffff",
        "city_code": "13055",
        "city_name": "Marseille",
        "latitude": 43.297561883827335,
        "longitude": 5.499106639005744,
        "manual_surge": 0,
        "available": true,
        "status": "active"
      }
    },
    {
      "type": "Feature",
      "geometry": {
        "type": "Polygon",
        "coordinates": [
          [
            [
              5.372221055281861,
              43.29280476964678
            ],
            [
              5.370789947354073,
              43.288075619194096
            ],
            [
              5.3755783100607,
              43.28507025585911
            ],
            [
              5.381798142547086,
              43.28679392070581
            ],
            [
              5.3832299729707405,
              43.29152316886781
            ],
            [
              5.378441248429235,
              43.29452865449166
            ],
            [
              5.372221055281861,
              43.29280476964678
            ]
          ]
        ]
      },
      "properties": {
        "uuid": "c9358ef8-4afb-443e-9078-bc98fb0d7a3f",
        "h3_index": "8839681523fffff",
        "city_code": "13055",
        "city_name": "Marseille",
        "latitude": 43.28979953648229,
        "longitude": 5.3770096898514534,
        "manual_surge": 0,
        "available": true,
        "status": "active"
      }
    },
    {
      "type": "Feature",
      "geometry": {
        "type": "Polygon",
        "coordinates": [
          [
            [
              5.3779975543956695,
              43.25540824069117
            ],
            [
              5.376566703355504,
              43.25067772569556
            ],
            [
              5.381352890483884,
              43.2476704346056
            ],
            [
              5.387570290040232,
              43.24939353613383
            ],
            [
              5.389001862915103,
              43.25412414888978
            ],
            [
              5.384215314416048,
              43.257131562375044
            ],
            [
              5.3779975543956695,
              43.25540824069117
            ]
          ]
        ]
      },
      "properties": {
        "uuid": "e2a7e914-25de-4069-be5b-ac50e6822a38",
        "h3_index": "88396802e3fffff",
        "city_code": "13055",
        "city_name": "Marseille",
        "latitude": 43.25240107957884,
        "longitude": 5.3827840131146765,
        "manual_surge": 0,
        "available": true,
        "status": "active"
      }
    },
    {
      "type": "Feature",
      "geometry": {
        "type": "Polygon",
        "coordinates": [
          [
            [
              5.403360416837287,
              43.245099614502784
            ],
            [
              5.401928029491783,
              43.240368612067925
            ],
            [
              5.406713578679231,
              43.23735953955745
            ],
            [
              5.412931875908777,
              43.23908134690085
            ],
            [
              5.414364984875654,
              43.243812446805705
            ],
            [
              5.409579075008834,
              43.246821641915055
            ],
            [
              5.403360416837287,
              43.245099614502784
            ]
          ]
        ]
      },
      "properties": {
        "uuid": "75899967-364d-447f-8966-d6a4e0a0fff3",
        "h3_index": "88396802bdfffff",
        "city_code": "13055",
        "city_name": "Marseille",
        "latitude": 43.24209067181852,
        "longitude": 5.4081462374316365,
        "manual_surge": 0,
        "available": true,
        "status": "active"
      }
    },
    {
      "type": "Feature",
      "geometry": {
        "type": "Polygon",
        "coordinates": [
          [
            [
              5.3431323090030185,
              43.215394209338605
            ],
            [
              5.341704506678922,
              43.21066243408399
            ],
            [
              5.346488432544252,
              43.2076552422592
            ],
            [
              5.352700522596708,
              43.209379703497895
            ],
            [
              5.354129046101855,
              43.21411157709212
            ],
            [
              5.349344758390452,
              43.21711889112585
            ],
            [
              5.3431323090030185,
              43.215394209338605
            ]
          ]
        ]
      },
      "properties": {
        "uuid": "d9ce1590-8bf6-486d-bede-d39dec569aad",
        "h3_index": "8839680001fffff",
        "city_code": "13055",
        "city_name": "Marseille",
        "latitude": 43.21238714745381,
        "longitude": 5.347916506355111,
        "manual_surge": 0,
        "available": true,
        "status": "active"
      }
    },
    {
      "type": "Feature",
      "geometry": {
        "type": "Polygon",
        "coordinates": [
          [
            [
              5.453126647989499,
              43.371490614127296
            ],
            [
              5.451688698088596,
              43.36676391683534
            ],
            [
              5.456481489382529,
              43.363757719059016
            ],
            [
              5.462712591194366,
              43.36547809584348
            ],
            [
              5.464151264860388,
              43.37020488954562
            ],
            [
              5.459358112966929,
              43.373211210071034
            ],
            [
              5.453126647989499,
              43.371490614127296
            ]
          ]
        ]
      },
      "properties": {
        "uuid": "32f859c1-39da-498d-987f-d7893253b3a3",
        "h3_index": "8839681419fffff",
        "city_code": "13055",
        "city_name": "Marseille",
        "latitude": 43.36848454654188,
        "longitude": 5.457919711292799,
        "manual_surge": 0,
        "available": true,
        "status": "active"
      }
    },
    {
      "type": "Feature",
      "geometry": {
        "type": "Polygon",
        "coordinates": [
          [
            [
              5.4315762542668935,
              43.30057297434098
            ],
            [
              5.430140996634344,
              43.295843825302384
            ],
            [
              5.434929710729219,
              43.29283567650056
            ],
            [
              5.441154042967205,
              43.29455655404485
            ],
            [
              5.442590023152261,
              43.29928580000741
            ],
            [
              5.437800948564148,
              43.30229407151961
            ],
            [
              5.4315762542668935,
              43.30057297434098
            ]
          ]
        ]
      },
      "properties": {
        "uuid": "47995ad9-c6e9-4f80-9972-d70a471cbd50",
        "h3_index": "88396815e3fffff",
        "city_code": "13055",
        "city_name": "Marseille",
        "latitude": 43.29756495549992,
        "longitude": 5.436365240003504,
        "manual_surge": 0,
        "available": true,
        "status": "active"
      }
    },
    {
      "type": "Feature",
      "geometry": {
        "type": "Polygon",
        "coordinates": [
          [
            [
              5.479950053114194,
              43.309604862399766
            ],
            [
              5.478511366648742,
              43.3048758160758
            ],
            [
              5.483300516976528,
              43.30186551555567
            ],
            [
              5.489528713207807,
              43.303584138329136
            ],
            [
              5.490968122315959,
              43.30831328092781
            ],
            [
              5.486178612567676,
              43.3113237044962
            ],
            [
              5.479950053114194,
              43.309604862399766
            ]
          ]
        ]
      },
      "properties": {
        "uuid": "be588c73-8e39-48f2-add1-3790ede3113f",
        "h3_index": "8839681591fffff",
        "city_code": "13055",
        "city_name": "Marseille",
        "latitude": 43.3065946916817,
        "longitude": 5.48473947491978,
        "manual_surge": 0,
        "available": true,
        "status": "active"
      }
    },
    {
      "type": "Feature",
      "geometry": {
        "type": "Polygon",
        "coordinates": [
          [
            [
              5.501450185820988,
              43.21152925495996
            ],
            [
              5.500011752242511,
              43.2067966016191
            ],
            [
              5.504795185682012,
              43.20378091798894
            ],
            [
              5.511017410775353,
              43.205497764344635
            ],
            [
              5.512456565253472,
              43.210230514009965
            ],
            [
              5.507672773756199,
              43.21324632101299
            ],
            [
              5.501450185820988,
              43.21152925495996
            ]
          ]
        ]
      },
      "properties": {
        "uuid": "745b03cd-3877-4405-afc6-e9c77dd2fc0a",
        "h3_index": "8839680555fffff",
        "city_code": "13055",
        "city_name": "Marseille",
        "latitude": 43.20851370059812,
        "longitude": 5.506233889995715,
        "manual_surge": 0,
        "available": true,
        "status": "active"
      }
    },
    {
      "type": "Feature",
      "geometry": {
        "type": "Polygon",
        "coordinates": [
          [
            [
              5.4229673962875475,
              43.27219563745915
            ],
            [
              5.421533213559066,
              43.26746551181585
            ],
            [
              5.426320298317636,
              43.264456583573825
            ],
            [
              5.432541926272261,
              43.26617765829725
            ],
            [
              5.433976831068883,
              43.27090788106941
            ],
            [
              5.4291893858600515,
              43.2739169320072
            ],
            [
              5.4229673962875475,
              43.27219563745915
            ]
          ]
        ]
      },
      "properties": {
        "uuid": "f7b89ba3-6b1c-4e56-9354-b7f9c966e0c2",
        "h3_index": "8839680299fffff",
        "city_code": "13055",
        "city_name": "Marseille",
        "latitude": 43.269186839085165,
        "longitude": 5.427754752540934,
        "manual_surge": 0,
        "available": true,
        "status": "active"
      }
    },
    {
      "type": "Feature",
      "geometry": {
        "type": "Polygon",
        "coordinates": [
          [
            [
              5.468932515791912,
              43.310895269205986
            ],
            [
              5.4674945520074445,
              43.30616631929345
            ],
            [
              5.472283797579998,
              43.303156654202255
            ],
            [
              5.478511366648742,
              43.3048758160758
            ],
            [
              5.479950053114194,
              43.309604862399766
            ],
            [
              5.4751604478474345,
              43.31261465045668
            ],
            [
              5.468932515791912,
              43.310895269205986
            ]
          ]
        ]
      },
      "properties": {
        "uuid": "c87e29f3-b3e3-443f-8839-1e424579e631",
        "h3_index": "883968159dfffff",
        "city_code": "13055",
        "city_name": "Marseille",
        "latitude": 43.307885733968114,
        "longitude": 5.4737220329017315,
        "manual_surge": 0,
        "available": true,
        "status": "active"
      }
    },
    {
      "type": "Feature",
      "geometry": {
        "type": "Polygon",
        "coordinates": [
          [
            [
              5.374641671969068,
              43.26314524222101
            ],
            [
              5.37321091393967,
              43.2584150194444
            ],
            [
              5.3779975543956695,
              43.25540824069117
            ],
            [
              5.384215314416048,
              43.257131562375044
            ],
            [
              5.385646794419661,
              43.26186188292912
            ],
            [
              5.380859792445795,
              43.26486878403972
            ],
            [
              5.374641671969068,
              43.26314524222101
            ]
          ]
        ]
      },
      "properties": {
        "uuid": "d769a943-e415-451d-96dc-ff7504e2a731",
        "h3_index": "88396802ebfffff",
        "city_code": "13055",
        "city_name": "Marseille",
        "latitude": 43.260138593494275,
        "longitude": 5.379428584081876,
        "manual_surge": 0,
        "available": true,
        "status": "active"
      }
    },
    {
      "type": "Feature",
      "geometry": {
        "type": "Polygon",
        "coordinates": [
          [
            [
              5.439726444146561,
              43.23349232449779
            ],
            [
              5.438291799853655,
              43.22876073818898
            ],
            [
              5.443076615583683,
              43.22574925003829
            ],
            [
              5.449296435339189,
              43.22746922532941
            ],
            [
              5.450731801001721,
              43.23220090868105
            ],
            [
              5.445946625556458,
              43.23521251971658
            ],
            [
              5.439726444146561,
              43.23349232449779
            ]
          ]
        ]
      },
      "properties": {
        "uuid": "f4ce1beb-03f0-49c8-9160-fae1e1f26162",
        "h3_index": "88396800dbfffff",
        "city_code": "13055",
        "city_name": "Marseille",
        "latitude": 43.23048096597038,
        "longitude": 5.444511531040367,
        "manual_surge": 0,
        "available": true,
        "status": "active"
      }
    },
    {
      "type": "Feature",
      "geometry": {
        "type": "Polygon",
        "coordinates": [
          [
            [
              5.366059802481692,
              43.23476147374275
            ],
            [
              5.364630115706363,
              43.23003027869453
            ],
            [
              5.369415126737139,
              43.22702272010844
            ],
            [
              5.375630186033267,
              43.228746234244944
            ],
            [
              5.377060594298346,
              43.233477527274985
            ],
            [
              5.372275221794592,
              43.236485208204556
            ],
            [
              5.366059802481692,
              43.23476147374275
            ]
          ]
        ]
      },
      "properties": {
        "uuid": "04276ffa-c255-4e99-b66d-1cca44f8a9c1",
        "h3_index": "8839680053fffff",
        "city_code": "13055",
        "city_name": "Marseille",
        "latitude": 43.23175404508994,
        "longitude": 5.370845085021963,
        "manual_surge": 0,
        "available": true,
        "status": "active"
      }
    },
    {
      "type": "Feature",
      "geometry": {
        "type": "Polygon",
        "coordinates": [
          [
            [
              5.503391823499744,
              43.25541252936539
            ],
            [
              5.5019524956364885,
              43.250681434418176
            ],
            [
              5.506738462846327,
              43.24766754970498
            ],
            [
              5.512964116328444,
              43.249384636645736
            ],
            [
              5.514404165853561,
              43.254115827747675
            ],
            [
              5.509617840252304,
              43.25712983577205
            ],
            [
              5.503391823499744,
              43.25541252936539
            ]
          ]
        ]
      },
      "properties": {
        "uuid": "1b48c0a3-a4cc-4fc8-9b23-11a3d3c9de82",
        "h3_index": "8839680711fffff",
        "city_code": "13055",
        "city_name": "Marseille",
        "latitude": 43.252398774112244,
        "longitude": 5.508178061723072,
        "manual_surge": 0,
        "available": true,
        "status": "active"
      }
    },
    {
      "type": "Feature",
      "geometry": {
        "type": "Polygon",
        "coordinates": [
          [
            [
              5.415312214199795,
              43.26574389935361
            ],
            [
              5.413878661006322,
              43.261013578566356
            ],
            [
              5.418665385189065,
              43.25800477297515
            ],
            [
              5.424886023158357,
              43.259726165538254
            ],
            [
              5.426320298317636,
              43.264456583573825
            ],
            [
              5.421533213559066,
              43.26746551181585
            ],
            [
              5.415312214199795,
              43.26574389935361
            ]
          ]
        ]
      },
      "properties": {
        "uuid": "7bf42402-669b-47c5-854a-3355e26d9fdc",
        "h3_index": "883968029dfffff",
        "city_code": "13055",
        "city_name": "Marseille",
        "latitude": 43.2627352236328,
        "longitude": 5.4200992098701475,
        "manual_surge": 0,
        "available": true,
        "status": "active"
      }
    },
    {
      "type": "Feature",
      "geometry": {
        "type": "Polygon",
        "coordinates": [
          [
            [
              5.471320628410953,
              43.28122813682836
            ],
            [
              5.46988301935855,
              43.276498111908744
            ],
            [
              5.474670541332314,
              43.273487032900285
            ],
            [
              5.480896031755217,
              43.27520585579592
            ],
            [
              5.482334362966438,
              43.27993597719531
            ],
            [
              5.4775464816134605,
              43.28294717923721
            ],
            [
              5.471320628410953,
              43.28122813682836
            ]
          ]
        ]
      },
      "properties": {
        "uuid": "ec1a0212-6f53-4bb0-ae0f-e63c76d7e268",
        "h3_index": "88396815b7fffff",
        "city_code": "13055",
        "city_name": "Marseille",
        "latitude": 43.278217187529314,
        "longitude": 5.4761084217160345,
        "manual_surge": 0,
        "available": true,
        "status": "active"
      }
    },
    {
      "type": "Feature",
      "geometry": {
        "type": "Polygon",
        "coordinates": [
          [
            [
              5.453604326358312,
              43.29799745189715
            ],
            [
              5.452167623658442,
              43.293268109147256
            ],
            [
              5.456956149463631,
              43.29025868985243
            ],
            [
              5.463181737932955,
              43.29197849044973
            ],
            [
              5.464619163109777,
              43.29670792985028
            ],
            [
              5.459830277357774,
              43.29971747202078
            ],
            [
              5.453604326358312,
              43.29799745189715
            ]
          ]
        ]
      },
      "properties": {
        "uuid": "8018bb3b-02cd-49c8-8750-1750ff4d225c",
        "h3_index": "8839681587fffff",
        "city_code": "13055",
        "city_name": "Marseille",
        "latitude": 43.29498816246062,
        "longitude": 5.458393123686801,
        "manual_surge": 0,
        "available": true,
        "status": "active"
      }
    },
    {
      "type": "Feature",
      "geometry": {
        "type": "Polygon",
        "coordinates": [
          [
            [
              5.418665385189065,
              43.25800477297515
            ],
            [
              5.417231739484089,
              43.253274159908
            ],
            [
              5.422018009905022,
              43.2502648421549
            ],
            [
              5.428238286476903,
              43.25198601479821
            ],
            [
              5.429672654008001,
              43.25671672509653
            ],
            [
              5.424886023158357,
              43.259726165538254
            ],
            [
              5.418665385189065,
              43.25800477297515
            ]
          ]
        ]
      },
      "properties": {
        "uuid": "e33c387e-dc41-4972-a881-5058ff4a314b",
        "h3_index": "8839680295fffff",
        "city_code": "13055",
        "city_name": "Marseille",
        "latitude": 43.25499558504357,
        "longitude": 5.423451927031395,
        "manual_surge": 0,
        "available": true,
        "status": "active"
      }
    },
    {
      "type": "Feature",
      "geometry": {
        "type": "Polygon",
        "coordinates": [
          [
            [
              5.389001862915103,
              43.25412414888978
            ],
            [
              5.387570290040232,
              43.24939353613383
            ],
            [
              5.3923563851158685,
              43.24638561038266
            ],
            [
              5.398574414182166,
              43.24810817492714
            ],
            [
              5.400006708854954,
              43.252838885306865
            ],
            [
              5.395220252680693,
              43.25584693353619
            ],
            [
              5.389001862915103,
              43.25412414888978
            ]
          ]
        ]
      },
      "properties": {
        "uuid": "c1cae127-6d53-4bd4-a519-dc00e8165544",
        "h3_index": "8839680285fffff",
        "city_code": "13055",
        "city_name": "Marseille",
        "latitude": 43.25111635306498,
        "longitude": 5.393788229522638,
        "manual_surge": 0,
        "available": true,
        "status": "active"
      }
    },
    {
      "type": "Feature",
      "geometry": {
        "type": "Polygon",
        "coordinates": [
          [
            [
              5.498637348888907,
              43.314760529315016
            ],
            [
              5.4971973087600166,
              43.31003158372203
            ],
            [
              5.5019867226207495,
              43.307020524630936
            ],
            [
              5.5082165356478,
              43.30873828797502
            ],
            [
              5.509657298482589,
              43.313467329586295
            ],
            [
              5.504867525602058,
              43.31647851185314
            ],
            [
              5.498637348888907,
              43.314760529315016
            ]
          ]
        ]
      },
      "properties": {
        "uuid": "b17be07f-c5dd-4167-a690-70a3dadfdd91",
        "h3_index": "883968064dfffff",
        "city_code": "13055",
        "city_name": "Marseille",
        "latitude": 43.31174959997223,
        "longitude": 5.503427034174684,
        "manual_surge": 0,
        "available": true,
        "status": "active"
      }
    },
    {
      "type": "Feature",
      "geometry": {
        "type": "Polygon",
        "coordinates": [
          [
            [
              5.43923683644293,
              43.30702302449462
            ],
            [
              5.437800948564148,
              43.30229407151961
            ],
            [
              5.442590023152261,
              43.29928580000741
            ],
            [
              5.44881534600389,
              43.30100635873269
            ],
            [
              5.450251956537481,
              43.30573540851208
            ],
            [
              5.445462521582037,
              43.30874380277971
            ],
            [
              5.43923683644293,
              43.30702302449462
            ]
          ]
        ]
      },
      "properties": {
        "uuid": "79d29070-3e62-4d82-a3c3-9da7727ff526",
        "h3_index": "883968158dfffff",
        "city_code": "13055",
        "city_name": "Marseille",
        "latitude": 43.30401488294072,
        "longitude": 5.444026182679944,
        "manual_surge": 0,
        "available": true,
        "status": "active"
      }
    },
    {
      "type": "Feature",
      "geometry": {
        "type": "Polygon",
        "coordinates": [
          [
            [
              5.406194687169903,
              43.31087882967366
            ],
            [
              5.404760967480871,
              43.30615016793142
            ],
            [
              5.409550322557899,
              43.30314380231856
            ],
            [
              5.4157737585277985,
              43.30486597595864
            ],
            [
              5.417208200984111,
              43.30959473491506
            ],
            [
              5.4124184847205195,
              43.312601223035124
            ],
            [
              5.406194687169903,
              43.31087882967366
            ]
          ]
        ]
      },
      "properties": {
        "uuid": "3005988b-5487-4e21-bd5b-bf1b1b1f5103",
        "h3_index": "8839681517fffff",
        "city_code": "13055",
        "city_name": "Marseille",
        "latitude": 43.30787259417269,
        "longitude": 5.410984314073215,
        "manual_surge": 0,
        "available": true,
        "status": "active"
      }
    },
    {
      "type": "Feature",
      "geometry": {
        "type": "Polygon",
        "coordinates": [
          [
            [
              5.435423048245893,
              43.21929707922777
            ],
            [
              5.433988940867633,
              43.21456500670578
            ],
            [
              5.438772943252763,
              43.211553129778736
            ],
            [
              5.444991412727446,
              43.2132732025135
            ],
            [
              5.44642624123376,
              43.2180053721804
            ],
            [
              5.441641879154647,
              43.221017371985496
            ],
            [
              5.435423048245893,
              43.21929707922777
            ]
          ]
        ]
      },
      "properties": {
        "uuid": "1cb823f9-e3ba-438c-b541-95031dd81925",
        "h3_index": "88396800d7fffff",
        "city_code": "13055",
        "city_name": "Marseille",
        "latitude": 43.21628533187723,
        "longitude": 5.440207321721576,
        "manual_surge": 0,
        "available": true,
        "status": "active"
      }
    },
    {
      "type": "Feature",
      "geometry": {
        "type": "Polygon",
        "coordinates": [
          [
            [
              5.3985381612835965,
              43.304427456283484
            ],
            [
              5.397105071533147,
              43.299698598836365
            ],
            [
              5.401894065298142,
              43.29669235568556
            ],
            [
              5.4081165101428414,
              43.298414847537714
            ],
            [
              5.409550322557899,
              43.30314380231856
            ],
            [
              5.404760967480871,
              43.30615016793142
            ],
            [
              5.3985381612835965,
              43.304427456283484
            ]
          ]
        ]
      },
      "properties": {
        "uuid": "260f1c0c-e529-4541-9771-c3969c71d66f",
        "h3_index": "883968153bfffff",
        "city_code": "13055",
        "city_name": "Marseille",
        "latitude": 43.30142134324706,
        "longitude": 5.403327426867525,
        "manual_surge": 0,
        "available": true,
        "status": "active"
      }
    },
    {
      "type": "Feature",
      "geometry": {
        "type": "Polygon",
        "coordinates": [
          [
            [
              5.459347757513238,
              43.26058759956329
            ],
            [
              5.457911316681635,
              43.25585689060256
            ],
            [
              5.462697665323345,
              43.25284554554016
            ],
            [
              5.468920814298705,
              43.25456478647501
            ],
            [
              5.470357976945505,
              43.25929559213745
            ],
            [
              5.465571268819191,
              43.26230706018122
            ],
            [
              5.459347757513238,
              43.26058759956329
            ]
          ]
        ]
      },
      "properties": {
        "uuid": "5d9702f5-e0d0-432c-a1a0-c0daa8792847",
        "h3_index": "8839680747fffff",
        "city_code": "13055",
        "city_name": "Marseille",
        "latitude": 43.257576384166214,
        "longitude": 5.464134377406083,
        "manual_surge": 0,
        "available": true,
        "status": "active"
      }
    },
    {
      "type": "Feature",
      "geometry": {
        "type": "Polygon",
        "coordinates": [
          [
            [
              5.413418264383654,
              43.221876978197585
            ],
            [
              5.411985599373767,
              43.21714510037544
            ],
            [
              5.416769788466914,
              43.21413449226075
            ],
            [
              5.422987002825609,
              43.21585563927333
            ],
            [
              5.424420389038327,
              43.2205876145137
            ],
            [
              5.4196358397067375,
              43.223598345341124
            ],
            [
              5.413418264383654,
              43.221876978197585
            ]
          ]
        ]
      },
      "properties": {
        "uuid": "e2a1eca0-7bf9-42bf-9b70-1f64ca6f2070",
        "h3_index": "88396800c3fffff",
        "city_code": "13055",
        "city_name": "Marseille",
        "latitude": 43.21886649976204,
        "longitude": 5.418202724685223,
        "manual_surge": 0,
        "available": true,
        "status": "active"
      }
    },
    {
      "type": "Feature",
      "geometry": {
        "type": "Polygon",
        "coordinates": [
          [
            [
              5.355059549408299,
              43.23604424928444
            ],
            [
              5.35363058415914,
              43.231313152354545
            ],
            [
              5.358415686427383,
              43.228306228180934
            ],
            [
              5.364630115706363,
              43.23003027869453
            ],
            [
              5.366059802481692,
              43.23476147374275
            ],
            [
              5.361274338468869,
              43.23776852017688
            ],
            [
              5.355059549408299,
              43.23604424928444
            ]
          ]
        ]
      },
      "properties": {
        "uuid": "eb9be94f-162e-47b9-a36c-99a5f8984a3e",
        "h3_index": "8839680051fffff",
        "city_code": "13055",
        "city_name": "Marseille",
        "latitude": 43.23303745509535,
        "longitude": 5.359844923244588,
        "manual_surge": 0,
        "available": true,
        "status": "active"
      }
    },
    {
      "type": "Feature",
      "geometry": {
        "type": "Polygon",
        "coordinates": [
          [
            [
              5.493790152070994,
              43.20507921716485
            ],
            [
              5.492352347970762,
              43.20034636887055
            ],
            [
              5.497135423226134,
              43.197330808568715
            ],
            [
              5.503356660783404,
              43.199047973250735
            ],
            [
              5.504795185682012,
              43.20378091798894
            ],
            [
              5.500011752242511,
              43.2067966016191
            ],
            [
              5.493790152070994,
              43.20507921716485
            ]
          ]
        ]
      },
      "properties": {
        "uuid": "0fb25c01-d830-4597-9562-f3a321ea32ae",
        "h3_index": "8839680509fffff",
        "city_code": "13055",
        "city_name": "Marseille",
        "latitude": 43.2020637861336,
        "longitude": 5.498573498054805,
        "manual_surge": 0,
        "available": true,
        "status": "active"
      }
    },
    {
      "type": "Feature",
      "geometry": {
        "type": "Polygon",
        "coordinates": [
          [
            [
              5.447381899163621,
              43.23994391121168
            ],
            [
              5.445946625556458,
              43.23521251971658
            ],
            [
              5.450731801001721,
              43.23220090868105
            ],
            [
              5.456952609661087,
              43.23392056622891
            ],
            [
              5.4583886047398344,
              43.23865205464743
            ],
            [
              5.453603069705054,
              43.24166378861256
            ],
            [
              5.447381899163621,
              43.23994391121168
            ]
          ]
        ]
      },
      "properties": {
        "uuid": "9de8dfaa-2d79-4c2d-a4f1-77e7274c2014",
        "h3_index": "8839680767fffff",
        "city_code": "13055",
        "city_name": "Marseille",
        "latitude": 43.23693242979717,
        "longitude": 5.452167345779783,
        "manual_surge": 0,
        "available": true,
        "status": "active"
      }
    },
    {
      "type": "Feature",
      "geometry": {
        "type": "Polygon",
        "coordinates": [
          [
            [
              5.483300516976528,
              43.30186551555567
            ],
            [
              5.481861738706125,
              43.29713617618315
            ],
            [
              5.486650434146903,
              43.29412536330855
            ],
            [
              5.49287826714899,
              43.295843766738635
            ],
            [
              5.494317767921908,
              43.300573202368795
            ],
            [
              5.489528713207807,
              43.303584138329136
            ],
            [
              5.483300516976528,
              43.30186551555567
            ]
          ]
        ]
      },
      "properties": {
        "uuid": "d00839e1-f7e0-494f-9e1f-0a69aa9b44b5",
        "h3_index": "8839681597fffff",
        "city_code": "13055",
        "city_name": "Marseille",
        "latitude": 43.29885483243438,
        "longitude": 5.488089483828752,
        "manual_surge": 0,
        "available": true,
        "status": "active"
      }
    },
    {
      "type": "Feature",
      "geometry": {
        "type": "Polygon",
        "coordinates": [
          [
            [
              5.388061924086716,
              43.232192409720454
            ],
            [
              5.3866307943684895,
              43.22746101884513
            ],
            [
              5.391415621822061,
              43.224452191397916
            ],
            [
              5.3976319399404264,
              43.22617463233466
            ],
            [
              5.399063791075014,
              43.23090612091868
            ],
            [
              5.394278602692012,
              43.233915070875106
            ],
            [
              5.388061924086716,
              43.232192409720454
            ]
          ]
        ]
      },
      "properties": {
        "uuid": "b972383a-e367-43ec-9d8a-586d0d3f3da9",
        "h3_index": "88396802a7fffff",
        "city_code": "13055",
        "city_name": "Marseille",
        "latitude": 43.22918371210398,
        "longitude": 5.392847022932467,
        "manual_surge": 0,
        "available": true,
        "status": "active"
      }
    },
    {
      "type": "Feature",
      "geometry": {
        "type": "Polygon",
        "coordinates": [
          [
            [
              5.3727699050084174,
              43.21928316269606
            ],
            [
              5.371340032185368,
              43.214551384307576
            ],
            [
              5.37612413740577,
              43.21154280174434
            ],
            [
              5.382338476645193,
              43.21326587516785
            ],
            [
              5.383769070679384,
              43.21799775150363
            ],
            [
              5.378984604280043,
              43.22100645648645
            ],
            [
              5.3727699050084174,
              43.21928316269606
            ]
          ]
        ]
      },
      "properties": {
        "uuid": "134c64b2-d703-4de5-8d1f-6b12bf473aeb",
        "h3_index": "8839680011fffff",
        "city_code": "13055",
        "city_name": "Marseille",
        "latitude": 43.2162747099681,
        "longitude": 5.377554281606124,
        "manual_surge": 0,
        "available": true,
        "status": "active"
      }
    },
    {
      "type": "Feature",
      "geometry": {
        "type": "Polygon",
        "coordinates": [
          [
            [
              5.440680457485881,
              43.25542750467089
            ],
            [
              5.439245368166115,
              43.25069669727805
            ],
            [
              5.444031451361869,
              43.247686109954564
            ],
            [
              5.45025298377815,
              43.24940620718787
            ],
            [
              5.451688794848976,
              43.254137111538576
            ],
            [
              5.446902351769809,
              43.257147821716
            ],
            [
              5.440680457485881,
              43.25542750467089
            ]
          ]
        ]
      },
      "properties": {
        "uuid": "864db303-d12a-437d-8420-b2541a1e0ff0",
        "h3_index": "8839680769fffff",
        "city_code": "13055",
        "city_name": "Marseille",
        "latitude": 43.25241704706639,
        "longitude": 5.44546681198491,
        "manual_surge": 0,
        "available": true,
        "status": "active"
      }
    },
    {
      "type": "Feature",
      "geometry": {
        "type": "Polygon",
        "coordinates": [
          [
            [
              5.478019907915281,
              43.265745124345244
            ],
            [
              5.47658211522299,
              43.26101451442421
            ],
            [
              5.481368728270582,
              43.25800241140174
            ],
            [
              5.487593493113132,
              43.259720795209496
            ],
            [
              5.489032007684256,
              43.26445150157599
            ],
            [
              5.4842450355515,
              43.26746372770717
            ],
            [
              5.478019907915281,
              43.265745124345244
            ]
          ]
        ]
      },
      "properties": {
        "uuid": "8e303a8b-aebb-4f17-95e4-b42144d91a64",
        "h3_index": "8839680755fffff",
        "city_code": "13055",
        "city_name": "Marseille",
        "latitude": 43.26273315093441,
        "longitude": 5.48280679216158,
        "manual_surge": 0,
        "available": true,
        "status": "active"
      }
    },
    {
      "type": "Feature",
      "geometry": {
        "type": "Polygon",
        "coordinates": [
          [
            [
              5.438282620497812,
              43.285097573292056
            ],
            [
              5.4368471781499155,
              43.280367838631896
            ],
            [
              5.441634983683408,
              43.277358664953425
            ],
            [
              5.4478585917809905,
              43.27907910316732
            ],
            [
              5.449294756401546,
              43.283808934717285
            ],
            [
              5.444506590669253,
              43.28681823118144
            ],
            [
              5.438282620497812,
              43.285097573292056
            ]
          ]
        ]
      },
      "properties": {
        "uuid": "92ee220a-d87e-472c-a42e-0f14ee98aa16",
        "h3_index": "88396815a1fffff",
        "city_code": "13055",
        "city_name": "Marseille",
        "latitude": 43.28208852947678,
        "longitude": 5.44307069754045,
        "manual_surge": 0,
        "available": true,
        "status": "active"
      }
    },
    {
      "type": "Feature",
      "geometry": {
        "type": "Polygon",
        "coordinates": [
          [
            [
              5.419106228020455,
              43.35342944224125
            ],
            [
              5.41767089522005,
              43.34870224990059
            ],
            [
              5.4224626976173225,
              43.34569705584791
            ],
            [
              5.42869019408421,
              43.34741893162347
            ],
            [
              5.4301262503799546,
              43.352146220870175
            ],
            [
              5.425334086730785,
              43.35515153745316
            ],
            [
              5.419106228020455,
              43.35342944224125
            ]
          ]
        ]
      },
      "properties": {
        "uuid": "5c3d1329-0a19-43bf-a3f2-d2a3e6833ac6",
        "h3_index": "8839681405fffff",
        "city_code": "13055",
        "city_name": "Marseille",
        "latitude": 43.35042437843857,
        "longitude": 5.4238983024649645,
        "manual_surge": 0,
        "available": true,
        "status": "active"
      }
    },
    {
      "type": "Feature",
      "geometry": {
        "type": "Polygon",
        "coordinates": [
          [
            [
              5.441634983683408,
              43.277358664953425
            ],
            [
              5.440199449066332,
              43.27262863767645
            ],
            [
              5.444986800396674,
              43.26961895172278
            ],
            [
              5.451210046413169,
              43.27133917024059
            ],
            [
              5.452646303163023,
              43.27606929439026
            ],
            [
              5.4478585917809905,
              43.27907910316732
            ],
            [
              5.441634983683408,
              43.277358664953425
            ]
          ]
        ]
      },
      "properties": {
        "uuid": "367e64b9-ae09-4d3a-bad2-dd1efdea8f7c",
        "h3_index": "88396815a7fffff",
        "city_code": "13055",
        "city_name": "Marseille",
        "latitude": 43.27434910881412,
        "longitude": 5.446422606456619,
        "manual_surge": 0,
        "available": true,
        "status": "active"
      }
    },
    {
      "type": "Feature",
      "geometry": {
        "type": "Polygon",
        "coordinates": [
          [
            [
              5.489999804736199,
              43.28638440589647
            ],
            [
              5.488560843032663,
              43.28165448081464
            ],
            [
              5.493348628855295,
              43.27864264355767
            ],
            [
              5.499575735378214,
              43.28036060823963
            ],
            [
              5.501015419303958,
              43.28509062954494
            ],
            [
              5.4962272745021705,
              43.28810258996272
            ],
            [
              5.489999804736199,
              43.28638440589647
            ]
          ]
        ]
      },
      "properties": {
        "uuid": "a16ebde1-c238-47de-98dc-d91b2158ecd0",
        "h3_index": "8839680665fffff",
        "city_code": "13055",
        "city_name": "Marseille",
        "latitude": 43.2833726982952,
        "longitude": 5.49478786183756,
        "manual_surge": 0,
        "available": true,
        "status": "active"
      }
    },
    {
      "type": "Feature",
      "geometry": {
        "type": "Polygon",
        "coordinates": [
          [
            [
              5.416259952765861,
              43.28767133050118
            ],
            [
              5.414825955075988,
              43.282941790030556
            ],
            [
              5.419613947807168,
              43.279933886514314
            ],
            [
              5.42583629899013,
              43.28165540086631
            ],
            [
              5.427271019027755,
              43.28638503850002
            ],
            [
              5.422482665551908,
              43.289393064636535
            ],
            [
              5.416259952765861,
              43.28767133050118
            ]
          ]
        ]
      },
      "properties": {
        "uuid": "8076630e-75c9-444e-a4e2-ac552d00d865",
        "h3_index": "88396802dbfffff",
        "city_code": "13055",
        "city_name": "Marseille",
        "latitude": 43.28466355695062,
        "longitude": 5.421048217124397,
        "manual_surge": 0,
        "available": true,
        "status": "active"
      }
    },
    {
      "type": "Feature",
      "geometry": {
        "type": "Polygon",
        "coordinates": [
          [
            [
              5.355426576469576,
              43.33146524897974
            ],
            [
              5.353995934967527,
              43.32673756405943
            ],
            [
              5.358786566589733,
              43.323734765851185
            ],
            [
              5.365008202303405,
              43.32545953048103
            ],
            [
              5.3664395669998655,
              43.3301873131955
            ],
            [
              5.361648572805284,
              43.33319023350387
            ],
            [
              5.355426576469576,
              43.33146524897974
            ]
          ]
        ]
      },
      "properties": {
        "uuid": "8e6463dc-4b3e-49dd-9a17-308e11c17a38",
        "h3_index": "8839681541fffff",
        "city_code": "13055",
        "city_name": "Marseille",
        "latitude": 43.328462581185285,
        "longitude": 5.360217480286221,
        "manual_surge": 0,
        "available": true,
        "status": "active"
      }
    },
    {
      "type": "Feature",
      "geometry": {
        "type": "Polygon",
        "coordinates": [
          [
            [
              5.391415621822061,
              43.224452191397916
            ],
            [
              5.389984399329161,
              43.219720508822064
            ],
            [
              5.394768773660503,
              43.21671116947369
            ],
            [
              5.4009847312843045,
              43.21843339017175
            ],
            [
              5.402416675054178,
              43.223165170439046
            ],
            [
              5.3976319399404264,
              43.22617463233466
            ],
            [
              5.391415621822061,
              43.224452191397916
            ]
          ]
        ]
      },
      "properties": {
        "uuid": "77e75164-29d9-4f04-aabe-41b84a95e849",
        "h3_index": "88396800cdfffff",
        "city_code": "13055",
        "city_name": "Marseille",
        "latitude": 43.22144298183125,
        "longitude": 5.396200267479452,
        "manual_surge": 0,
        "available": true,
        "status": "active"
      }
    },
    {
      "type": "Feature",
      "geometry": {
        "type": "Polygon",
        "coordinates": [
          [
            [
              5.505335549639841,
              43.29927971448256
            ],
            [
              5.503895326402928,
              43.294550182731484
            ],
            [
              5.508683830057137,
              43.29153809910798
            ],
            [
              5.51491291569151,
              43.29325542400288
            ],
            [
              5.5163538613537515,
              43.297985051738124
            ],
            [
              5.511564998973936,
              43.30099725861224
            ],
            [
              5.505335549639841,
              43.29927971448256
            ]
          ]
        ]
      },
      "properties": {
        "uuid": "cef77339-230a-46d4-8ade-b386f20b4fab",
        "h3_index": "883968066bfffff",
        "city_code": "13055",
        "city_name": "Marseille",
        "latitude": 43.29626776050984,
        "longitude": 5.510124324586306,
        "manual_surge": 0,
        "available": true,
        "status": "active"
      }
    },
    {
      "type": "Feature",
      "geometry": {
        "type": "Polygon",
        "coordinates": [
          [
            [
              5.401894065298142,
              43.29669235568556
            ],
            [
              5.400460882740953,
              43.29196320531192
            ],
            [
              5.405249422486423,
              43.28895644945585
            ],
            [
              5.411471505971,
              43.29067872149153
            ],
            [
              5.412905411053,
              43.29540796918188
            ],
            [
              5.4081165101428414,
              43.298414847537714
            ],
            [
              5.401894065298142,
              43.29669235568556
            ]
          ]
        ]
      },
      "properties": {
        "uuid": "66504547-0300-4ca2-a5ee-85641c6a8675",
        "h3_index": "8839681533fffff",
        "city_code": "13055",
        "city_name": "Marseille",
        "latitude": 43.29368572989514,
        "longitude": 5.406682876796254,
        "manual_surge": 0,
        "available": true,
        "status": "active"
      }
    },
    {
      "type": "Feature",
      "geometry": {
        "type": "Polygon",
        "coordinates": [
          [
            [
              5.404728908301244,
              43.36244233531157
            ],
            [
              5.403294391893799,
              43.35771553392022
            ],
            [
              5.408086742301698,
              43.354711488963076
            ],
            [
              5.414313970807264,
              43.356434123005194
            ],
            [
              5.415749210887582,
              43.36116102145598
            ],
            [
              5.41095649880674,
              43.364165188823115
            ],
            [
              5.404728908301244,
              43.36244233531157
            ]
          ]
        ]
      },
      "properties": {
        "uuid": "20396630-52ad-4ea1-a955-c78be2868fe6",
        "h3_index": "883968146bfffff",
        "city_code": "13055",
        "city_name": "Marseille",
        "latitude": 43.359438420704066,
        "longitude": 5.409521530881982,
        "manual_surge": 0,
        "available": true,
        "status": "active"
      }
    },
    {
      "type": "Feature",
      "geometry": {
        "type": "Polygon",
        "coordinates": [
          [
            [
              5.423917293121473,
              43.294122409507004
            ],
            [
              5.422482665551908,
              43.289393064636535
            ],
            [
              5.427271019027755,
              43.28638503850002
            ],
            [
              5.433494360709472,
              43.28810623458656
            ],
            [
              5.434929710729219,
              43.29283567650056
            ],
            [
              5.430140996634344,
              43.295843825302384
            ],
            [
              5.423917293121473,
              43.294122409507004
            ]
          ]
        ]
      },
      "properties": {
        "uuid": "556901ba-ab63-47a9-b8b6-cbc9d60a3984",
        "h3_index": "88396815e7fffff",
        "city_code": "13055",
        "city_name": "Marseille",
        "latitude": 43.29111451333372,
        "longitude": 5.428705918231887,
        "manual_surge": 0,
        "available": true,
        "status": "active"
      }
    },
    {
      "type": "Feature",
      "geometry": {
        "type": "Polygon",
        "coordinates": [
          [
            [
              5.44689903989033,
              43.31347255945943
            ],
            [
              5.445462521582037,
              43.30874380277971
            ],
            [
              5.450251956537481,
              43.30573540851208
            ],
            [
              5.456478270059924,
              43.30745564814152
            ],
            [
              5.457915511125293,
              43.31218450150599
            ],
            [
              5.4531257159285635,
              43.31519301857416
            ],
            [
              5.44689903989033,
              43.31347255945943
            ]
          ]
        ]
      },
      "properties": {
        "uuid": "05065b95-7d28-47a3-b468-408d17d7dde2",
        "h3_index": "8839681589fffff",
        "city_code": "13055",
        "city_name": "Marseille",
        "latitude": 43.31046429514756,
        "longitude": 5.451688746501784,
        "manual_surge": 0,
        "available": true,
        "status": "active"
      }
    },
    {
      "type": "Feature",
      "geometry": {
        "type": "Polygon",
        "coordinates": [
          [
            [
              5.434929710729219,
              43.29283567650056
            ],
            [
              5.433494360709472,
              43.28810623458656
            ],
            [
              5.438282620497812,
              43.285097573292056
            ],
            [
              5.444506590669253,
              43.28681823118144
            ],
            [
              5.445942663101542,
              43.29154777000234
            ],
            [
              5.441154042967205,
              43.29455655404485
            ],
            [
              5.434929710729219,
              43.29283567650056
            ]
          ]
        ]
      },
      "properties": {
        "uuid": "89e782e9-d353-4e9e-99f4-9d6e817964c7",
        "h3_index": "88396815a9fffff",
        "city_code": "13055",
        "city_name": "Marseille",
        "latitude": 43.28982714511805,
        "longitude": 5.439718242092977,
        "manual_surge": 0,
        "available": true,
        "status": "active"
      }
    },
    {
      "type": "Feature",
      "geometry": {
        "type": "Polygon",
        "coordinates": [
          [
            [
              5.448338070748326,
              43.261878433838355
            ],
            [
              5.446902351769809,
              43.257147821716
            ],
            [
              5.451688794848976,
              43.254137111538576
            ],
            [
              5.457911316681635,
              43.25585689060256
            ],
            [
              5.459347757513238,
              43.26058759956329
            ],
            [
              5.454560954676493,
              43.263598432639526
            ],
            [
              5.448338070748326,
              43.261878433838355
            ]
          ]
        ]
      },
      "properties": {
        "uuid": "ad1ed252-fe33-4163-8934-10383911b7b7",
        "h3_index": "8839680745fffff",
        "city_code": "13055",
        "city_name": "Marseille",
        "latitude": 43.25886785337751,
        "longitude": 5.45312478513783,
        "manual_surge": 0,
        "available": true,
        "status": "active"
      }
    },
    {
      "type": "Feature",
      "geometry": {
        "type": "Polygon",
        "coordinates": [
          [
            [
              5.335255136473351,
              43.37783119577394
            ],
            [
              5.333825056638112,
              43.37310527374155
            ],
            [
              5.338618412654218,
              43.37010555724911
            ],
            [
              5.344842211981606,
              43.3718316409326
            ],
            [
              5.346273015850317,
              43.376557660860016
            ],
            [
              5.341479296375164,
              43.37955749922684
            ],
            [
              5.335255136473351,
              43.37783119577394
            ]
          ]
        ]
      },
      "properties": {
        "uuid": "67c46fd1-dad1-49ed-8530-6c542b511e3d",
        "h3_index": "8839681747fffff",
        "city_code": "13055",
        "city_name": "Marseille",
        "latitude": 43.37483160998605,
        "longitude": 5.340048765082203,
        "manual_surge": 0,
        "available": true,
        "status": "active"
      }
    },
    {
      "type": "Feature",
      "geometry": {
        "type": "Polygon",
        "coordinates": [
          [
            [
              5.404304665845191,
              43.267030042621414
            ],
            [
              5.402871834654771,
              43.262299819219116
            ],
            [
              5.407658651802564,
              43.259291648466665
            ],
            [
              5.413878661006322,
              43.261013578566356
            ],
            [
              5.415312214199795,
              43.26574389935361
            ],
            [
              5.4105250362036745,
              43.26875219267409
            ],
            [
              5.404304665845191,
              43.267030042621414
            ]
          ]
        ]
      },
      "properties": {
        "uuid": "eb076c24-ae03-4a53-912b-fa25d2ad87df",
        "h3_index": "883968028bfffff",
        "city_code": "13055",
        "city_name": "Marseille",
        "latitude": 43.26402200179064,
        "longitude": 5.409091754539562,
        "manual_surge": 0,
        "available": true,
        "status": "active"
      }
    },
    {
      "type": "Feature",
      "geometry": {
        "type": "Polygon",
        "coordinates": [
          [
            [
              5.444501643558781,
              43.343127973111166
            ],
            [
              5.443064771424727,
              43.33840029336759
            ],
            [
              5.447855931177345,
              43.33539331476681
            ],
            [
              5.454084323638673,
              43.3371138931943
            ],
            [
              5.455521919052502,
              43.341841669553816
            ],
            [
              5.45073039874267,
              43.34484877088784
            ],
            [
              5.444501643558781,
              43.343127973111166
            ]
          ]
        ]
      },
      "properties": {
        "uuid": "03c24479-577e-4292-8064-d1465deeb3f7",
        "h3_index": "8839681431fffff",
        "city_code": "13055",
        "city_name": "Marseille",
        "latitude": 43.34012112460953,
        "longitude": 5.449293075173674,
        "manual_surge": 0,
        "available": true,
        "status": "active"
      }
    },
    {
      "type": "Feature",
      "geometry": {
        "type": "Polygon",
        "coordinates": [
          [
            [
              5.489032007684256,
              43.26445150157599
            ],
            [
              5.487593493113132,
              43.259720795209496
            ],
            [
              5.492380010713658,
              43.25670805719727
            ],
            [
              5.498605401714648,
              43.2584259023783
            ],
            [
              5.500044638126232,
              43.26315670505352
            ],
            [
              5.495257761713925,
              43.26616956625689
            ],
            [
              5.489032007684256,
              43.26445150157599
            ]
          ]
        ]
      },
      "properties": {
        "uuid": "27a634ef-2f49-43ae-8e02-a3b2255a2831",
        "h3_index": "8839680757fffff",
        "city_code": "13055",
        "city_name": "Marseille",
        "latitude": 43.2614388931241,
        "longitude": 5.493818796424076,
        "manual_surge": 0,
        "available": true,
        "status": "active"
      }
    },
    {
      "type": "Feature",
      "geometry": {
        "type": "Polygon",
        "coordinates": [
          [
            [
              5.393709143463666,
              43.3637224745549
            ],
            [
              5.392275350766328,
              43.35899577035953
            ],
            [
              5.3970677939996285,
              43.35599236119679
            ],
            [
              5.403294391893799,
              43.35771553392022
            ],
            [
              5.404728908301244,
              43.36244233531157
            ],
            [
              5.399936103121651,
              43.36544586680141
            ],
            [
              5.393709143463666,
              43.3637224745549
            ]
          ]
        ]
      },
      "properties": {
        "uuid": "da71772d-eac0-411d-85a8-2af4bd6a3f15",
        "h3_index": "8839681469fffff",
        "city_code": "13055",
        "city_name": "Marseille",
        "latitude": 43.36071919579292,
        "longitude": 5.398501858928921,
        "manual_surge": 0,
        "available": true,
        "status": "active"
      }
    },
    {
      "type": "Feature",
      "geometry": {
        "type": "Polygon",
        "coordinates": [
          [
            [
              5.473707068134814,
              43.25155280651646
            ],
            [
              5.4722698136753625,
              43.246821708660036
            ],
            [
              5.477055613273045,
              43.24380921689579
            ],
            [
              5.483279026412249,
              43.245527699904265
            ],
            [
              5.48471700250893,
              43.250258894308466
            ],
            [
              5.4799308438466605,
              43.253271509174304
            ],
            [
              5.473707068134814,
              43.25155280651646
            ]
          ]
        ]
      },
      "properties": {
        "uuid": "ce8fedad-9cb2-450a-98e4-a863ebde6a91",
        "h3_index": "8839680701fffff",
        "city_code": "13055",
        "city_name": "Marseille",
        "latitude": 43.248540444317285,
        "longitude": 5.4784931388580915,
        "manual_surge": 0,
        "available": true,
        "status": "active"
      }
    },
    {
      "type": "Feature",
      "geometry": {
        "type": "Polygon",
        "coordinates": [
          [
            [
              5.338618412654218,
              43.37010555724911
            ],
            [
              5.337188239059477,
              43.36537934108078
            ],
            [
              5.341981140881542,
              43.36237911069974
            ],
            [
              5.348204579626472,
              43.36410497459299
            ],
            [
              5.349635477114784,
              43.36883128863959
            ],
            [
              5.344842211981606,
              43.3718316409326
            ],
            [
              5.338618412654218,
              43.37010555724911
            ]
          ]
        ]
      },
      "properties": {
        "uuid": "401482fa-fe5d-4b69-b043-7ba8f0f5a3d9",
        "h3_index": "883968170dfffff",
        "city_code": "13055",
        "city_name": "Marseille",
        "latitude": 43.36710545752424,
        "longitude": 5.343411587002593,
        "manual_surge": 0,
        "available": true,
        "status": "active"
      }
    },
    {
      "type": "Feature",
      "geometry": {
        "type": "Polygon",
        "coordinates": [
          [
            [
              5.46700833959445,
              43.26703757352006
            ],
            [
              5.465571268819191,
              43.26230706018122
            ],
            [
              5.470357976945505,
              43.25929559213745
            ],
            [
              5.47658211522299,
              43.26101451442421
            ],
            [
              5.478019907915281,
              43.265745124345244
            ],
            [
              5.473232840430533,
              43.268756715415215
            ],
            [
              5.46700833959445,
              43.26703757352006
            ]
          ]
        ]
      },
      "properties": {
        "uuid": "d0386131-b546-4e58-b6c7-86149ce2a7ae",
        "h3_index": "8839680743fffff",
        "city_code": "13055",
        "city_name": "Marseille",
        "latitude": 43.26402623513924,
        "longitude": 5.471795318978839,
        "manual_surge": 0,
        "available": true,
        "status": "active"
      }
    },
    {
      "type": "Feature",
      "geometry": {
        "type": "Polygon",
        "coordinates": [
          [
            [
              5.408604232959043,
              43.28121973783204
            ],
            [
              5.407170864965623,
              43.27649000199297
            ],
            [
              5.41195849682663,
              43.27348222105194
            ],
            [
              5.418179857568494,
              43.27520405339266
            ],
            [
              5.419613947807168,
              43.279933886514314
            ],
            [
              5.414825955075988,
              43.282941790030556
            ],
            [
              5.408604232959043,
              43.28121973783204
            ]
          ]
        ]
      },
      "properties": {
        "uuid": "aebf8606-e26c-4df7-a5da-ff8222e83d58",
        "h3_index": "88396802d1fffff",
        "city_code": "13055",
        "city_name": "Marseille",
        "latitude": 43.27821208685913,
        "longitude": 5.4133921364401605,
        "manual_surge": 0,
        "available": true,
        "status": "active"
      }
    },
    {
      "type": "Feature",
      "geometry": {
        "type": "Polygon",
        "coordinates": [
          [
            [
              5.348704953918392,
              43.34692379447166
            ],
            [
              5.347274499401306,
              43.34219669666629
            ],
            [
              5.352066038949358,
              43.33919492526545
            ],
            [
              5.358288395899238,
              43.34092012966307
            ],
            [
              5.3597195738903265,
              43.345647325296305
            ],
            [
              5.354927671474546,
              43.34864921872197
            ],
            [
              5.348704953918392,
              43.34692379447166
            ]
          ]
        ]
      },
      "properties": {
        "uuid": "d34b77c7-7e8f-4717-bc38-cc08f557aa7a",
        "h3_index": "8839681723fffff",
        "city_code": "13055",
        "city_name": "Marseille",
        "latitude": 43.34392215358164,
        "longitude": 5.353496765793577,
        "manual_surge": 0,
        "available": true,
        "status": "active"
      }
    },
    {
      "type": "Feature",
      "geometry": {
        "type": "Polygon",
        "coordinates": [
          [
            [
              5.381352890483884,
              43.2476704346056
            ],
            [
              5.37992194649202,
              43.242939627520464
            ],
            [
              5.3847076803441105,
              43.23993182420255
            ],
            [
              5.3909247194287415,
              43.24165470555437
            ],
            [
              5.3923563851158685,
              43.24638561038266
            ],
            [
              5.387570290040232,
              43.24939353613383
            ],
            [
              5.381352890483884,
              43.2476704346056
            ]
          ]
        ]
      },
      "properties": {
        "uuid": "787de298-a030-47ee-b699-1a4d56c9ee22",
        "h3_index": "88396802a9fffff",
        "city_code": "13055",
        "city_name": "Marseille",
        "latitude": 43.244662761216375,
        "longitude": 5.386138895860452,
        "manual_surge": 0,
        "available": true,
        "status": "active"
      }
    },
    {
      "type": "Feature",
      "geometry": {
        "type": "Polygon",
        "coordinates": [
          [
            [
              5.408086742301698,
              43.354711488963076
            ],
            [
              5.406652133034056,
              43.34998439366503
            ],
            [
              5.411444028721946,
              43.34697983534858
            ],
            [
              5.41767089522005,
              43.34870224990059
            ],
            [
              5.419106228020455,
              43.35342944224125
            ],
            [
              5.414313970807264,
              43.356434123005194
            ],
            [
              5.408086742301698,
              43.354711488963076
            ]
          ]
        ]
      },
      "properties": {
        "uuid": "50c2e016-bbea-4ca4-9fa6-66391777e602",
        "h3_index": "8839681463fffff",
        "city_code": "13055",
        "city_name": "Marseille",
        "latitude": 43.35170706094778,
        "longitude": 5.4128789100959835,
        "manual_surge": 0,
        "available": true,
        "status": "active"
      }
    },
    {
      "type": "Feature",
      "geometry": {
        "type": "Polygon",
        "coordinates": [
          [
            [
              5.279262116233868,
              43.36228163524878
            ],
            [
              5.277836097737089,
              43.35755542112614
            ],
            [
              5.2826286306125105,
              43.354557976555434
            ],
            [
              5.288847546650283,
              43.35628662463756
            ],
            [
              5.290274288976017,
              43.361012937423084
            ],
            [
              5.285481391451776,
              43.36401050348146
            ],
            [
              5.279262116233868,
              43.36228163524878
            ]
          ]
        ]
      },
      "properties": {
        "uuid": "ef5db0cb-fbc7-4dc3-82d5-bfbd1e671191",
        "h3_index": "88396812bdfffff",
        "city_code": "13055",
        "city_name": "Marseille",
        "latitude": 43.35928432154366,
        "longitude": 5.284054921853822,
        "manual_surge": 0,
        "available": true,
        "status": "active"
      }
    },
    {
      "type": "Feature",
      "geometry": {
        "type": "Polygon",
        "coordinates": [
          [
            [
              5.44642624123376,
              43.2180053721804
            ],
            [
              5.444991412727446,
              43.2132732025135
            ],
            [
              5.449775321207289,
              43.21026069116332
            ],
            [
              5.4559944176323985,
              43.21198022653731
            ],
            [
              5.457429967229098,
              43.216712493212455
            ],
            [
              5.452645699327678,
              43.219725127523255
            ],
            [
              5.44642624123376,
              43.2180053721804
            ]
          ]
        ]
      },
      "properties": {
        "uuid": "f6bb5469-71ea-421f-ab3e-d555b04529f2",
        "h3_index": "8839680099fffff",
        "city_code": "13055",
        "city_name": "Marseille",
        "latitude": 43.2149929903554,
        "longitude": 5.451210420745088,
        "manual_surge": 0,
        "available": true,
        "status": "active"
      }
    },
    {
      "type": "Feature",
      "geometry": {
        "type": "Polygon",
        "coordinates": [
          [
            [
              5.363079844178692,
              43.3379177227421
            ],
            [
              5.361648572805284,
              43.33319023350387
            ],
            [
              5.3664395669998655,
              43.3301873131955
            ],
            [
              5.372662195032352,
              43.33191175999773
            ],
            [
              5.37409418970342,
              43.33663934691053
            ],
            [
              5.369302833061408,
              43.33964238936441
            ],
            [
              5.363079844178692,
              43.3379177227421
            ]
          ]
        ]
      },
      "properties": {
        "uuid": "84e21b4f-31f5-46e5-ad65-b5c494ca4bd9",
        "h3_index": "883968154bfffff",
        "city_code": "13055",
        "city_name": "Marseille",
        "latitude": 43.334914932844924,
        "longitude": 5.36787111057528,
        "manual_surge": 0,
        "available": true,
        "status": "active"
      }
    },
    {
      "type": "Feature",
      "geometry": {
        "type": "Polygon",
        "coordinates": [
          [
            [
              5.419613947807168,
              43.279933886514314
            ],
            [
              5.418179857568494,
              43.27520405339266
            ],
            [
              5.4229673962875475,
              43.27219563745915
            ],
            [
              5.4291893858600515,
              43.2739169320072
            ],
            [
              5.430624198306657,
              43.27864686227482
            ],
            [
              5.42583629899013,
              43.28165540086631
            ],
            [
              5.419613947807168,
              43.279933886514314
            ]
          ]
        ]
      },
      "properties": {
        "uuid": "98ac5d5f-b8cc-44c2-a7c5-b8a6571d4313",
        "h3_index": "88396802d3fffff",
        "city_code": "13055",
        "city_name": "Marseille",
        "latitude": 43.27692560049767,
        "longitude": 5.424401758087328,
        "manual_surge": 0,
        "available": true,
        "status": "active"
      }
    },
    {
      "type": "Feature",
      "geometry": {
        "type": "Polygon",
        "coordinates": [
          [
            [
              5.436375726811918,
              43.24123459531989
            ],
            [
              5.434941174714037,
              43.23650330088486
            ],
            [
              5.439726444146561,
              43.23349232449779
            ],
            [
              5.445946625556458,
              43.23521251971658
            ],
            [
              5.447381899163621,
              43.23994391121168
            ],
            [
              5.442596269868945,
              43.24295501044575
            ],
            [
              5.436375726811918,
              43.24123459531989
            ]
          ]
        ]
      },
      "properties": {
        "uuid": "782e6b81-1f96-4455-be4e-e9ef614fa72e",
        "h3_index": "8839680765fffff",
        "city_code": "13055",
        "city_name": "Marseille",
        "latitude": 43.2382237486051,
        "longitude": 5.441161267474407,
        "manual_surge": 0,
        "available": true,
        "status": "active"
      }
    },
    {
      "type": "Feature",
      "geometry": {
        "type": "Polygon",
        "coordinates": [
          [
            [
              5.412905411053,
              43.29540796918188
            ],
            [
              5.411471505971,
              43.29067872149153
            ],
            [
              5.416259952765861,
              43.28767133050118
            ],
            [
              5.422482665551908,
              43.289393064636535
            ],
            [
              5.423917293121473,
              43.294122409507004
            ],
            [
              5.419128485434709,
              43.2971299230799
            ],
            [
              5.412905411053,
              43.29540796918188
            ]
          ]
        ]
      },
      "properties": {
        "uuid": "10e2b9a9-f082-46ba-8428-2d578ea25ceb",
        "h3_index": "88396815e5fffff",
        "city_code": "13055",
        "city_name": "Marseille",
        "latitude": 43.29240070820598,
        "longitude": 5.417694129541512,
        "manual_surge": 0,
        "available": true,
        "status": "active"
      }
    },
    {
      "type": "Feature",
      "geometry": {
        "type": "Polygon",
        "coordinates": [
          [
            [
              5.37409418970342,
              43.33663934691053
            ],
            [
              5.372662195032352,
              43.33191175999773
            ],
            [
              5.377453097493277,
              43.328908204226785
            ],
            [
              5.3836763568171255,
              43.330632113158
            ],
            [
              5.385109074749164,
              43.33535979760887
            ],
            [
              5.3803178101135165,
              43.33836347560834
            ],
            [
              5.37409418970342,
              43.33663934691053
            ]
          ]
        ]
      },
      "properties": {
        "uuid": "53aa9709-4633-4556-b5a8-d5881e46c096",
        "h3_index": "883968155dfffff",
        "city_code": "13055",
        "city_name": "Marseille",
        "latitude": 43.33363592149965,
        "longitude": 5.378885364307542,
        "manual_surge": 0,
        "available": true,
        "status": "active"
      }
    },
    {
      "type": "Feature",
      "geometry": {
        "type": "Polygon",
        "coordinates": [
          [
            [
              5.450731801001721,
              43.23220090868105
            ],
            [
              5.449296435339189,
              43.22746922532941
            ],
            [
              5.454081156986715,
              43.22445710260159
            ],
            [
              5.460301603756818,
              43.22617654027588
            ],
            [
              5.461737690751268,
              43.23090832053368
            ],
            [
              5.456952609661087,
              43.23392056622891
            ],
            [
              5.450731801001721,
              43.23220090868105
            ]
          ]
        ]
      },
      "properties": {
        "uuid": "416aa49d-6795-4d5b-b0d4-c7a9bf0bf592",
        "h3_index": "883968072dfffff",
        "city_code": "13055",
        "city_name": "Marseille",
        "latitude": 43.22918891552522,
        "longitude": 5.4555167937539455,
        "manual_surge": 0,
        "available": true,
        "status": "active"
      }
    },
    {
      "type": "Feature",
      "geometry": {
        "type": "Polygon",
        "coordinates": [
          [
            [
              5.3055704767722105,
              43.37392132189162
            ],
            [
              5.304142475074665,
              43.369195400176466
            ],
            [
              5.30893564762056,
              43.3661970769076
            ],
            [
              5.315157186009436,
              43.367924553709514
            ],
            [
              5.316585911708621,
              43.3726505737121
            ],
            [
              5.311792375034161,
              43.37564901864326
            ],
            [
              5.3055704767722105,
              43.37392132189162
            ]
          ]
        ]
      },
      "properties": {
        "uuid": "91b2e63c-49d0-4618-aba4-110dfeaf35b5",
        "h3_index": "8839681297fffff",
        "city_code": "13055",
        "city_name": "Marseille",
        "latitude": 43.37092312943205,
        "longitude": 5.310363922020206,
        "manual_surge": 0,
        "available": true,
        "status": "active"
      }
    },
    {
      "type": "Feature",
      "geometry": {
        "type": "Polygon",
        "coordinates": [
          [
            [
              5.444986800396674,
              43.26961895172278
            ],
            [
              5.443551173569425,
              43.264888631958385
            ],
            [
              5.448338070748326,
              43.261878433838355
            ],
            [
              5.454560954676493,
              43.263598432639526
            ],
            [
              5.455997303496688,
              43.268328849259504
            ],
            [
              5.451210046413169,
              43.27133917024059
            ],
            [
              5.444986800396674,
              43.26961895172278
            ]
          ]
        ]
      },
      "properties": {
        "uuid": "b38ff595-f45f-42ad-83f4-ebe3fdd0bef2",
        "h3_index": "883968074dfffff",
        "city_code": "13055",
        "city_name": "Marseille",
        "latitude": 43.26660888336825,
        "longitude": 5.449773968952184,
        "manual_surge": 0,
        "available": true,
        "status": "active"
      }
    },
    {
      "type": "Feature",
      "geometry": {
        "type": "Polygon",
        "coordinates": [
          [
            [
              5.345343321266024,
              43.354651856361876
            ],
            [
              5.343912960330383,
              43.349925052306986
            ],
            [
              5.348704953918392,
              43.34692379447166
            ],
            [
              5.354927671474546,
              43.34864921872197
            ],
            [
              5.356358756024029,
              43.353376120621554
            ],
            [
              5.351566399420546,
              43.35637750044405
            ],
            [
              5.345343321266024,
              43.354651856361876
            ]
          ]
        ]
      },
      "properties": {
        "uuid": "7e6ae28d-e50f-4a46-93e0-7ef37cb1812e",
        "h3_index": "883968172bfffff",
        "city_code": "13055",
        "city_name": "Marseille",
        "latitude": 43.35165072908585,
        "longitude": 5.350135587247563,
        "manual_surge": 0,
        "available": true,
        "status": "active"
      }
    },
    {
      "type": "Feature",
      "geometry": {
        "type": "Polygon",
        "coordinates": [
          [
            [
              5.390883256631109,
              43.29797556917872
            ],
            [
              5.38945079663578,
              43.29324651625836
            ],
            [
              5.394239428963443,
              43.29024039552447
            ],
            [
              5.400460882740953,
              43.29196320531192
            ],
            [
              5.401894065298142,
              43.29669235568556
            ],
            [
              5.397105071533147,
              43.299698598836365
            ],
            [
              5.390883256631109,
              43.29797556917872
            ]
          ]
        ]
      },
      "properties": {
        "uuid": "7b7d7f93-87d9-4cef-8a5d-b8b3d12ed118",
        "h3_index": "8839681531fffff",
        "city_code": "13055",
        "city_name": "Marseille",
        "latitude": 43.29496957856169,
        "longitude": 5.39567216077035,
        "manual_surge": 0,
        "available": true,
        "status": "active"
      }
    },
    {
      "type": "Feature",
      "geometry": {
        "type": "Polygon",
        "coordinates": [
          [
            [
              5.499074378667211,
              43.24121875649551
            ],
            [
              5.497635589497583,
              43.23648717365048
            ],
            [
              5.502420743812841,
              43.233472900650476
            ],
            [
              5.50864504568659,
              43.235190087209254
            ],
            [
              5.51008455627677,
              43.239921766311305
            ],
            [
              5.505299043590227,
              43.24293616261547
            ],
            [
              5.499074378667211,
              43.24121875649551
            ]
          ]
        ]
      },
      "properties": {
        "uuid": "9a9f2a90-e628-403c-b8dc-79924887b02a",
        "h3_index": "883968073bfffff",
        "city_code": "13055",
        "city_name": "Marseille",
        "latitude": 43.238204612908895,
        "longitude": 5.503859803923002,
        "manual_surge": 0,
        "available": true,
        "status": "active"
      }
    },
    {
      "type": "Feature",
      "geometry": {
        "type": "Polygon",
        "coordinates": [
          [
            [
              5.364570745554677,
              43.286351417095474
            ],
            [
              5.36314026691211,
              43.281622071752274
            ],
            [
              5.367928267659019,
              43.27861683066104
            ],
            [
              5.374147109025271,
              43.280340812687136
            ],
            [
              5.3755783100607,
              43.28507025585911
            ],
            [
              5.370789947354073,
              43.288075619194096
            ],
            [
              5.364570745554677,
              43.286351417095474
            ]
          ]
        ]
      },
      "properties": {
        "uuid": "cbb64541-1dc9-43ad-917e-e00fb9eaf591",
        "h3_index": "8839681527fffff",
        "city_code": "13055",
        "city_name": "Marseille",
        "latitude": 43.28334630617717,
        "longitude": 5.36935901815702,
        "manual_surge": 0,
        "available": true,
        "status": "active"
      }
    },
    {
      "type": "Feature",
      "geometry": {
        "type": "Polygon",
        "coordinates": [
          [
            [
              5.41815695926528,
              43.33151410726844
            ],
            [
              5.416722071772193,
              43.32678613102248
            ],
            [
              5.421512603610094,
              43.323780033276684
            ],
            [
              5.427738384041093,
              43.325501789234714
            ],
            [
              5.4291739946467,
              43.33022986247263
            ],
            [
              5.424383101726094,
              43.33323608277844
            ],
            [
              5.41815695926528,
              43.33151410726844
            ]
          ]
        ]
      },
      "properties": {
        "uuid": "52490c9d-9469-4f2b-9dab-a30cc5dd6f66",
        "h3_index": "8839681427fffff",
        "city_code": "13055",
        "city_name": "Marseille",
        "latitude": 43.32850813967812,
        "longitude": 5.422947763010366,
        "manual_surge": 0,
        "available": true,
        "status": "active"
      }
    },
    {
      "type": "Feature",
      "geometry": {
        "type": "Polygon",
        "coordinates": [
          [
            [
              5.399481775272351,
              43.326346466089376
            ],
            [
              5.398048241212754,
              43.321618390811416
            ],
            [
              5.402838504778285,
              43.31861305100969
            ],
            [
              5.409062663902102,
              43.32033566407188
            ],
            [
              5.410496921008819,
              43.32506383659796
            ],
            [
              5.4057062959618465,
              43.328069298831636
            ],
            [
              5.399481775272351,
              43.326346466089376
            ]
          ]
        ]
      },
      "properties": {
        "uuid": "006c6e3e-4b8c-459d-8117-4f9054b524d8",
        "h3_index": "8839681519fffff",
        "city_code": "13055",
        "city_name": "Marseille",
        "latitude": 43.323341256496846,
        "longitude": 5.4042723107968484,
        "manual_surge": 0,
        "available": true,
        "status": "active"
      }
    },
    {
      "type": "Feature",
      "geometry": {
        "type": "Polygon",
        "coordinates": [
          [
            [
              5.427271019027755,
              43.28638503850002
            ],
            [
              5.42583629899013,
              43.28165540086631
            ],
            [
              5.430624198306657,
              43.27864686227482
            ],
            [
              5.4368471781499155,
              43.280367838631896
            ],
            [
              5.438282620497812,
              43.285097573292056
            ],
            [
              5.433494360709472,
              43.28810623458656
            ],
            [
              5.427271019027755,
              43.28638503850002
            ]
          ]
        ]
      },
      "properties": {
        "uuid": "620a547d-379a-4e59-9933-a8ad7de45444",
        "h3_index": "88396815adfffff",
        "city_code": "13055",
        "city_name": "Marseille",
        "latitude": 43.283376629822946,
        "longitude": 5.43205918991255,
        "manual_surge": 0,
        "available": true,
        "status": "active"
      }
    },
    {
      "type": "Feature",
      "geometry": {
        "type": "Polygon",
        "coordinates": [
          [
            [
              5.48471700250893,
              43.250258894308466
            ],
            [
              5.483279026412249,
              43.245527699904265
            ],
            [
              5.48806473074106,
              43.24251457330423
            ],
            [
              5.494288769975462,
              43.24423251794223
            ],
            [
              5.495727467671064,
              43.24896380875748
            ],
            [
              5.490941404550874,
              43.25197705854158
            ],
            [
              5.48471700250893,
              43.250258894308466
            ]
          ]
        ]
      },
      "properties": {
        "uuid": "4ab25dcd-5f16-4e0e-b429-f4d3864e191b",
        "h3_index": "8839680703fffff",
        "city_code": "13055",
        "city_name": "Marseille",
        "latitude": 43.247245897222165,
        "longitude": 5.489502977903945,
        "manual_surge": 0,
        "available": true,
        "status": "active"
      }
    },
    {
      "type": "Feature",
      "geometry": {
        "type": "Polygon",
        "coordinates": [
          [
            [
              5.3765154517668465,
              43.30699124496948
            ],
            [
              5.375083807456533,
              43.30226258259945
            ],
            [
              5.379872985825794,
              43.29925760982223
            ],
            [
              5.386094170379734,
              43.300981177136606
            ],
            [
              5.38752653742855,
              43.30570993711344
            ],
            [
              5.38273699720201,
              43.30871503218696
            ],
            [
              5.3765154517668465,
              43.30699124496948
            ]
          ]
        ]
      },
      "properties": {
        "uuid": "1c18e733-53f2-4749-bb84-7e8c781d3dd1",
        "h3_index": "8839681507fffff",
        "city_code": "13055",
        "city_name": "Marseille",
        "latitude": 43.30398640240898,
        "longitude": 5.381304902072811,
        "manual_surge": 0,
        "available": true,
        "status": "active"
      }
    },
    {
      "type": "Feature",
      "geometry": {
        "type": "Polygon",
        "coordinates": [
          [
            [
              5.379872985825794,
              43.29925760982223
            ],
            [
              5.378441248429235,
              43.29452865449166
            ],
            [
              5.3832299729707405,
              43.29152316886781
            ],
            [
              5.38945079663578,
              43.29324651625836
            ],
            [
              5.390883256631109,
              43.29797556917872
            ],
            [
              5.386094170379734,
              43.300981177136606
            ],
            [
              5.379872985825794,
              43.29925760982223
            ]
          ]
        ]
      },
      "properties": {
        "uuid": "f350beec-3eb8-48be-b77a-61374cb4166b",
        "h3_index": "883968153dfffff",
        "city_code": "13055",
        "city_name": "Marseille",
        "latitude": 43.2962522543664,
        "longitude": 5.38466198223772,
        "manual_surge": 0,
        "available": true,
        "status": "active"
      }
    },
    {
      "type": "Feature",
      "geometry": {
        "type": "Polygon",
        "coordinates": [
          [
            [
              5.428222251000109,
              43.30830946657554
            ],
            [
              5.4267870858138,
              43.303580610541516
            ],
            [
              5.4315762542668935,
              43.30057297434098
            ],
            [
              5.437800948564148,
              43.30229407151961
            ],
            [
              5.43923683644293,
              43.30702302449462
            ],
            [
              5.434447307349318,
              43.31003078336791
            ],
            [
              5.428222251000109,
              43.30830946657554
            ]
          ]
        ]
      },
      "properties": {
        "uuid": "5e474af7-92bf-4a1e-859e-82fcd71de9ba",
        "h3_index": "88396815ebfffff",
        "city_code": "13055",
        "city_name": "Marseille",
        "latitude": 43.30530196038449,
        "longitude": 5.433011691161284,
        "manual_surge": 0,
        "available": true,
        "status": "active"
      }
    },
    {
      "type": "Feature",
      "geometry": {
        "type": "Polygon",
        "coordinates": [
          [
            [
              5.36401418134958,
              43.3598279325841
            ],
            [
              5.362582466583733,
              43.355101226821674
            ],
            [
              5.367374731742326,
              43.35209921132578
            ],
            [
              5.373599074301648,
              43.35382377949452
            ],
            [
              5.375031512748204,
              43.35855058284559
            ],
            [
              5.370238884971853,
              43.361552720457205
            ],
            [
              5.36401418134958,
              43.3598279325841
            ]
          ]
        ]
      },
      "properties": {
        "uuid": "e7640044-b7a1-4c25-8e84-910a7bbe5f9f",
        "h3_index": "8839681739fffff",
        "city_code": "13055",
        "city_name": "Marseille",
        "latitude": 43.35682604759383,
        "longitude": 5.368806718850521,
        "manual_surge": 0,
        "available": true,
        "status": "active"
      }
    },
    {
      "type": "Feature",
      "geometry": {
        "type": "Polygon",
        "coordinates": [
          [
            [
              5.350773188681824,
              43.22185047321009
            ],
            [
              5.349344758390452,
              43.21711889112585
            ],
            [
              5.354129046101855,
              43.21411157709212
            ],
            [
              5.360342125843485,
              43.215835722906704
            ],
            [
              5.361771277418885,
              43.22056740321134
            ],
            [
              5.356986627985606,
              43.22357483949882
            ],
            [
              5.350773188681824,
              43.22185047321009
            ]
          ]
        ]
      },
      "properties": {
        "uuid": "b38a516c-f6d5-485b-9589-7ce99d35ec77",
        "h3_index": "883968000bfffff",
        "city_code": "13055",
        "city_name": "Marseille",
        "latitude": 43.21884328911415,
        "longitude": 5.35555774788762,
        "manual_surge": 0,
        "available": true,
        "status": "active"
      }
    },
    {
      "type": "Feature",
      "geometry": {
        "type": "Polygon",
        "coordinates": [
          [
            [
              5.327601890594029,
              43.37137865221898
            ],
            [
              5.326172440929039,
              43.36665253406533
            ],
            [
              5.330965433361432,
              43.36365293940168
            ],
            [
              5.337188239059477,
              43.36537934108078
            ],
            [
              5.338618412654218,
              43.37010555724911
            ],
            [
              5.333825056638112,
              43.37310527374155
            ],
            [
              5.327601890594029,
              43.37137865221898
            ]
          ]
        ]
      },
      "properties": {
        "uuid": "596e7602-abff-4247-9d76-687810d31089",
        "h3_index": "883968176bfffff",
        "city_code": "13055",
        "city_name": "Marseille",
        "latitude": 43.368379188262544,
        "longitude": 5.332395155611386,
        "manual_surge": 0,
        "available": true,
        "status": "active"
      }
    },
    {
      "type": "Feature",
      "geometry": {
        "type": "Polygon",
        "coordinates": [
          [
            [
              5.3664395669998655,
              43.3301873131955
            ],
            [
              5.365008202303405,
              43.32545953048103
            ],
            [
              5.369798742464499,
              43.32245609689325
            ],
            [
              5.3760210096389764,
              43.324180323854655
            ],
            [
              5.377453097493277,
              43.328908204226785
            ],
            [
              5.372662195032352,
              43.33191175999773
            ],
            [
              5.3664395669998655,
              43.3301873131955
            ]
          ]
        ]
      },
      "properties": {
        "uuid": "acca4a69-9e07-4db6-bae3-e84fb4918b53",
        "h3_index": "8839681543fffff",
        "city_code": "13055",
        "city_name": "Marseille",
        "latitude": 43.327184009970345,
        "longitude": 5.371230379296648,
        "manual_surge": 0,
        "available": true,
        "status": "active"
      }
    },
    {
      "type": "Feature",
      "geometry": {
        "type": "Polygon",
        "coordinates": [
          [
            [
              5.2945555865587695,
              43.375190896920934
            ],
            [
              5.293128308898541,
              43.37046507362952
            ],
            [
              5.297921570947687,
              43.367467386037816
            ],
            [
              5.304142475074665,
              43.369195400176466
            ],
            [
              5.3055704767722105,
              43.37392132189162
            ],
            [
              5.300776850322277,
              43.3769191310623
            ],
            [
              5.2945555865587695,
              43.375190896920934
            ]
          ]
        ]
      },
      "properties": {
        "uuid": "4d5633be-fef5-4a0f-afc9-9af81a15d866",
        "h3_index": "8839681295fffff",
        "city_code": "13055",
        "city_name": "Marseille",
        "latitude": 43.37219334018955,
        "longitude": 5.299349121368472,
        "manual_surge": 0,
        "available": true,
        "status": "active"
      }
    },
    {
      "type": "Feature",
      "geometry": {
        "type": "Polygon",
        "coordinates": [
          [
            [
              5.3832299729707405,
              43.29152316886781
            ],
            [
              5.381798142547086,
              43.28679392070581
            ],
            [
              5.386586413312267,
              43.28378792234374
            ],
            [
              5.3928068760807335,
              43.28551104978972
            ],
            [
              5.394239428963443,
              43.29024039552447
            ],
            [
              5.38945079663578,
              43.29324651625836
            ],
            [
              5.3832299729707405,
              43.29152316886781
            ]
          ]
        ]
      },
      "properties": {
        "uuid": "a08856cb-f7ac-4cb3-bc71-78e9d50e33c4",
        "h3_index": "8839681535fffff",
        "city_code": "13055",
        "city_name": "Marseille",
        "latitude": 43.28851730062501,
        "longitude": 5.388018515540064,
        "manual_surge": 0,
        "available": true,
        "status": "active"
      }
    },
    {
      "type": "Feature",
      "geometry": {
        "type": "Polygon",
        "coordinates": [
          [
            [
              5.407658651802564,
              43.259291648466665
            ],
            [
              5.406225727961002,
              43.2545611327673
            ],
            [
              5.411012091442557,
              43.251552449781975
            ],
            [
              5.417231739484089,
              43.253274159908
            ],
            [
              5.418665385189065,
              43.25800477297515
            ],
            [
              5.413878661006322,
              43.261013578566356
            ],
            [
              5.407658651802564,
              43.259291648466665
            ]
          ]
        ]
      },
      "properties": {
        "uuid": "bbe54b9b-0513-452f-b688-6316d19a1422",
        "h3_index": "8839680283fffff",
        "city_code": "13055",
        "city_name": "Marseille",
        "latitude": 43.25628309535413,
        "longitude": 5.412445286764467,
        "manual_surge": 0,
        "available": true,
        "status": "active"
      }
    },
    {
      "type": "Feature",
      "geometry": {
        "type": "Polygon",
        "coordinates": [
          [
            [
              5.361771277418885,
              43.22056740321134
            ],
            [
              5.360342125843485,
              43.215835722906704
            ],
            [
              5.365126322493006,
              43.212827774614276
            ],
            [
              5.371340032185368,
              43.214551384307576
            ],
            [
              5.3727699050084174,
              43.21928316269606
            ],
            [
              5.367985346908449,
              43.22229123332521
            ],
            [
              5.361771277418885,
              43.22056740321134
            ]
          ]
        ]
      },
      "properties": {
        "uuid": "1c9be37c-e7ac-480e-8b67-cccceff23db9",
        "h3_index": "883968001dfffff",
        "city_code": "13055",
        "city_name": "Marseille",
        "latitude": 43.21755958480541,
        "longitude": 5.3665557455042645,
        "manual_surge": 0,
        "available": true,
        "status": "active"
      }
    },
    {
      "type": "Feature",
      "geometry": {
        "type": "Polygon",
        "coordinates": [
          [
            [
              5.447855931177345,
              43.33539331476681
            ],
            [
              5.446418966721865,
              43.33066534142462
            ],
            [
              5.4512096715706875,
              43.327657849892965
            ],
            [
              5.457437701302209,
              43.32937820895075
            ],
            [
              5.458875388897269,
              43.33410627889196
            ],
            [
              5.454084323638673,
              43.3371138931943
            ],
            [
              5.447855931177345,
              43.33539331476681
            ]
          ]
        ]
      },
      "properties": {
        "uuid": "a01bd260-04a9-4e72-9618-f18fdd92d5c7",
        "h3_index": "8839681437fffff",
        "city_code": "13055",
        "city_name": "Marseille",
        "latitude": 43.33238595328571,
        "longitude": 5.45264690782202,
        "manual_surge": 0,
        "available": true,
        "status": "active"
      }
    },
    {
      "type": "Feature",
      "geometry": {
        "type": "Polygon",
        "coordinates": [
          [
            [
              5.4253700884581875,
              43.24252410713135
            ],
            [
              5.423936257907134,
              43.2377929098931
            ],
            [
              5.4287216209590685,
              43.23478256814308
            ],
            [
              5.434941174714037,
              43.23650330088486
            ],
            [
              5.436375726811918,
              43.24123459531989
            ],
            [
              5.431590003625284,
              43.244245059834206
            ],
            [
              5.4253700884581875,
              43.24252410713135
            ]
          ]
        ]
      },
      "properties": {
        "uuid": "37a30547-30d9-4c6b-bbd7-839fcfb4807d",
        "h3_index": "88396802b3fffff",
        "city_code": "13055",
        "city_name": "Marseille",
        "latitude": 43.23951389510494,
        "longitude": 5.430155722799138,
        "manual_surge": 0,
        "available": true,
        "status": "active"
      }
    },
    {
      "type": "Feature",
      "geometry": {
        "type": "Polygon",
        "coordinates": [
          [
            [
              5.36270393213181,
              43.24249942336043
            ],
            [
              5.361274338468869,
              43.23776852017688
            ],
            [
              5.366059802481692,
              43.23476147374275
            ],
            [
              5.372275221794592,
              43.236485208204556
            ],
            [
              5.3737055370866145,
              43.24121620938711
            ],
            [
              5.368919711453684,
              43.2442233781267
            ],
            [
              5.36270393213181,
              43.24249942336043
            ]
          ]
        ]
      },
      "properties": {
        "uuid": "970821e5-a68d-4f30-872d-8120c76e399e",
        "h3_index": "883968005bfffff",
        "city_code": "13055",
        "city_name": "Marseille",
        "latitude": 43.23949250690852,
        "longitude": 5.367489667720251,
        "manual_surge": 0,
        "available": true,
        "status": "active"
      }
    },
    {
      "type": "Feature",
      "geometry": {
        "type": "Polygon",
        "coordinates": [
          [
            [
              5.3783912476462366,
              43.35082112831239
            ],
            [
              5.376958715978586,
              43.34609403113272
            ],
            [
              5.381750434942975,
              43.34309086648795
            ],
            [
              5.387975047789292,
              43.344814676804475
            ],
            [
              5.38940830296093,
              43.34954187141949
            ],
            [
              5.3846162217994165,
              43.35254515830053
            ],
            [
              5.3783912476462366,
              43.35082112831239
            ]
          ]
        ]
      },
      "properties": {
        "uuid": "a5ec8da9-9f35-4cca-8a51-06812d8cc63b",
        "h3_index": "8839681733fffff",
        "city_code": "13055",
        "city_name": "Marseille",
        "latitude": 43.34781809407365,
        "longitude": 5.383183238827676,
        "manual_surge": 0,
        "available": true,
        "status": "active"
      }
    },
    {
      "type": "Feature",
      "geometry": {
        "type": "Polygon",
        "coordinates": [
          [
            [
              5.385646794419661,
              43.26186188292912
            ],
            [
              5.384215314416048,
              43.257131562375044
            ],
            [
              5.389001862915103,
              43.25412414888978
            ],
            [
              5.395220252680693,
              43.25584693353619
            ],
            [
              5.39665245462176,
              43.26057735173121
            ],
            [
              5.391865544876932,
              43.26358488765673
            ],
            [
              5.385646794419661,
              43.26186188292912
            ]
          ]
        ]
      },
      "properties": {
        "uuid": "c0c6ec1b-7128-42da-90b0-94a7e090c5a7",
        "h3_index": "883968028dfffff",
        "city_code": "13055",
        "city_name": "Marseille",
        "latitude": 43.258854599419124,
        "longitude": 5.390433614516776,
        "manual_surge": 0,
        "available": true,
        "status": "active"
      }
    },
    {
      "type": "Feature",
      "geometry": {
        "type": "Polygon",
        "coordinates": [
          [
            [
              5.4301262503799546,
              43.352146220870175
            ],
            [
              5.42869019408421,
              43.34741893162347
            ],
            [
              5.433481902821617,
              43.34441310182235
            ],
            [
              5.439710028850497,
              43.34613443867277
            ],
            [
              5.441146808603995,
              43.35086182468891
            ],
            [
              5.436354738888255,
              43.353867777103126
            ],
            [
              5.4301262503799546,
              43.352146220870175
            ]
          ]
        ]
      },
      "properties": {
        "uuid": "ac16d4c5-410c-4eac-8f32-2ed22074210b",
        "h3_index": "8839681407fffff",
        "city_code": "13055",
        "city_name": "Marseille",
        "latitude": 43.34914052126792,
        "longitude": 5.434918231105378,
        "manual_surge": 0,
        "available": true,
        "status": "active"
      }
    },
    {
      "type": "Feature",
      "geometry": {
        "type": "Polygon",
        "coordinates": [
          [
            [
              5.48709797348799,
              43.22057362642575
            ],
            [
              5.4856603523662555,
              43.215841361091
            ],
            [
              5.490444335528458,
              43.212826823197084
            ],
            [
              5.496666298307365,
              43.21454442740312
            ],
            [
              5.498104640507004,
              43.21927678921653
            ],
            [
              5.493320298867388,
              43.22229145036312
            ],
            [
              5.48709797348799,
              43.22057362642575
            ]
          ]
        ]
      },
      "properties": {
        "uuid": "613f06dd-487c-4151-8ca8-82121ef60897",
        "h3_index": "883968054bfffff",
        "city_code": "13055",
        "city_name": "Marseille",
        "latitude": 43.217559217900714,
        "longitude": 5.49188222751097,
        "manual_surge": 0,
        "available": true,
        "status": "active"
      }
    },
    {
      "type": "Feature",
      "geometry": {
        "type": "Polygon",
        "coordinates": [
          [
            [
              5.420563020477177,
              43.301858975057925
            ],
            [
              5.419128485434709,
              43.2971299230799
            ],
            [
              5.423917293121473,
              43.294122409507004
            ],
            [
              5.430140996634344,
              43.295843825302384
            ],
            [
              5.4315762542668935,
              43.30057297434098
            ],
            [
              5.4267870858138,
              43.303580610541516
            ],
            [
              5.420563020477177,
              43.301858975057925
            ]
          ]
        ]
      },
      "properties": {
        "uuid": "b07e6c20-fd1b-4a03-a188-f4862053a551",
        "h3_index": "88396815e1fffff",
        "city_code": "13055",
        "city_name": "Marseille",
        "latitude": 43.298851591497,
        "longitude": 5.425352099864852,
        "manual_surge": 0,
        "available": true,
        "status": "active"
      }
    },
    {
      "type": "Feature",
      "geometry": {
        "type": "Polygon",
        "coordinates": [
          [
            [
              5.51008455627677,
              43.239921766311305
            ],
            [
              5.50864504568659,
              43.235190087209254
            ],
            [
              5.513430103901815,
              43.232175179423514
            ],
            [
              5.5196550308226895,
              43.233891827371195
            ],
            [
              5.521095262794728,
              43.238623602593464
            ],
            [
              5.516309846481651,
              43.24163863376572
            ],
            [
              5.51008455627677,
              43.239921766311305
            ]
          ]
        ]
      },
      "properties": {
        "uuid": "42e6ff6b-42ae-456c-b61c-af99a22cbe15",
        "h3_index": "883968046dfffff",
        "city_code": "13055",
        "city_name": "Marseille",
        "latitude": 43.23690698788756,
        "longitude": 5.514869885372973,
        "manual_surge": 0,
        "available": true,
        "status": "active"
      }
    },
    {
      "type": "Feature",
      "geometry": {
        "type": "Polygon",
        "coordinates": [
          [
            [
              5.411012091442557,
              43.251552449781975
            ],
            [
              5.409579075008834,
              43.246821641915055
            ],
            [
              5.414364984875654,
              43.243812446805705
            ],
            [
              5.42058427174753,
              43.245533936937406
            ],
            [
              5.422018009905022,
              43.2502648421549
            ],
            [
              5.417231739484089,
              43.253274159908
            ],
            [
              5.411012091442557,
              43.251552449781975
            ]
          ]
        ]
      },
      "properties": {
        "uuid": "dc457028-be16-4a8c-9f8d-de1e82003bdf",
        "h3_index": "88396802b9fffff",
        "city_code": "13055",
        "city_name": "Marseille",
        "latitude": 43.24854338449648,
        "longitude": 5.415798272723535,
        "manual_surge": 0,
        "available": true,
        "status": "active"
      }
    },
    {
      "type": "Feature",
      "geometry": {
        "type": "Polygon",
        "coordinates": [
          [
            [
              5.3970677939996285,
              43.35599236119679
            ],
            [
              5.395633908301996,
              43.35126536307789
            ],
            [
              5.40042589691128,
              43.348261440485366
            ],
            [
              5.406652133034056,
              43.34998439366503
            ],
            [
              5.408086742301698,
              43.354711488963076
            ],
            [
              5.403294391893799,
              43.35771553392022
            ],
            [
              5.3970677939996285,
              43.35599236119679
            ]
          ]
        ]
      },
      "properties": {
        "uuid": "fd49472a-2835-4c78-8802-2a6558ce23c4",
        "h3_index": "8839681461fffff",
        "city_code": "13055",
        "city_name": "Marseille",
        "latitude": 43.35298856895654,
        "longitude": 5.401860054774418,
        "manual_surge": 0,
        "available": true,
        "status": "active"
      }
    },
    {
      "type": "Feature",
      "geometry": {
        "type": "Polygon",
        "coordinates": [
          [
            [
              5.486650434146903,
              43.29412536330855
            ],
            [
              5.485211564130467,
              43.28939573101671
            ],
            [
              5.489999804736199,
              43.28638440589647
            ],
            [
              5.4962272745021705,
              43.28810258996272
            ],
            [
              5.497666866880947,
              43.29283231849511
            ],
            [
              5.49287826714899,
              43.295843766738635
            ],
            [
              5.486650434146903,
              43.29412536330855
            ]
          ]
        ]
      },
      "properties": {
        "uuid": "7270f4a7-0f19-424e-a4bc-f86b72a18e81",
        "h3_index": "883968066dfffff",
        "city_code": "13055",
        "city_name": "Marseille",
        "latitude": 43.291114167892836,
        "longitude": 5.49143894609771,
        "manual_surge": 0,
        "available": true,
        "status": "active"
      }
    },
    {
      "type": "Feature",
      "geometry": {
        "type": "Polygon",
        "coordinates": [
          [
            [
              5.367374731742326,
              43.35209921132578
            ],
            [
              5.365942923615447,
              43.347372211717904
            ],
            [
              5.370734734490011,
              43.34436968268907
            ],
            [
              5.376958715978586,
              43.34609403113272
            ],
            [
              5.3783912476462366,
              43.35082112831239
            ],
            [
              5.373599074301648,
              43.35382377949452
            ],
            [
              5.367374731742326,
              43.35209921132578
            ]
          ]
        ]
      },
      "properties": {
        "uuid": "c276aef6-06c2-4d1e-b4ec-6c13c0507575",
        "h3_index": "8839681731fffff",
        "city_code": "13055",
        "city_name": "Marseille",
        "latitude": 43.349096812754055,
        "longitude": 5.372166814892827,
        "manual_surge": 0,
        "available": true,
        "status": "active"
      }
    },
    {
      "type": "Feature",
      "geometry": {
        "type": "Polygon",
        "coordinates": [
          [
            [
              5.323314077728227,
              43.35719980782589
            ],
            [
              5.321885164128894,
              43.35247319986966
            ],
            [
              5.326677338954698,
              43.34947321317588
            ],
            [
              5.332898790957155,
              43.351199712635356
            ],
            [
              5.3343284282426815,
              43.35592641870911
            ],
            [
              5.329535889856491,
              43.358926527223765
            ],
            [
              5.323314077728227,
              43.35719980782589
            ]
          ]
        ]
      },
      "properties": {
        "uuid": "8efcf2bd-f015-46b8-9906-47913b0b8689",
        "h3_index": "8839681767fffff",
        "city_code": "13055",
        "city_name": "Marseille",
        "latitude": 43.35419995179355,
        "longitude": 5.328106525064812,
        "manual_surge": 0,
        "available": true,
        "status": "active"
      }
    },
    {
      "type": "Feature",
      "geometry": {
        "type": "Polygon",
        "coordinates": [
          [
            [
              5.386586413312267,
              43.28378792234374
            ],
            [
              5.385154489920637,
              43.27905838147953
            ],
            [
              5.389942306960922,
              43.276051870487706
            ],
            [
              5.3961624088251785,
              43.27777477796839
            ],
            [
              5.397595054536193,
              43.28250441638832
            ],
            [
              5.3928068760807335,
              43.28551104978972
            ],
            [
              5.386586413312267,
              43.28378792234374
            ]
          ]
        ]
      },
      "properties": {
        "uuid": "be3b7438-bcad-44f8-9504-bc718abcc06c",
        "h3_index": "88396802cbfffff",
        "city_code": "13055",
        "city_name": "Marseille",
        "latitude": 43.280781541422456,
        "longitude": 5.391374502090455,
        "manual_surge": 0,
        "available": true,
        "status": "active"
      }
    },
    {
      "type": "Feature",
      "geometry": {
        "type": "Polygon",
        "coordinates": [
          [
            [
              5.443076615583683,
              43.22574925003829
            ],
            [
              5.441641879154647,
              43.221017371985496
            ],
            [
              5.44642624123376,
              43.2180053721804
            ],
            [
              5.452645699327678,
              43.219725127523255
            ],
            [
              5.454081156986715,
              43.22445710260159
            ],
            [
              5.449296435339189,
              43.22746922532941
            ],
            [
              5.443076615583683,
              43.22574925003829
            ]
          ]
        ]
      },
      "properties": {
        "uuid": "d21a263f-f672-4049-9d87-f21b96e11ea0",
        "h3_index": "88396800d3fffff",
        "city_code": "13055",
        "city_name": "Marseille",
        "latitude": 43.222737379807434,
        "longitude": 5.447861248760438,
        "manual_surge": 0,
        "available": true,
        "status": "active"
      }
    },
    {
      "type": "Feature",
      "geometry": {
        "type": "Polygon",
        "coordinates": [
          [
            [
              5.497666866880947,
              43.29283231849511
            ],
            [
              5.4962272745021705,
              43.28810258996272
            ],
            [
              5.501015419303958,
              43.28509062954494
            ],
            [
              5.507243515354581,
              43.286808274471774
            ],
            [
              5.508683830057137,
              43.29153809910798
            ],
            [
              5.503895326402928,
              43.294550182731484
            ],
            [
              5.497666866880947,
              43.29283231849511
            ]
          ]
        ]
      },
      "properties": {
        "uuid": "dad8b8dc-3a84-4090-ae8b-f3dfdd9f80e3",
        "h3_index": "8839680661fffff",
        "city_code": "13055",
        "city_name": "Marseille",
        "latitude": 43.289820487730594,
        "longitude": 5.502455282968255,
        "manual_surge": 0,
        "available": true,
        "status": "active"
      }
    },
    {
      "type": "Feature",
      "geometry": {
        "type": "Polygon",
        "coordinates": [
          [
            [
              5.3343284282426815,
              43.35592641870911
            ],
            [
              5.332898790957155,
              43.351199712635356
            ],
            [
              5.337690875348502,
              43.34819909037735
            ],
            [
              5.343912960330383,
              43.349925052306986
            ],
            [
              5.345343321266024,
              43.354651856361876
            ],
            [
              5.340550873586667,
              43.35765260052391
            ],
            [
              5.3343284282426815,
              43.35592641870911
            ]
          ]
        ]
      },
      "properties": {
        "uuid": "c9488320-2f2f-47cf-b2c1-1563a7d50c76",
        "h3_index": "8839681729fffff",
        "city_code": "13055",
        "city_name": "Marseille",
        "latitude": 43.3529259270615,
        "longitude": 5.339120785086227,
        "manual_surge": 0,
        "available": true,
        "status": "active"
      }
    },
    {
      "type": "Feature",
      "geometry": {
        "type": "Polygon",
        "coordinates": [
          [
            [
              5.426320298317636,
              43.264456583573825
            ],
            [
              5.424886023158357,
              43.259726165538254
            ],
            [
              5.429672654008001,
              43.25671672509653
            ],
            [
              5.435893920337411,
              43.258437579974725
            ],
            [
              5.437328917425084,
              43.263168095122
            ],
            [
              5.432541926272261,
              43.26617765829725
            ],
            [
              5.426320298317636,
              43.264456583573825
            ]
          ]
        ]
      },
      "properties": {
        "uuid": "32948838-4614-438d-9d64-b0a571a55e98",
        "h3_index": "8839680291fffff",
        "city_code": "13055",
        "city_name": "Marseille",
        "latitude": 43.261447272951244,
        "longitude": 5.431107200595866,
        "manual_surge": 0,
        "available": true,
        "status": "active"
      }
    },
    {
      "type": "Feature",
      "geometry": {
        "type": "Polygon",
        "coordinates": [
          [
            [
              5.470357976945505,
              43.25929559213745
            ],
            [
              5.468920814298705,
              43.25456478647501
            ],
            [
              5.473707068134814,
              43.25155280651646
            ],
            [
              5.4799308438466605,
              43.253271509174304
            ],
            [
              5.481368728270582,
              43.25800241140174
            ],
            [
              5.47658211522299,
              43.26101451442421
            ],
            [
              5.470357976945505,
              43.25929559213745
            ]
          ]
        ]
      },
      "properties": {
        "uuid": "63fa1681-215d-4b5e-9f59-1e87c6c05614",
        "h3_index": "8839680709fffff",
        "city_code": "13055",
        "city_name": "Marseille",
        "latitude": 43.256283741792906,
        "longitude": 5.475144501973419,
        "manual_surge": 0,
        "available": true,
        "status": "active"
      }
    },
    {
      "type": "Feature",
      "geometry": {
        "type": "Polygon",
        "coordinates": [
          [
            [
              5.372608229814767,
              43.388184733072514
            ],
            [
              5.371175440641379,
              43.3834590088015
            ],
            [
              5.375969340224038,
              43.380457776568015
            ],
            [
              5.382196391660192,
              43.38218214649167
            ],
            [
              5.383629905001023,
              43.38690796814546
            ],
            [
              5.378835642755434,
              43.389909322510725
            ],
            [
              5.372608229814767,
              43.388184733072514
            ]
          ]
        ]
      },
      "properties": {
        "uuid": "3cf16205-a61d-47ba-b454-be7541919e68",
        "h3_index": "8839681753fffff",
        "city_code": "13055",
        "city_name": "Marseille",
        "latitude": 43.385183631436064,
        "longitude": 5.377402401887775,
        "manual_surge": 0,
        "available": true,
        "status": "active"
      }
    },
    {
      "type": "Feature",
      "geometry": {
        "type": "Polygon",
        "coordinates": [
          [
            [
              5.5163538613537515,
              43.297985051738124
            ],
            [
              5.51491291569151,
              43.29325542400288
            ],
            [
              5.519701322899117,
              43.29024270498848
            ],
            [
              5.525931034238179,
              43.291959490394234
            ],
            [
              5.527372702286915,
              43.29668921397687
            ],
            [
              5.522583936627777,
              43.29970205632426
            ],
            [
              5.5163538613537515,
              43.297985051738124
            ]
          ]
        ]
      },
      "properties": {
        "uuid": "a9068f80-2583-45da-bd2d-44124a72854a",
        "h3_index": "883968060dfffff",
        "city_code": "13055",
        "city_name": "Marseille",
        "latitude": 43.294972462323194,
        "longitude": 5.521142539793934,
        "manual_surge": 0,
        "available": true,
        "status": "active"
      }
    },
    {
      "type": "Feature",
      "geometry": {
        "type": "Polygon",
        "coordinates": [
          [
            [
              5.4258186197891085,
              43.337963862512716
            ],
            [
              5.424383101726094,
              43.33323608277844
            ],
            [
              5.4291739946467,
              43.33022986247263
            ],
            [
              5.435400766604492,
              43.33195129931373
            ],
            [
              5.43683700788258,
              43.336679175920274
            ],
            [
              5.432045754005142,
              43.33968551883135
            ],
            [
              5.4258186197891085,
              43.337963862512716
            ]
          ]
        ]
      },
      "properties": {
        "uuid": "e2d79d06-a5b3-44e3-b281-0ccc2ee5fb68",
        "h3_index": "8839681423fffff",
        "city_code": "13055",
        "city_name": "Marseille",
        "latitude": 43.3349577723598,
        "longitude": 5.430609784624103,
        "manual_surge": 0,
        "available": true,
        "status": "active"
      }
    },
    {
      "type": "Feature",
      "geometry": {
        "type": "Polygon",
        "coordinates": [
          [
            [
              5.356922056401997,
              43.27989755267667
            ],
            [
              5.355492206861171,
              43.275168012674534
            ],
            [
              5.3602798455236345,
              43.27216289378195
            ],
            [
              5.366497695828392,
              43.27388719271073
            ],
            [
              5.367928267659019,
              43.27861683066104
            ],
            [
              5.36314026691211,
              43.281622071752274
            ],
            [
              5.356922056401997,
              43.27989755267667
            ]
          ]
        ]
      },
      "properties": {
        "uuid": "64a3f289-1b92-472c-a1cb-4efe79074fd6",
        "h3_index": "883968021bfffff",
        "city_code": "13055",
        "city_name": "Marseille",
        "latitude": 43.27689256395942,
        "longitude": 5.36170996691233,
        "manual_surge": 0,
        "available": true,
        "status": "active"
      }
    },
    {
      "type": "Feature",
      "geometry": {
        "type": "Polygon",
        "coordinates": [
          [
            [
              5.394239428963443,
              43.29024039552447
            ],
            [
              5.3928068760807335,
              43.28551104978972
            ],
            [
              5.397595054536193,
              43.28250441638832
            ],
            [
              5.403816147181572,
              43.28422700628488
            ],
            [
              5.405249422486423,
              43.28895644945585
            ],
            [
              5.400460882740953,
              43.29196320531192
            ],
            [
              5.394239428963443,
              43.29024039552447
            ]
          ]
        ]
      },
      "properties": {
        "uuid": "77265f10-57ca-4c0e-b58b-3ceeadb5a2c5",
        "h3_index": "8839681537fffff",
        "city_code": "13055",
        "city_name": "Marseille",
        "latitude": 43.28723389219116,
        "longitude": 5.399027879164201,
        "manual_surge": 0,
        "available": true,
        "status": "active"
      }
    },
    {
      "type": "Feature",
      "geometry": {
        "type": "Polygon",
        "coordinates": [
          [
            [
              5.414364984875654,
              43.243812446805705
            ],
            [
              5.412931875908777,
              43.23908134690085
            ],
            [
              5.417717332212355,
              43.23607163977643
            ],
            [
              5.423936257907134,
              43.2377929098931
            ],
            [
              5.4253700884581875,
              43.24252410713135
            ],
            [
              5.42058427174753,
              43.245533936937406
            ],
            [
              5.414364984875654,
              43.243812446805705
            ]
          ]
        ]
      },
      "properties": {
        "uuid": "c2175b75-b8df-4e46-99b8-93a4ee41759f",
        "h3_index": "88396802b1fffff",
        "city_code": "13055",
        "city_name": "Marseille",
        "latitude": 43.24080286945618,
        "longitude": 5.4191507125272045,
        "manual_surge": 0,
        "available": true,
        "status": "active"
      }
    },
    {
      "type": "Feature",
      "geometry": {
        "type": "Polygon",
        "coordinates": [
          [
            [
              5.341052774789547,
              43.340470954642676
            ],
            [
              5.339622950120875,
              43.33574366116294
            ],
            [
              5.344414126676442,
              43.332742011741466
            ],
            [
              5.350635490910132,
              43.33446753383825
            ],
            [
              5.352066038949358,
              43.33919492526545
            ],
            [
              5.347274499401306,
              43.34219669666629
            ],
            [
              5.341052774789547,
              43.340470954642676
            ]
          ]
        ]
      },
      "properties": {
        "uuid": "1bbada5d-8a32-47c5-8c6f-12dcbb33d8ce",
        "h3_index": "8839681727fffff",
        "city_code": "13055",
        "city_name": "Marseille",
        "latitude": 43.33746943573461,
        "longitude": 5.345844223664566,
        "manual_surge": 0,
        "available": true,
        "status": "active"
      }
    },
    {
      "type": "Feature",
      "geometry": {
        "type": "Polygon",
        "coordinates": [
          [
            [
              5.5019867226207495,
              43.307020524630936
            ],
            [
              5.500546590908385,
              43.30229128589429
            ],
            [
              5.505335549639841,
              43.29927971448256
            ],
            [
              5.511564998973936,
              43.30099725861224
            ],
            [
              5.513005853251902,
              43.30572659335012
            ],
            [
              5.5082165356478,
              43.30873828797502
            ],
            [
              5.5019867226207495,
              43.307020524630936
            ]
          ]
        ]
      },
      "properties": {
        "uuid": "5e4205dd-4a5d-4157-8001-70447785757d",
        "h3_index": "8839680645fffff",
        "city_code": "13055",
        "city_name": "Marseille",
        "latitude": 43.30400908291875,
        "longitude": 5.506775952710821,
        "manual_surge": 0,
        "available": true,
        "status": "active"
      }
    },
    {
      "type": "Feature",
      "geometry": {
        "type": "Polygon",
        "coordinates": [
          [
            [
              5.368310399705004,
              43.3740070690927
            ],
            [
              5.3668781478784515,
              43.369280853784424
            ],
            [
              5.371671230138068,
              43.366279229851116
            ],
            [
              5.377896926881787,
              43.3680036991203
            ],
            [
              5.3793299026323975,
              43.37273001191432
            ],
            [
              5.374536457732374,
              43.37573175797131
            ],
            [
              5.368310399705004,
              43.3740070690927
            ]
          ]
        ]
      },
      "properties": {
        "uuid": "a41d7915-0352-4f49-be8f-612415832ed4",
        "h3_index": "883968171dfffff",
        "city_code": "13055",
        "city_name": "Marseille",
        "latitude": 43.37100557571075,
        "longitude": 5.373103754380977,
        "manual_surge": 0,
        "available": true,
        "status": "active"
      }
    },
    {
      "type": "Feature",
      "geometry": {
        "type": "Polygon",
        "coordinates": [
          [
            [
              5.444031451361869,
              43.247686109954564
            ],
            [
              5.442596269868945,
              43.24295501044575
            ],
            [
              5.447381899163621,
              43.23994391121168
            ],
            [
              5.453603069705054,
              43.24166378861256
            ],
            [
              5.4550389728092945,
              43.24639498506203
            ],
            [
              5.45025298377815,
              43.24940620718787
            ],
            [
              5.444031451361869,
              43.247686109954564
            ]
          ]
        ]
      },
      "properties": {
        "uuid": "5a270044-1204-403d-b4f4-31dc08c1fc56",
        "h3_index": "8839680761fffff",
        "city_code": "13055",
        "city_name": "Marseille",
        "latitude": 43.244675140390505,
        "longitude": 5.448817351893611,
        "manual_surge": 0,
        "available": true,
        "status": "active"
      }
    },
    {
      "type": "Feature",
      "geometry": {
        "type": "Polygon",
        "coordinates": [
          [
            [
              5.468434225458905,
              43.215418442165
            ],
            [
              5.4669979548095915,
              43.2106860786183
            ],
            [
              5.471781674376197,
              43.20767229838864
            ],
            [
              5.478002023485956,
              43.20939075859786
            ],
            [
              5.479439015149845,
              43.214123218879365
            ],
            [
              5.474654936706857,
              43.2171371222347
            ],
            [
              5.468434225458905,
              43.215418442165
            ]
          ]
        ]
      },
      "properties": {
        "uuid": "69946a32-fe33-4700-9a7d-8b55d42ced3c",
        "h3_index": "883968054dfffff",
        "city_code": "13055",
        "city_name": "Marseille",
        "latitude": 43.212404791357805,
        "longitude": 5.4732182159386795,
        "manual_surge": 0,
        "available": true,
        "status": "active"
      }
    },
    {
      "type": "Feature",
      "geometry": {
        "type": "Polygon",
        "coordinates": [
          [
            [
              5.291189054043921,
              43.38291359943334
            ],
            [
              5.289761870702433,
              43.378188070344756
            ],
            [
              5.2945555865587695,
              43.375190896920934
            ],
            [
              5.300776850322277,
              43.3769191310623
            ],
            [
              5.302204757840828,
              43.38164475859134
            ],
            [
              5.297410677435634,
              43.38464205355647
            ],
            [
              5.291189054043921,
              43.38291359943334
            ]
          ]
        ]
      },
      "properties": {
        "uuid": "c4e97837-7ff9-4173-a978-8c100b408f51",
        "h3_index": "883968129dfffff",
        "city_code": "13055",
        "city_name": "Marseille",
        "latitude": 43.379916556918175,
        "longitude": 5.295983042727239,
        "manual_surge": 0,
        "available": true,
        "status": "active"
      }
    },
    {
      "type": "Feature",
      "geometry": {
        "type": "Polygon",
        "coordinates": [
          [
            [
              5.435389602975724,
              43.388237064978156
            ],
            [
              5.433952561890845,
              43.383511052811656
            ],
            [
              5.438746358235157,
              43.38050651794188
            ],
            [
              5.444977556850645,
              43.3822278726648
            ],
            [
              5.446415322019357,
              43.38695398141165
            ],
            [
              5.441621164506159,
              43.3899586388732
            ],
            [
              5.435389602975724,
              43.388237064978156
            ]
          ]
        ]
      },
      "properties": {
        "uuid": "7b4ca4fa-16a7-499b-ba87-7d1b04ded57e",
        "h3_index": "8839681459fffff",
        "city_code": "13055",
        "city_name": "Marseille",
        "latitude": 43.38523266044728,
        "longitude": 5.440183671521849,
        "manual_surge": 0,
        "available": true,
        "status": "active"
      }
    },
    {
      "type": "Feature",
      "geometry": {
        "type": "Polygon",
        "coordinates": [
          [
            [
              5.382689917150755,
              43.3650014393475
            ],
            [
              5.3812568482005325,
              43.36027483248462
            ],
            [
              5.386049383889982,
              43.35727205910377
            ],
            [
              5.392275350766328,
              43.35899577035953
            ],
            [
              5.393709143463666,
              43.3637224745549
            ],
            [
              5.388916245554724,
              43.36672537017993
            ],
            [
              5.382689917150755,
              43.3650014393475
            ]
          ]
        ]
      },
      "properties": {
        "uuid": "25babba5-fa0e-403e-bafe-1dd83deefbbf",
        "h3_index": "8839681717fffff",
        "city_code": "13055",
        "city_name": "Marseille",
        "latitude": 43.361998796418504,
        "longitude": 5.387482725131148,
        "manual_surge": 0,
        "available": true,
        "status": "active"
      }
    },
    {
      "type": "Feature",
      "geometry": {
        "type": "Polygon",
        "coordinates": [
          [
            [
              5.498104640507004,
              43.21927678921653
            ],
            [
              5.496666298307365,
              43.21454442740312
            ],
            [
              5.501450185820988,
              43.21152925495996
            ],
            [
              5.507672773756199,
              43.21324632101299
            ],
            [
              5.509111836995298,
              43.21797877916823
            ],
            [
              5.504327591277299,
              43.220994074946475
            ],
            [
              5.498104640507004,
              43.21927678921653
            ]
          ]
        ]
      },
      "properties": {
        "uuid": "09eb0231-c81a-450e-a03e-c3bc5a743c20",
        "h3_index": "883968055dfffff",
        "city_code": "13055",
        "city_name": "Marseille",
        "latitude": 43.216261746090844,
        "longitude": 5.502888798822003,
        "manual_surge": 0,
        "available": true,
        "status": "active"
      }
    },
    {
      "type": "Feature",
      "geometry": {
        "type": "Polygon",
        "coordinates": [
          [
            [
              5.3822911795190995,
              43.269598812262466
            ],
            [
              5.380859792445795,
              43.26486878403972
            ],
            [
              5.385646794419661,
              43.26186188292912
            ],
            [
              5.391865544876932,
              43.26358488765673
            ],
            [
              5.39329765402725,
              43.268315013537546
            ],
            [
              5.38851029066041,
              43.271322037050524
            ],
            [
              5.3822911795190995,
              43.269598812262466
            ]
          ]
        ]
      },
      "properties": {
        "uuid": "0a5d78c3-e655-43bd-b38b-949221f51ba8",
        "h3_index": "88396802c7fffff",
        "city_code": "13055",
        "city_name": "Marseille",
        "latitude": 43.266592041175976,
        "longitude": 5.387078453157222,
        "manual_surge": 0,
        "available": true,
        "status": "active"
      }
    },
    {
      "type": "Feature",
      "geometry": {
        "type": "Polygon",
        "coordinates": [
          [
            [
              5.413852834531595,
              43.31732968884088
            ],
            [
              5.4124184847205195,
              43.312601223035124
            ],
            [
              5.417208200984111,
              43.30959473491506
            ],
            [
              5.423432628137116,
              43.31131659006626
            ],
            [
              5.424867700818102,
              43.3160451529666
            ],
            [
              5.4200776234935,
              43.319051763639045
            ],
            [
              5.413852834531595,
              43.31732968884088
            ]
          ]
        ]
      },
      "properties": {
        "uuid": "02cbdc87-40d8-45e8-af9e-3058fe82b4ef",
        "h3_index": "8839681513fffff",
        "city_code": "13055",
        "city_name": "Marseille",
        "latitude": 43.314323330830184,
        "longitude": 5.41864282262876,
        "manual_surge": 0,
        "available": true,
        "status": "active"
      }
    },
    {
      "type": "Feature",
      "geometry": {
        "type": "Polygon",
        "coordinates": [
          [
            [
              5.417208200984111,
              43.30959473491506
            ],
            [
              5.4157737585277985,
              43.30486597595864
            ],
            [
              5.420563020477177,
              43.301858975057925
            ],
            [
              5.4267870858138,
              43.303580610541516
            ],
            [
              5.428222251000109,
              43.30830946657554
            ],
            [
              5.423432628137116,
              43.31131659006626
            ],
            [
              5.417208200984111,
              43.30959473491506
            ]
          ]
        ]
      },
      "properties": {
        "uuid": "7df32200-7005-4c8c-86bf-2d75e1614c8a",
        "h3_index": "88396815e9fffff",
        "city_code": "13055",
        "city_name": "Marseille",
        "latitude": 43.30658786407504,
        "longitude": 5.421997734700723,
        "manual_surge": 0,
        "available": true,
        "status": "active"
      }
    },
    {
      "type": "Feature",
      "geometry": {
        "type": "Polygon",
        "coordinates": [
          [
            [
              5.4287216209590685,
              43.23478256814308
            ],
            [
              5.427287698073377,
              43.2300510790138
            ],
            [
              5.432072607518156,
              43.227040225428915
            ],
            [
              5.438291799853655,
              43.22876073818898
            ],
            [
              5.439726444146561,
              43.23349232449779
            ],
            [
              5.434941174714037,
              43.23650330088486
            ],
            [
              5.4287216209590685,
              43.23478256814308
            ]
          ]
        ]
      },
      "properties": {
        "uuid": "f511ceab-4076-4582-ad87-0bfe93fd96ea",
        "h3_index": "88396800d9fffff",
        "city_code": "13055",
        "city_name": "Marseille",
        "latitude": 43.23177184423283,
        "longitude": 5.433506801626694,
        "manual_surge": 0,
        "available": true,
        "status": "active"
      }
    },
    {
      "type": "Feature",
      "geometry": {
        "type": "Polygon",
        "coordinates": [
          [
            [
              5.377060594298346,
              43.233477527274985
            ],
            [
              5.375630186033267,
              43.228746234244944
            ],
            [
              5.380415105459178,
              43.22573804123428
            ],
            [
              5.3866307943684895,
              43.22746101884513
            ],
            [
              5.388061924086716,
              43.232192409720454
            ],
            [
              5.383276643459558,
              43.23520072515749
            ],
            [
              5.377060594298346,
              43.233477527274985
            ]
          ]
        ]
      },
      "properties": {
        "uuid": "89a46570-8ea8-46d5-b9a8-0a277212514d",
        "h3_index": "88396802a5fffff",
        "city_code": "13055",
        "city_name": "Marseille",
        "latitude": 43.230469464146346,
        "longitude": 5.38184578517512,
        "manual_surge": 0,
        "available": true,
        "status": "active"
      }
    },
    {
      "type": "Feature",
      "geometry": {
        "type": "Polygon",
        "coordinates": [
          [
            [
              5.4497712589054865,
              43.379222701657014
            ],
            [
              5.448333401341098,
              43.37449629857337
            ],
            [
              5.453126647989499,
              43.371490614127296
            ],
            [
              5.459358112966929,
              43.373211210071034
            ],
            [
              5.460796694436844,
              43.37793770958168
            ],
            [
              5.45600308704129,
              43.380943516739535
            ],
            [
              5.4497712589054865,
              43.379222701657014
            ]
          ]
        ]
      },
      "properties": {
        "uuid": "df21c619-5568-48ad-a0fe-5592e0259f09",
        "h3_index": "8839681453fffff",
        "city_code": "13055",
        "city_name": "Marseille",
        "latitude": 43.37621714745032,
        "longitude": 5.454564777629775,
        "manual_surge": 0,
        "available": true,
        "status": "active"
      }
    },
    {
      "type": "Feature",
      "geometry": {
        "type": "Polygon",
        "coordinates": [
          [
            [
              5.454562864849701,
              43.319921578726884
            ],
            [
              5.4531257159285635,
              43.31519301857416
            ],
            [
              5.457915511125293,
              43.31218450150599
            ],
            [
              5.464142815375673,
              43.313904421762814
            ],
            [
              5.465580687156025,
              43.3186330784806
            ],
            [
              5.4607905318442445,
              43.32164171839443
            ],
            [
              5.454562864849701,
              43.319921578726884
            ]
          ]
        ]
      },
      "properties": {
        "uuid": "28031c64-287e-4e9c-a09e-fbfd0d297e07",
        "h3_index": "88396815d5fffff",
        "city_code": "13055",
        "city_name": "Marseille",
        "latitude": 43.316913191611945,
        "longitude": 5.459352931709458,
        "manual_surge": 0,
        "available": true,
        "status": "active"
      }
    },
    {
      "type": "Feature",
      "geometry": {
        "type": "Polygon",
        "coordinates": [
          [
            [
              5.3597195738903265,
              43.345647325296305
            ],
            [
              5.358288395899238,
              43.34092012966307
            ],
            [
              5.363079844178692,
              43.3379177227421
            ],
            [
              5.369302833061408,
              43.33964238936441
            ],
            [
              5.370734734490011,
              43.34436968268907
            ],
            [
              5.365942923615447,
              43.347372211717904
            ],
            [
              5.3597195738903265,
              43.345647325296305
            ]
          ]
        ]
      },
      "properties": {
        "uuid": "0935fe98-2a39-47d1-a077-97fbb0515bb3",
        "h3_index": "8839681735fffff",
        "city_code": "13055",
        "city_name": "Marseille",
        "latitude": 43.34264504883507,
        "longitude": 5.364511294438155,
        "manual_surge": 0,
        "available": true,
        "status": "active"
      }
    },
    {
      "type": "Feature",
      "geometry": {
        "type": "Polygon",
        "coordinates": [
          [
            [
              5.4013705266096625,
              43.370172374157484
            ],
            [
              5.399936103121651,
              43.36544586680141
            ],
            [
              5.404728908301244,
              43.36244233531157
            ],
            [
              5.41095649880674,
              43.364165188823115
            ],
            [
              5.412391646107793,
              43.368891793255436
            ],
            [
              5.4075984791075715,
              43.37189544711785
            ],
            [
              5.4013705266096625,
              43.370172374157484
            ]
          ]
        ]
      },
      "properties": {
        "uuid": "49eca071-06a5-42fc-83f9-6e023f62cb5b",
        "h3_index": "8839681445fffff",
        "city_code": "13055",
        "city_name": "Marseille",
        "latitude": 43.36716897306571,
        "longitude": 5.406163604028545,
        "manual_surge": 0,
        "available": true,
        "status": "active"
      }
    },
    {
      "type": "Feature",
      "geometry": {
        "type": "Polygon",
        "coordinates": [
          [
            [
              5.4166981645871335,
              43.383070623783674
            ],
            [
              5.415262478966128,
              43.37834451080051
            ],
            [
              5.420056007661221,
              43.37534073452006
            ],
            [
              5.426285583563556,
              43.377062948777215
            ],
            [
              5.427721993203307,
              43.381789158597094
            ],
            [
              5.422928102939301,
              43.38479305734104
            ],
            [
              5.4166981645871335,
              43.383070623783674
            ]
          ]
        ]
      },
      "properties": {
        "uuid": "68f5e5cc-377f-45a5-b192-456f798ac165",
        "h3_index": "883968144bfffff",
        "city_code": "13055",
        "city_name": "Marseille",
        "latitude": 43.38006697789593,
        "longitude": 5.421491965536129,
        "manual_surge": 0,
        "available": true,
        "status": "active"
      }
    },
    {
      "type": "Feature",
      "geometry": {
        "type": "Polygon",
        "coordinates": [
          [
            [
              5.431079018612756,
              43.37405853645377
            ],
            [
              5.429642516355772,
              43.369332032391966
            ],
            [
              5.4344354962419965,
              43.36632710659694
            ],
            [
              5.440665339550014,
              43.368048562297965
            ],
            [
              5.442102565647865,
              43.37277516304313
            ],
            [
              5.437309224614213,
              43.37578021142183
            ],
            [
              5.431079018612756,
              43.37405853645377
            ]
          ]
        ]
      },
      "properties": {
        "uuid": "43069730-3996-46c4-91db-3cb357af9253",
        "h3_index": "8839681455fffff",
        "city_code": "13055",
        "city_name": "Marseille",
        "latitude": 43.371053740951915,
        "longitude": 5.4358722706271125,
        "manual_surge": 0,
        "available": true,
        "status": "active"
      }
    },
    {
      "type": "Feature",
      "geometry": {
        "type": "Polygon",
        "coordinates": [
          [
            [
              5.400006708854954,
              43.252838885306865
            ],
            [
              5.398574414182166,
              43.24810817492714
            ],
            [
              5.403360416837287,
              43.245099614502784
            ],
            [
              5.409579075008834,
              43.246821641915055
            ],
            [
              5.411012091442557,
              43.251552449781975
            ],
            [
              5.406225727961002,
              43.2545611327673
            ],
            [
              5.400006708854954,
              43.252838885306865
            ]
          ]
        ]
      },
      "properties": {
        "uuid": "bf354f21-55d2-4386-9979-a887984ea4aa",
        "h3_index": "8839680287fffff",
        "city_code": "13055",
        "city_name": "Marseille",
        "latitude": 43.24983045475763,
        "longitude": 5.404792982983126,
        "manual_surge": 0,
        "available": true,
        "status": "active"
      }
    },
    {
      "type": "Feature",
      "geometry": {
        "type": "Polygon",
        "coordinates": [
          [
            [
              5.465580687156025,
              43.3186330784806
            ],
            [
              5.464142815375673,
              43.313904421762814
            ],
            [
              5.468932515791912,
              43.310895269205986
            ],
            [
              5.4751604478474345,
              43.31261465045668
            ],
            [
              5.476599042448935,
              43.31734340360291
            ],
            [
              5.4718089821912725,
              43.32035267908797
            ],
            [
              5.465580687156025,
              43.3186330784806
            ]
          ]
        ]
      },
      "properties": {
        "uuid": "fb84a0b4-55c7-4669-a5bf-0f06dae9a94c",
        "h3_index": "88396815d7fffff",
        "city_code": "13055",
        "city_name": "Marseille",
        "latitude": 43.315624055825836,
        "longitude": 5.470370659175902,
        "manual_surge": 0,
        "available": true,
        "status": "active"
      }
    },
    {
      "type": "Feature",
      "geometry": {
        "type": "Polygon",
        "coordinates": [
          [
            [
              5.383769070679384,
              43.21799775150363
            ],
            [
              5.382338476645193,
              43.21326587516785
            ],
            [
              5.387122490069244,
              43.21025665832189
            ],
            [
              5.393337458451869,
              43.21197919532713
            ],
            [
              5.394768773660503,
              43.21671116947369
            ],
            [
              5.389984399329161,
              43.219720508822064
            ],
            [
              5.383769070679384,
              43.21799775150363
            ]
          ]
        ]
      },
      "properties": {
        "uuid": "f875f8ab-557d-4425-b231-aec64a7a0700",
        "h3_index": "8839680013fffff",
        "city_code": "13055",
        "city_name": "Marseille",
        "latitude": 43.21498866444168,
        "longitude": 5.388553355422096,
        "manual_surge": 0,
        "available": true,
        "status": "active"
      }
    },
    {
      "type": "Feature",
      "geometry": {
        "type": "Polygon",
        "coordinates": [
          [
            [
              5.437328917425084,
              43.263168095122
            ],
            [
              5.435893920337411,
              43.258437579974725
            ],
            [
              5.440680457485881,
              43.25542750467089
            ],
            [
              5.446902351769809,
              43.257147821716
            ],
            [
              5.448338070748326,
              43.261878433838355
            ],
            [
              5.443551173569425,
              43.264888631958385
            ],
            [
              5.437328917425084,
              43.263168095122
            ]
          ]
        ]
      },
      "properties": {
        "uuid": "194cc367-a338-4f05-8c31-ea0a983fb6ee",
        "h3_index": "8839680293fffff",
        "city_code": "13055",
        "city_name": "Marseille",
        "latitude": 43.26015814958603,
        "longitude": 5.44211572594306,
        "manual_surge": 0,
        "available": true,
        "status": "active"
      }
    },
    {
      "type": "Feature",
      "geometry": {
        "type": "Polygon",
        "coordinates": [
          [
            [
              5.4583886047398344,
              43.23865205464743
            ],
            [
              5.456952609661087,
              43.23392056622891
            ],
            [
              5.461737690751268,
              43.23090832053368
            ],
            [
              5.467959126254414,
              43.23262744026272
            ],
            [
              5.469395842766904,
              43.23735902546797
            ],
            [
              5.464610402359957,
              43.240371394175334
            ],
            [
              5.4583886047398344,
              43.23865205464743
            ]
          ]
        ]
      },
      "properties": {
        "uuid": "90c4ce50-0b5a-4e82-b071-b894336086d7",
        "h3_index": "8839680729fffff",
        "city_code": "13055",
        "city_name": "Marseille",
        "latitude": 43.235639938521906,
        "longitude": 5.463173956941733,
        "manual_surge": 0,
        "available": true,
        "status": "active"
      }
    },
    {
      "type": "Feature",
      "geometry": {
        "type": "Polygon",
        "coordinates": [
          [
            [
              5.421512603610094,
              43.323780033276684
            ],
            [
              5.4200776234935,
              43.319051763639045
            ],
            [
              5.424867700818102,
              43.3160451529666
            ],
            [
              5.431093119211883,
              43.3177666893521
            ],
            [
              5.432528822300978,
              43.322495055964716
            ],
            [
              5.427738384041093,
              43.325501789234714
            ],
            [
              5.421512603610094,
              43.323780033276684
            ]
          ]
        ]
      },
      "properties": {
        "uuid": "aeeae5c8-8eef-40aa-ab31-3ce446e39147",
        "h3_index": "88396815cdfffff",
        "city_code": "13055",
        "city_name": "Marseille",
        "latitude": 43.32077355271106,
        "longitude": 5.426302952775492,
        "manual_surge": 0,
        "available": true,
        "status": "active"
      }
    },
    {
      "type": "Feature",
      "geometry": {
        "type": "Polygon",
        "coordinates": [
          [
            [
              5.2801738960772555,
              43.384181267166156
            ],
            [
              5.278747436948324,
              43.379455836654316
            ],
            [
              5.2835412418420145,
              43.37645929896364
            ],
            [
              5.289761870702433,
              43.378188070344756
            ],
            [
              5.291189054043921,
              43.38291359943334
            ],
            [
              5.286394884329221,
              43.38591025858196
            ],
            [
              5.2801738960772555,
              43.384181267166156
            ]
          ]
        ]
      },
      "properties": {
        "uuid": "c5fd6c33-a4d6-4676-9da6-68dcec015198",
        "h3_index": "883968128bfffff",
        "city_code": "13055",
        "city_name": "Marseille",
        "latitude": 43.381184860435106,
        "longitude": 5.284967973856308,
        "manual_surge": 0,
        "available": true,
        "status": "active"
      }
    },
    {
      "type": "Feature",
      "geometry": {
        "type": "Polygon",
        "coordinates": [
          [
            [
              5.41195849682663,
              43.27348222105194
            ],
            [
              5.4105250362036745,
              43.26875219267409
            ],
            [
              5.415312214199795,
              43.26574389935361
            ],
            [
              5.421533213559066,
              43.26746551181585
            ],
            [
              5.4229673962875475,
              43.27219563745915
            ],
            [
              5.418179857568494,
              43.27520405339266
            ],
            [
              5.41195849682663,
              43.27348222105194
            ]
          ]
        ]
      },
      "properties": {
        "uuid": "15d99b3c-550d-420e-bab4-7ce30c6972f8",
        "h3_index": "88396802d7fffff",
        "city_code": "13055",
        "city_name": "Marseille",
        "latitude": 43.27047405765074,
        "longitude": 5.416745946376598,
        "manual_surge": 0,
        "available": true,
        "status": "active"
      }
    },
    {
      "type": "Feature",
      "geometry": {
        "type": "Polygon",
        "coordinates": [
          [
            [
              5.426770050446645,
              43.35987853282685
            ],
            [
              5.425334086730785,
              43.35515153745316
            ],
            [
              5.4301262503799546,
              43.352146220870175
            ],
            [
              5.436354738888255,
              43.353867777103126
            ],
            [
              5.4377914262020735,
              43.3585948692631
            ],
            [
              5.43299890142699,
              43.36160030842174
            ],
            [
              5.426770050446645,
              43.35987853282685
            ]
          ]
        ]
      },
      "properties": {
        "uuid": "27e6e23f-225f-42da-a216-794dec25c09b",
        "h3_index": "8839681401fffff",
        "city_code": "13055",
        "city_name": "Marseille",
        "latitude": 43.35687334649121,
        "longitude": 5.431562486150263,
        "manual_surge": 0,
        "available": true,
        "status": "active"
      }
    },
    {
      "type": "Feature",
      "geometry": {
        "type": "Polygon",
        "coordinates": [
          [
            [
              5.386049383889982,
              43.35727205910377
            ],
            [
              5.3846162217994165,
              43.35254515830053
            ],
            [
              5.38940830296093,
              43.34954187141949
            ],
            [
              5.395633908301996,
              43.35126536307789
            ],
            [
              5.3970677939996285,
              43.35599236119679
            ],
            [
              5.392275350766328,
              43.35899577035953
            ],
            [
              5.386049383889982,
              43.35727205910377
            ]
          ]
        ]
      },
      "properties": {
        "uuid": "ad90ee6b-2f89-44f7-9019-a78f53c88bbe",
        "h3_index": "883968146dfffff",
        "city_code": "13055",
        "city_name": "Marseille",
        "latitude": 43.35426890262612,
        "longitude": 5.39084173727602,
        "manual_surge": 0,
        "available": true,
        "status": "active"
      }
    },
    {
      "type": "Feature",
      "geometry": {
        "type": "Polygon",
        "coordinates": [
          [
            [
              5.44354557630604,
              43.321208904501546
            ],
            [
              5.442109150282075,
              43.31648044105058
            ],
            [
              5.44689903989033,
              43.31347255945943
            ],
            [
              5.4531257159285635,
              43.31519301857416
            ],
            [
              5.454562864849701,
              43.319921578726884
            ],
            [
              5.44977261485285,
              43.322929583081034
            ],
            [
              5.44354557630604,
              43.321208904501546
            ]
          ]
        ]
      },
      "properties": {
        "uuid": "56317901-4c97-4a39-9977-852330c2bb3c",
        "h3_index": "88396815c3fffff",
        "city_code": "13055",
        "city_name": "Marseille",
        "latitude": 43.31820115291486,
        "longitude": 5.448335737636674,
        "manual_surge": 0,
        "available": true,
        "status": "active"
      }
    },
    {
      "type": "Feature",
      "geometry": {
        "type": "Polygon",
        "coordinates": [
          [
            [
              5.500044638126232,
              43.26315670505352
            ],
            [
              5.498605401714648,
              43.2584259023783
            ],
            [
              5.503391823499744,
              43.25541252936539
            ],
            [
              5.509617840252304,
              43.25712983577205
            ],
            [
              5.511057798465796,
              43.261860734619226
            ],
            [
              5.506271018142423,
              43.26487423090568
            ],
            [
              5.500044638126232,
              43.26315670505352
            ]
          ]
        ]
      },
      "properties": {
        "uuid": "5fb8b14e-252c-4b74-acc7-c31529d8a931",
        "h3_index": "8839680719fffff",
        "city_code": "13055",
        "city_name": "Marseille",
        "latitude": 43.26014346154962,
        "longitude": 5.504831330991118,
        "manual_surge": 0,
        "available": true,
        "status": "active"
      }
    },
    {
      "type": "Feature",
      "geometry": {
        "type": "Polygon",
        "coordinates": [
          [
            [
              5.405769013180258,
              43.21542341644603
            ],
            [
              5.40433697683402,
              43.21069134462531
            ],
            [
              5.409120805563544,
              43.20768085917862
            ],
            [
              5.415337031020096,
              43.20940232290246
            ],
            [
              5.416769788466914,
              43.21413449226075
            ],
            [
              5.411985599373767,
              43.21714510037544
            ],
            [
              5.405769013180258,
              43.21542341644603
            ]
          ]
        ]
      },
      "properties": {
        "uuid": "fa092728-5e69-43ca-892e-86963b387429",
        "h3_index": "88396800c7fffff",
        "city_code": "13055",
        "city_name": "Marseille",
        "latitude": 43.21241306068072,
        "longitude": 5.410553113110969,
        "manual_surge": 0,
        "available": true,
        "status": "active"
      }
    },
    {
      "type": "Feature",
      "geometry": {
        "type": "Polygon",
        "coordinates": [
          [
            [
              5.358415686427383,
              43.228306228180934
            ],
            [
              5.356986627985606,
              43.22357483949882
            ],
            [
              5.361771277418885,
              43.22056740321134
            ],
            [
              5.367985346908449,
              43.22229123332521
            ],
            [
              5.369415126737139,
              43.22702272010844
            ],
            [
              5.364630115706363,
              43.23003027869453
            ],
            [
              5.358415686427383,
              43.228306228180934
            ]
          ]
        ]
      },
      "properties": {
        "uuid": "31c74800-fc9f-47b7-ac7e-9f4e7612f9e2",
        "h3_index": "8839680057fffff",
        "city_code": "13055",
        "city_name": "Marseille",
        "latitude": 43.22529892182899,
        "longitude": 5.363200607362626,
        "manual_surge": 0,
        "available": true,
        "status": "active"
      }
    },
    {
      "type": "Feature",
      "geometry": {
        "type": "Polygon",
        "coordinates": [
          [
            [
              5.40042589691128,
              43.348261440485366
            ],
            [
              5.398991918272576,
              43.34353414857155
            ],
            [
              5.403783452309475,
              43.34052971265722
            ],
            [
              5.410009326653298,
              43.34225244627247
            ],
            [
              5.411444028721946,
              43.34697983534858
            ],
            [
              5.406652133034056,
              43.34998439366503
            ],
            [
              5.40042589691128,
              43.348261440485366
            ]
          ]
        ]
      },
      "properties": {
        "uuid": "fea3a442-808e-49ad-b497-d2bd2eb366aa",
        "h3_index": "8839681467fffff",
        "city_code": "13055",
        "city_name": "Marseille",
        "latitude": 43.3452571348748,
        "longitude": 5.405217703047249,
        "manual_surge": 0,
        "available": true,
        "status": "active"
      }
    },
    {
      "type": "Feature",
      "geometry": {
        "type": "Polygon",
        "coordinates": [
          [
            [
              5.353563720567143,
              43.2876314062141
            ],
            [
              5.352133964353925,
              43.28290215883613
            ],
            [
              5.356922056401997,
              43.27989755267667
            ],
            [
              5.36314026691211,
              43.281622071752274
            ],
            [
              5.364570745554677,
              43.286351417095474
            ],
            [
              5.359782291274788,
              43.28935614541571
            ],
            [
              5.353563720567143,
              43.2876314062141
            ]
          ]
        ]
      },
      "properties": {
        "uuid": "58fbb746-4360-415a-b6b3-2a4363813f12",
        "h3_index": "8839681525fffff",
        "city_code": "13055",
        "city_name": "Marseille",
        "latitude": 43.28462693027872,
        "longitude": 5.358352084529297,
        "manual_surge": 0,
        "available": true,
        "status": "active"
      }
    },
    {
      "type": "Feature",
      "geometry": {
        "type": "Polygon",
        "coordinates": [
          [
            [
              5.3529973904691035,
              43.361104108481406
            ],
            [
              5.351566399420546,
              43.35637750044405
            ],
            [
              5.356358756024029,
              43.353376120621554
            ],
            [
              5.362582466583733,
              43.355101226821674
            ],
            [
              5.36401418134958,
              43.3598279325841
            ],
            [
              5.359221461855523,
              43.36282943443928
            ],
            [
              5.3529973904691035,
              43.361104108481406
            ]
          ]
        ]
      },
      "properties": {
        "uuid": "08c980cc-2c2e-4982-b6ae-88179b39e3f7",
        "h3_index": "8839681707fffff",
        "city_code": "13055",
        "city_name": "Marseille",
        "latitude": 43.3581028592156,
        "longitude": 5.357790019473756,
        "manual_surge": 0,
        "available": true,
        "status": "active"
      }
    },
    {
      "type": "Feature",
      "geometry": {
        "type": "Polygon",
        "coordinates": [
          [
            [
              5.448813337377331,
              43.35731003060396
            ],
            [
              5.447375926503218,
              43.352582841794245
            ],
            [
              5.4521679019162,
              43.349576253536846
            ],
            [
              5.458397648799121,
              43.35129673136597
            ],
            [
              5.45983578319564,
              43.35602401668881
            ],
            [
              5.455043447204257,
              43.35903072768732
            ],
            [
              5.448813337377331,
              43.35731003060396
            ]
          ]
        ]
      },
      "properties": {
        "uuid": "0b442f63-7a3b-4e1c-a053-a7851eaecbc4",
        "h3_index": "8839681415fffff",
        "city_code": "13055",
        "city_name": "Marseille",
        "latitude": 43.35430357249164,
        "longitude": 5.453605584726096,
        "manual_surge": 0,
        "available": true,
        "status": "active"
      }
    },
    {
      "type": "Feature",
      "geometry": {
        "type": "Polygon",
        "coordinates": [
          [
            [
              5.4291739946467,
              43.33022986247263
            ],
            [
              5.427738384041093,
              43.325501789234714
            ],
            [
              5.432528822300978,
              43.322495055964716
            ],
            [
              5.438755231993185,
              43.32421627330772
            ],
            [
              5.440191565673753,
              43.32894444340093
            ],
            [
              5.435400766604492,
              43.33195129931373
            ],
            [
              5.4291739946467,
              43.33022986247263
            ]
          ]
        ]
      },
      "properties": {
        "uuid": "61fd845f-eea4-4ff3-a5ba-fe20ae8cb842",
        "h3_index": "88396815c9fffff",
        "city_code": "13055",
        "city_name": "Marseille",
        "latitude": 43.32722325930691,
        "longitude": 5.433964704754564,
        "manual_surge": 0,
        "available": true,
        "status": "active"
      }
    },
    {
      "type": "Feature",
      "geometry": {
        "type": "Polygon",
        "coordinates": [
          [
            [
              5.397595054536193,
              43.28250441638832
            ],
            [
              5.3961624088251785,
              43.27777477796839
            ],
            [
              5.400950133459931,
              43.27476763200799
            ],
            [
              5.407170864965623,
              43.27649000199297
            ],
            [
              5.408604232959043,
              43.28121973783204
            ],
            [
              5.403816147181572,
              43.28422700628488
            ],
            [
              5.397595054536193,
              43.28250441638832
            ]
          ]
        ]
      },
      "properties": {
        "uuid": "f7f2fecf-f3b8-4495-9a49-20bd80a9021e",
        "h3_index": "88396802ddfffff",
        "city_code": "13055",
        "city_name": "Marseille",
        "latitude": 43.279497400447234,
        "longitude": 5.4023830508499895,
        "manual_surge": 0,
        "available": true,
        "status": "active"
      }
    },
    {
      "type": "Feature",
      "geometry": {
        "type": "Polygon",
        "coordinates": [
          [
            [
              5.481368728270582,
              43.25800241140174
            ],
            [
              5.4799308438466605,
              43.253271509174304
            ],
            [
              5.48471700250893,
              43.250258894308466
            ],
            [
              5.490941404550874,
              43.25197705854158
            ],
            [
              5.492380010713658,
              43.25670805719727
            ],
            [
              5.487593493113132,
              43.259720795209496
            ],
            [
              5.481368728270582,
              43.25800241140174
            ]
          ]
        ]
      },
      "properties": {
        "uuid": "1ee693af-fb43-4b45-9e37-eca210032276",
        "h3_index": "883968070bfffff",
        "city_code": "13055",
        "city_name": "Marseille",
        "latitude": 43.25498992609859,
        "longitude": 5.486155158065291,
        "manual_surge": 0,
        "available": true,
        "status": "active"
      }
    },
    {
      "type": "Feature",
      "geometry": {
        "type": "Polygon",
        "coordinates": [
          [
            [
              5.4234133029107285,
              43.36761003745566
            ],
            [
              5.421977431833953,
              43.36288333608363
            ],
            [
              5.426770050446645,
              43.35987853282685
            ],
            [
              5.43299890142699,
              43.36160030842174
            ],
            [
              5.4344354962419965,
              43.36632710659694
            ],
            [
              5.429642516355772,
              43.369332032391966
            ],
            [
              5.4234133029107285,
              43.36761003745566
            ]
          ]
        ]
      },
      "properties": {
        "uuid": "1cc8231b-c90c-44e6-bdc3-4a9ac2137922",
        "h3_index": "8839681409fffff",
        "city_code": "13055",
        "city_name": "Marseille",
        "latitude": 43.364605364494714,
        "longitude": 5.428206193644349,
        "manual_surge": 0,
        "available": true,
        "status": "active"
      }
    },
    {
      "type": "Feature",
      "geometry": {
        "type": "Polygon",
        "coordinates": [
          [
            [
              5.3737055370866145,
              43.24121620938711
            ],
            [
              5.372275221794592,
              43.236485208204556
            ],
            [
              5.377060594298346,
              43.233477527274985
            ],
            [
              5.383276643459558,
              43.23520072515749
            ],
            [
              5.3847076803441105,
              43.23993182420255
            ],
            [
              5.37992194649202,
              43.242939627520464
            ],
            [
              5.3737055370866145,
              43.24121620938711
            ]
          ]
        ]
      },
      "properties": {
        "uuid": "4540f3c9-f332-44e1-8987-e3af72e807b7",
        "h3_index": "88396802adfffff",
        "city_code": "13055",
        "city_name": "Marseille",
        "latitude": 43.238208658388544,
        "longitude": 5.37849118110737,
        "manual_surge": 0,
        "available": true,
        "status": "active"
      }
    },
    {
      "type": "Feature",
      "geometry": {
        "type": "Polygon",
        "coordinates": [
          [
            [
              5.30893564762056,
              43.3661970769076
            ],
            [
              5.307507551803489,
              43.361470861134656
            ],
            [
              5.312300270496518,
              43.35847202387505
            ],
            [
              5.318521449004118,
              43.360199280706354
            ],
            [
              5.319950268683074,
              43.36492559474997
            ],
            [
              5.315157186009436,
              43.367924553709514
            ],
            [
              5.30893564762056,
              43.3661970769076
            ]
          ]
        ]
      },
      "properties": {
        "uuid": "609f6830-b045-43a6-a788-5f88dc5de0db",
        "h3_index": "883968176dfffff",
        "city_code": "13055",
        "city_name": "Marseille",
        "latitude": 43.36319837040893,
        "longitude": 5.313728638949317,
        "manual_surge": 0,
        "available": true,
        "status": "active"
      }
    },
    {
      "type": "Feature",
      "geometry": {
        "type": "Polygon",
        "coordinates": [
          [
            [
              5.479439015149845,
              43.214123218879365
            ],
            [
              5.478002023485956,
              43.20939075859786
            ],
            [
              5.482785648044517,
              43.206376343912055
            ],
            [
              5.4890066228881045,
              43.208094266317524
            ],
            [
              5.490444335528458,
              43.212826823197084
            ],
            [
              5.4856603523662555,
              43.215841361091
            ],
            [
              5.479439015149845,
              43.214123218879365
            ]
          ]
        ]
      },
      "properties": {
        "uuid": "87a168b4-75c6-4694-af4c-bf2826c3b56c",
        "h3_index": "8839680541fffff",
        "city_code": "13055",
        "city_name": "Marseille",
        "latitude": 43.211108933564674,
        "longitude": 5.484222910562331,
        "manual_surge": 0,
        "available": true,
        "status": "active"
      }
    },
    {
      "type": "Feature",
      "geometry": {
        "type": "Polygon",
        "coordinates": [
          [
            [
              5.429672654008001,
              43.25671672509653
            ],
            [
              5.428238286476903,
              43.25198601479821
            ],
            [
              5.433024463469248,
              43.248976062265704
            ],
            [
              5.439245368166115,
              43.25069669727805
            ],
            [
              5.440680457485881,
              43.25542750467089
            ],
            [
              5.435893920337411,
              43.258437579974725
            ],
            [
              5.429672654008001,
              43.25671672509653
            ]
          ]
        ]
      },
      "properties": {
        "uuid": "d15ac82f-287e-46e6-8ecd-3179ec69e028",
        "h3_index": "8839680297fffff",
        "city_code": "13055",
        "city_name": "Marseille",
        "latitude": 43.25370690233426,
        "longitude": 5.434459102362705,
        "manual_surge": 0,
        "available": true,
        "status": "active"
      }
    },
    {
      "type": "Feature",
      "geometry": {
        "type": "Polygon",
        "coordinates": [
          [
            [
              5.297921570947687,
              43.367467386037816
            ],
            [
              5.296494199028224,
              43.362741268671876
            ],
            [
              5.301287007321298,
              43.35974306701968
            ],
            [
              5.307507551803489,
              43.361470861134656
            ],
            [
              5.30893564762056,
              43.3661970769076
            ],
            [
              5.304142475074665,
              43.369195400176466
            ],
            [
              5.297921570947687,
              43.367467386037816
            ]
          ]
        ]
      },
      "properties": {
        "uuid": "87de5ae6-acb5-4a3f-a1cf-566f56219b9a",
        "h3_index": "88396812bbfffff",
        "city_code": "13055",
        "city_name": "Marseille",
        "latitude": 43.36446931519755,
        "longitude": 5.302714651934934,
        "manual_surge": 0,
        "available": true,
        "status": "active"
      }
    },
    {
      "type": "Feature",
      "geometry": {
        "type": "Polygon",
        "coordinates": [
          [
            [
              5.441146808603995,
              43.35086182468891
            ],
            [
              5.439710028850497,
              43.34613443867277
            ],
            [
              5.444501643558781,
              43.343127973111166
            ],
            [
              5.45073039874267,
              43.34484877088784
            ],
            [
              5.4521679019162,
              43.349576253536846
            ],
            [
              5.447375926503218,
              43.352582841794245
            ],
            [
              5.441146808603995,
              43.35086182468891
            ]
          ]
        ]
      },
      "properties": {
        "uuid": "1c992a4f-0f8d-40fa-9e10-18fb11938501",
        "h3_index": "8839681439fffff",
        "city_code": "13055",
        "city_name": "Marseille",
        "latitude": 43.34785548927501,
        "longitude": 5.445938695240996,
        "manual_surge": 0,
        "available": true,
        "status": "active"
      }
    },
    {
      "type": "Feature",
      "geometry": {
        "type": "Polygon",
        "coordinates": [
          [
            [
              5.399063791075014,
              43.23090612091868
            ],
            [
              5.3976319399404264,
              43.22617463233466
            ],
            [
              5.402416675054178,
              43.223165170439046
            ],
            [
              5.408633621977184,
              43.22488707455331
            ],
            [
              5.410066194491218,
              43.22961866070946
            ],
            [
              5.405281098719992,
              43.23262824519709
            ],
            [
              5.399063791075014,
              43.23090612091868
            ]
          ]
        ]
      },
      "properties": {
        "uuid": "cdc1aee3-3d55-4e98-9cce-61243198d61c",
        "h3_index": "88396800c9fffff",
        "city_code": "13055",
        "city_name": "Marseille",
        "latitude": 43.22789678880255,
        "longitude": 5.403848797522194,
        "manual_surge": 0,
        "available": true,
        "status": "active"
      }
    },
    {
      "type": "Feature",
      "geometry": {
        "type": "Polygon",
        "coordinates": [
          [
            [
              5.371285243093666,
              43.270881438956934
            ],
            [
              5.369854578134095,
              43.2661515085288
            ],
            [
              5.374641671969068,
              43.26314524222101
            ],
            [
              5.380859792445795,
              43.26486878403972
            ],
            [
              5.3822911795190995,
              43.269598812262466
            ],
            [
              5.377503724019037,
              43.27260520088976
            ],
            [
              5.371285243093666,
              43.270881438956934
            ]
          ]
        ]
      },
      "properties": {
        "uuid": "13e9b05d-acbb-42a3-8dd3-75ea7721e7ef",
        "h3_index": "88396802c5fffff",
        "city_code": "13055",
        "city_name": "Marseille",
        "latitude": 43.267875302724484,
        "longitude": 5.376072608651632,
        "manual_surge": 0,
        "available": true,
        "status": "active"
      }
    },
    {
      "type": "Feature",
      "geometry": {
        "type": "Polygon",
        "coordinates": [
          [
            [
              5.451688794848976,
              43.254137111538576
            ],
            [
              5.45025298377815,
              43.24940620718787
            ],
            [
              5.4550389728092945,
              43.24639498506203
            ],
            [
              5.461261132539241,
              43.248114544368256
            ],
            [
              5.462697665323345,
              43.25284554554016
            ],
            [
              5.457911316681635,
              43.25585689060256
            ],
            [
              5.451688794848976,
              43.254137111538576
            ]
          ]
        ]
      },
      "properties": {
        "uuid": "e0a94b56-572f-4884-a0a4-748a81a90cc6",
        "h3_index": "883968076bfffff",
        "city_code": "13055",
        "city_name": "Marseille",
        "latitude": 43.25112601908042,
        "longitude": 5.456475055124225,
        "manual_surge": 0,
        "available": true,
        "status": "active"
      }
    },
    {
      "type": "Feature",
      "geometry": {
        "type": "Polygon",
        "coordinates": [
          [
            [
              5.509657298482589,
              43.313467329586295
            ],
            [
              5.5082165356478,
              43.30873828797502
            ],
            [
              5.513005853251902,
              43.30572659335012
            ],
            [
              5.519236292454163,
              43.30744381709628
            ],
            [
              5.520677777956088,
              43.312172954589094
            ],
            [
              5.515888101606299,
              43.31518477247214
            ],
            [
              5.509657298482589,
              43.313467329586295
            ]
          ]
        ]
      },
      "properties": {
        "uuid": "05905660-0563-4820-8ecd-2db0ea1940c8",
        "h3_index": "8839680641fffff",
        "city_code": "13055",
        "city_name": "Marseille",
        "latitude": 43.31045576465843,
        "longitude": 5.5144468874520705,
        "manual_surge": 0,
        "available": true,
        "status": "active"
      }
    },
    {
      "type": "Feature",
      "geometry": {
        "type": "Polygon",
        "coordinates": [
          [
            [
              5.330965433361432,
              43.36365293940168
            ],
            [
              5.329535889856491,
              43.358926527223765
            ],
            [
              5.3343284282426815,
              43.35592641870911
            ],
            [
              5.340550873586667,
              43.35765260052391
            ],
            [
              5.341981140881542,
              43.36237911069974
            ],
            [
              5.337188239059477,
              43.36537934108078
            ],
            [
              5.330965433361432,
              43.36365293940168
            ]
          ]
        ]
      },
      "properties": {
        "uuid": "eb4d66ee-faf6-4919-9d78-84efcce78e7c",
        "h3_index": "8839681763fffff",
        "city_code": "13055",
        "city_name": "Marseille",
        "latitude": 43.36065296154585,
        "longitude": 5.335758244266227,
        "manual_surge": 0,
        "available": true,
        "status": "active"
      }
    },
    {
      "type": "Feature",
      "geometry": {
        "type": "Polygon",
        "coordinates": [
          [
            [
              5.312300270496518,
              43.35847202387505
            ],
            [
              5.310872080619368,
              43.35374551417272
            ],
            [
              5.315664345510743,
              43.35074616302989
            ],
            [
              5.321885164128894,
              43.35247319986966
            ],
            [
              5.323314077728227,
              43.35719980782589
            ],
            [
              5.318521449004118,
              43.360199280706354
            ],
            [
              5.312300270496518,
              43.35847202387505
            ]
          ]
        ]
      },
      "properties": {
        "uuid": "023fecb5-e608-48ae-a21a-aa401f0455a4",
        "h3_index": "8839681765fffff",
        "city_code": "13055",
        "city_name": "Marseille",
        "latitude": 43.35547280344474,
        "longitude": 5.317092807957259,
        "manual_surge": 0,
        "available": true,
        "status": "active"
      }
    },
    {
      "type": "Feature",
      "geometry": {
        "type": "Polygon",
        "coordinates": [
          [
            [
              5.445458225324904,
              43.365043000518305
            ],
            [
              5.444020906809355,
              43.36031610567655
            ],
            [
              5.448813337377331,
              43.35731003060396
            ],
            [
              5.455043447204257,
              43.35903072768732
            ],
            [
              5.456481489382529,
              43.363757719059016
            ],
            [
              5.451688698088596,
              43.36676391683534
            ],
            [
              5.445458225324904,
              43.365043000518305
            ]
          ]
        ]
      },
      "properties": {
        "uuid": "3beeaf59-5355-40b5-919d-31656817f198",
        "h3_index": "883968141dfffff",
        "city_code": "13055",
        "city_name": "Marseille",
        "latitude": 43.36203705563928,
        "longitude": 5.450250927895154,
        "manual_surge": 0,
        "available": true,
        "status": "active"
      }
    },
    {
      "type": "Feature",
      "geometry": {
        "type": "Polygon",
        "coordinates": [
          [
            [
              5.513005853251902,
              43.30572659335012
            ],
            [
              5.511564998973936,
              43.30099725861224
            ],
            [
              5.5163538613537515,
              43.297985051738124
            ],
            [
              5.522583936627777,
              43.29970205632426
            ],
            [
              5.5240255134325205,
              43.30443148692662
            ],
            [
              5.519236292454163,
              43.30744381709628
            ],
            [
              5.513005853251902,
              43.30572659335012
            ]
          ]
        ]
      },
      "properties": {
        "uuid": "d4285f90-dae8-4b64-a27e-b31af7c18755",
        "h3_index": "8839680647fffff",
        "city_code": "13055",
        "city_name": "Marseille",
        "latitude": 43.30271451612429,
        "longitude": 5.517794986930668,
        "manual_surge": 0,
        "available": true,
        "status": "active"
      }
    },
    {
      "type": "Feature",
      "geometry": {
        "type": "Polygon",
        "coordinates": [
          [
            [
              5.475634532631224,
              43.295417233707205
            ],
            [
              5.474196385015471,
              43.29068769779267
            ],
            [
              5.478984721056407,
              43.28767700795886
            ],
            [
              5.485211564130467,
              43.28939573101671
            ],
            [
              5.486650434146903,
              43.29412536330855
            ],
            [
              5.481861738706125,
              43.29713617618315
            ],
            [
              5.475634532631224,
              43.295417233707205
            ]
          ]
        ]
      },
      "properties": {
        "uuid": "9e29b3d4-4309-44eb-997a-0b2c20bece90",
        "h3_index": "88396815bbfffff",
        "city_code": "13055",
        "city_name": "Marseille",
        "latitude": 43.2924066736292,
        "longitude": 5.480423140076693,
        "manual_surge": 0,
        "available": true,
        "status": "active"
      }
    },
    {
      "type": "Feature",
      "geometry": {
        "type": "Polygon",
        "coordinates": [
          [
            [
              5.457915511125293,
              43.31218450150599
            ],
            [
              5.456478270059924,
              43.30745564814152
            ],
            [
              5.461267610508366,
              43.30444661846788
            ],
            [
              5.4674945520074445,
              43.30616631929345
            ],
            [
              5.468932515791912,
              43.310895269205986
            ],
            [
              5.464142815375673,
              43.313904421762814
            ],
            [
              5.457915511125293,
              43.31218450150599
            ]
          ]
        ]
      },
      "properties": {
        "uuid": "7ba32e20-8baf-43c0-bd49-7674df732c23",
        "h3_index": "883968158bfffff",
        "city_code": "13055",
        "city_name": "Marseille",
        "latitude": 43.30917560173689,
        "longitude": 5.4627051231703865,
        "manual_surge": 0,
        "available": true,
        "status": "active"
      }
    },
    {
      "type": "Feature",
      "geometry": {
        "type": "Polygon",
        "coordinates": [
          [
            [
              5.412391646107793,
              43.368891793255436
            ],
            [
              5.41095649880674,
              43.364165188823115
            ],
            [
              5.415749210887582,
              43.36116102145598
            ],
            [
              5.421977431833953,
              43.36288333608363
            ],
            [
              5.4234133029107285,
              43.36761003745566
            ],
            [
              5.418620229282731,
              43.37061432727823
            ],
            [
              5.412391646107793,
              43.368891793255436
            ]
          ]
        ]
      },
      "properties": {
        "uuid": "b6c7e87e-b2e8-463a-9878-5aea6982a01c",
        "h3_index": "8839681447fffff",
        "city_code": "13055",
        "city_name": "Marseille",
        "latitude": 43.36588775623526,
        "longitude": 5.417184630368789,
        "manual_surge": 0,
        "available": true,
        "status": "active"
      }
    },
    {
      "type": "Feature",
      "geometry": {
        "type": "Polygon",
        "coordinates": [
          [
            [
              5.402838504778285,
              43.31861305100969
            ],
            [
              5.401404877874416,
              43.31388468243512
            ],
            [
              5.406194687169903,
              43.31087882967366
            ],
            [
              5.4124184847205195,
              43.312601223035124
            ],
            [
              5.413852834531595,
              43.31732968884088
            ],
            [
              5.409062663902102,
              43.32033566407188
            ],
            [
              5.402838504778285,
              43.31861305100969
            ]
          ]
        ]
      },
      "properties": {
        "uuid": "bd39efe9-f5a6-4f12-a119-0ba8597f1e06",
        "h3_index": "8839681511fffff",
        "city_code": "13055",
        "city_name": "Marseille",
        "latitude": 43.31560732840881,
        "longitude": 5.4076285859664015,
        "manual_surge": 0,
        "available": true,
        "status": "active"
      }
    },
    {
      "type": "Feature",
      "geometry": {
        "type": "Polygon",
        "coordinates": [
          [
            [
              5.3961244985413295,
              43.33407907467553
            ],
            [
              5.394691057385178,
              43.32935129282309
            ],
            [
              5.399481775272351,
              43.326346466089376
            ],
            [
              5.4057062959618465,
              43.328069298831636
            ],
            [
              5.407140460305054,
              43.33279717794911
            ],
            [
              5.402349380788931,
              43.33580212707719
            ],
            [
              5.3961244985413295,
              43.33407907467553
            ]
          ]
        ]
      },
      "properties": {
        "uuid": "71971f42-c281-4b5d-a662-2719b9637cef",
        "h3_index": "8839681553fffff",
        "city_code": "13055",
        "city_name": "Marseille",
        "latitude": 43.331074378199595,
        "longitude": 5.4009154884538155,
        "manual_surge": 0,
        "available": true,
        "status": "active"
      }
    },
    {
      "type": "Feature",
      "geometry": {
        "type": "Polygon",
        "coordinates": [
          [
            [
              5.357291437185883,
              43.37528295202046
            ],
            [
              5.355859909320002,
              43.37055683433441
            ],
            [
              5.360653083201033,
              43.367555846227745
            ],
            [
              5.3668781478784515,
              43.369280853784424
            ],
            [
              5.368310399705004,
              43.3740070690927
            ],
            [
              5.363516862910576,
              43.37700817923999
            ],
            [
              5.357291437185883,
              43.37528295202046
            ]
          ]
        ]
      },
      "properties": {
        "uuid": "3def9544-033b-4afd-82bb-8a5fb27e7102",
        "h3_index": "883968170bfffff",
        "city_code": "13055",
        "city_name": "Marseille",
        "latitude": 43.37228209451626,
        "longitude": 5.36208488354213,
        "manual_surge": 0,
        "available": true,
        "status": "active"
      }
    },
    {
      "type": "Feature",
      "geometry": {
        "type": "Polygon",
        "coordinates": [
          [
            [
              5.482334362966438,
              43.27993597719531
            ],
            [
              5.480896031755217,
              43.27520585579592
            ],
            [
              5.485683458472116,
              43.272194141654865
            ],
            [
              5.491909575523535,
              43.27391242581521
            ],
            [
              5.493348628855295,
              43.27864264355767
            ],
            [
              5.488560843032663,
              43.28165448081464
            ],
            [
              5.482334362966438,
              43.27993597719531
            ]
          ]
        ]
      },
      "properties": {
        "uuid": "0569cdb6-1966-49f1-b2e4-601a17545256",
        "h3_index": "8839680759fffff",
        "city_code": "13055",
        "city_name": "Marseille",
        "latitude": 43.2769243927124,
        "longitude": 5.487122060955231,
        "manual_surge": 0,
        "available": true,
        "status": "active"
      }
    },
    {
      "type": "Feature",
      "geometry": {
        "type": "Polygon",
        "coordinates": [
          [
            [
              5.352066038949358,
              43.33919492526545
            ],
            [
              5.350635490910132,
              43.33446753383825
            ],
            [
              5.355426576469576,
              43.33146524897974
            ],
            [
              5.361648572805284,
              43.33319023350387
            ],
            [
              5.363079844178692,
              43.3379177227421
            ],
            [
              5.358288395899238,
              43.34092012966307
            ],
            [
              5.352066038949358,
              43.33919492526545
            ]
          ]
        ]
      },
      "properties": {
        "uuid": "15c16ec2-ffa8-4d1d-8906-644d792facfc",
        "h3_index": "8839681549fffff",
        "city_code": "13055",
        "city_name": "Marseille",
        "latitude": 43.33619277086926,
        "longitude": 5.356857396769572,
        "manual_surge": 0,
        "available": true,
        "status": "active"
      }
    },
    {
      "type": "Feature",
      "geometry": {
        "type": "Polygon",
        "coordinates": [
          [
            [
              5.48806473074106,
              43.24251457330423
            ],
            [
              5.486626663030461,
              43.237783086852986
            ],
            [
              5.491411913077689,
              43.23476944862805
            ],
            [
              5.497635589497583,
              43.23648717365048
            ],
            [
              5.499074378667211,
              43.24121875649551
            ],
            [
              5.494288769975462,
              43.24423251794223
            ],
            [
              5.48806473074106,
              43.24251457330423
            ]
          ]
        ]
      },
      "properties": {
        "uuid": "fdf0bfeb-2743-425d-9b3e-c6fbf1ac797b",
        "h3_index": "8839680739fffff",
        "city_code": "13055",
        "city_name": "Marseille",
        "latitude": 43.23950106454403,
        "longitude": 5.49285025178826,
        "manual_surge": 0,
        "available": true,
        "status": "active"
      }
    },
    {
      "type": "Feature",
      "geometry": {
        "type": "Polygon",
        "coordinates": [
          [
            [
              5.389942306960922,
              43.276051870487706
            ],
            [
              5.38851029066041,
              43.271322037050524
            ],
            [
              5.39329765402725,
              43.268315013537546
            ],
            [
              5.399517394979677,
              43.270037701032194
            ],
            [
              5.400950133459931,
              43.27476763200799
            ],
            [
              5.3961624088251785,
              43.27777477796839
            ],
            [
              5.389942306960922,
              43.276051870487706
            ]
          ]
        ]
      },
      "properties": {
        "uuid": "f026e703-f6ed-4448-bb70-f9207cbb267a",
        "h3_index": "88396802c3fffff",
        "city_code": "13055",
        "city_name": "Marseille",
        "latitude": 43.273044976996445,
        "longitude": 5.394729941999417,
        "manual_surge": 0,
        "available": true,
        "status": "active"
      }
    },
    {
      "type": "Feature",
      "geometry": {
        "type": "Polygon",
        "coordinates": [
          [
            [
              5.456481489382529,
              43.363757719059016
            ],
            [
              5.455043447204257,
              43.35903072768732
            ],
            [
              5.45983578319564,
              43.35602401668881
            ],
            [
              5.466066521834721,
              43.35774417429353
            ],
            [
              5.467505287637716,
              43.36247126205856
            ],
            [
              5.462712591194366,
              43.36547809584348
            ],
            [
              5.456481489382529,
              43.363757719059016
            ]
          ]
        ]
      },
      "properties": {
        "uuid": "48f56a6e-6ff3-4259-82c5-d6224e0332f4",
        "h3_index": "8839681411fffff",
        "city_code": "13055",
        "city_name": "Marseille",
        "latitude": 43.36075113820293,
        "longitude": 5.461274097316733,
        "manual_surge": 0,
        "available": true,
        "status": "active"
      }
    },
    {
      "type": "Feature",
      "geometry": {
        "type": "Polygon",
        "coordinates": [
          [
            [
              5.485683458472116,
              43.272194141654865
            ],
            [
              5.4842450355515,
              43.26746372770717
            ],
            [
              5.489032007684256,
              43.26445150157599
            ],
            [
              5.495257761713925,
              43.26616956625689
            ],
            [
              5.496696906615019,
              43.27090007653049
            ],
            [
              5.491909575523535,
              43.27391242581521
            ],
            [
              5.485683458472116,
              43.272194141654865
            ]
          ]
        ]
      },
      "properties": {
        "uuid": "c549db38-df8f-49de-9b56-678176b29497",
        "h3_index": "8839680751fffff",
        "city_code": "13055",
        "city_name": "Marseille",
        "latitude": 43.269182045132936,
        "longitude": 5.490470701810458,
        "manual_surge": 0,
        "available": true,
        "status": "active"
      }
    },
    {
      "type": "Feature",
      "geometry": {
        "type": "Polygon",
        "coordinates": [
          [
            [
              5.487617929952085,
              43.31605255393417
            ],
            [
              5.486178612567676,
              43.3113237044962
            ],
            [
              5.490968122315959,
              43.30831328092781
            ],
            [
              5.4971973087600166,
              43.31003158372203
            ],
            [
              5.498637348888907,
              43.314760529315016
            ],
            [
              5.493847479846841,
              43.317771075976694
            ],
            [
              5.487617929952085,
              43.31605255393417
            ]
          ]
        ]
      },
      "properties": {
        "uuid": "978cf740-2fb6-4cd0-9c95-a4f5ded8d861",
        "h3_index": "883968159bfffff",
        "city_code": "13055",
        "city_name": "Marseille",
        "latitude": 43.31304226016533,
        "longitude": 5.492407711185019,
        "manual_surge": 0,
        "available": true,
        "status": "active"
      }
    },
    {
      "type": "Feature",
      "geometry": {
        "type": "Polygon",
        "coordinates": [
          [
            [
              5.410066194491218,
              43.22961866070946
            ],
            [
              5.408633621977184,
              43.22488707455331
            ],
            [
              5.413418264383654,
              43.221876978197585
            ],
            [
              5.4196358397067375,
              43.223598345341124
            ],
            [
              5.421069133563097,
              43.228330028932795
            ],
            [
              5.416284130771255,
              43.23134024796329
            ],
            [
              5.410066194491218,
              43.22961866070946
            ]
          ]
        ]
      },
      "properties": {
        "uuid": "c9497142-fffb-4637-81a1-2f4a5ba6048e",
        "h3_index": "88396800cbfffff",
        "city_code": "13055",
        "city_name": "Marseille",
        "latitude": 43.22660869408193,
        "longitude": 5.414851108172251,
        "manual_surge": 0,
        "available": true,
        "status": "active"
      }
    },
    {
      "type": "Feature",
      "geometry": {
        "type": "Polygon",
        "coordinates": [
          [
            [
              5.400950133459931,
              43.27476763200799
            ],
            [
              5.399517394979677,
              43.270037701032194
            ],
            [
              5.404304665845191,
              43.267030042621414
            ],
            [
              5.4105250362036745,
              43.26875219267409
            ],
            [
              5.41195849682663,
              43.27348222105194
            ],
            [
              5.407170864965623,
              43.27649000199297
            ],
            [
              5.400950133459931,
              43.27476763200799
            ]
          ]
        ]
      },
      "properties": {
        "uuid": "355d98e5-4f1a-458f-9b3c-4d68edcee1a5",
        "h3_index": "88396802d5fffff",
        "city_code": "13055",
        "city_name": "Marseille",
        "latitude": 43.27176010356774,
        "longitude": 5.405737675938248,
        "manual_surge": 0,
        "available": true,
        "status": "active"
      }
    },
    {
      "type": "Feature",
      "geometry": {
        "type": "Polygon",
        "coordinates": [
          [
            [
              5.367928267659019,
              43.27861683066104
            ],
            [
              5.366497695828392,
              43.27388719271073
            ],
            [
              5.371285243093666,
              43.270881438956934
            ],
            [
              5.377503724019037,
              43.27260520088976
            ],
            [
              5.378935018102943,
              43.27733493665177
            ],
            [
              5.374147109025271,
              43.280340812687136
            ],
            [
              5.367928267659019,
              43.27861683066104
            ]
          ]
        ]
      },
      "properties": {
        "uuid": "81812fa3-5b4d-48a1-99cf-69334744a097",
        "h3_index": "88396802cdfffff",
        "city_code": "13055",
        "city_name": "Marseille",
        "latitude": 43.2756112070314,
        "longitude": 5.372716086713496,
        "manual_surge": 0,
        "available": true,
        "status": "active"
      }
    },
    {
      "type": "Feature",
      "geometry": {
        "type": "Polygon",
        "coordinates": [
          [
            [
              5.506308196934766,
              43.321207260208645
            ],
            [
              5.504867525602058,
              43.31647851185314
            ],
            [
              5.509657298482589,
              43.313467329586295
            ],
            [
              5.515888101606299,
              43.31518477247214
            ],
            [
              5.517329495746492,
              43.319913616726204
            ],
            [
              5.512539363973158,
              43.3229249222138
            ],
            [
              5.506308196934766,
              43.321207260208645
            ]
          ]
        ]
      },
      "properties": {
        "uuid": "d3e764fd-8d37-4a9f-83ed-0a79c91a4f57",
        "h3_index": "8839680649fffff",
        "city_code": "13055",
        "city_name": "Marseille",
        "latitude": 43.31819620768757,
        "longitude": 5.511098241247081,
        "manual_surge": 0,
        "available": true,
        "status": "active"
      }
    },
    {
      "type": "Feature",
      "geometry": {
        "type": "Polygon",
        "coordinates": [
          [
            [
              5.2835412418420145,
              43.37645929896364
            ],
            [
              5.282114688254644,
              43.37173357423227
            ],
            [
              5.28690803943805,
              43.36873652230406
            ],
            [
              5.293128308898541,
              43.37046507362952
            ],
            [
              5.2945555865587695,
              43.375190896920934
            ],
            [
              5.289761870702433,
              43.378188070344756
            ],
            [
              5.2835412418420145,
              43.37645929896364
            ]
          ]
        ]
      },
      "properties": {
        "uuid": "aac17d0b-e01f-48fd-83a9-82696fec8d1c",
        "h3_index": "8839681283fffff",
        "city_code": "13055",
        "city_name": "Marseille",
        "latitude": 43.37346237794676,
        "longitude": 5.288334865844381,
        "manual_surge": 0,
        "available": true,
        "status": "active"
      }
    },
    {
      "type": "Feature",
      "geometry": {
        "type": "Polygon",
        "coordinates": [
          [
            [
              5.460307425964261,
              43.28251912261591
            ],
            [
              5.4588705391088,
              43.27778919431278
            ],
            [
              5.463658155970953,
              43.2747787504257
            ],
            [
              5.46988301935855,
              43.276498111908744
            ],
            [
              5.471320628410953,
              43.28122813682836
            ],
            [
              5.466532651896279,
              43.28423870366635
            ],
            [
              5.460307425964261,
              43.28251912261591
            ]
          ]
        ]
      },
      "properties": {
        "uuid": "8dd7e4fd-1148-417d-9f01-1b42ee0412a4",
        "h3_index": "88396815b5fffff",
        "city_code": "13055",
        "city_name": "Marseille",
        "latitude": 43.27950880848951,
        "longitude": 5.465095314217055,
        "manual_surge": 0,
        "available": true,
        "status": "active"
      }
    },
    {
      "type": "Feature",
      "geometry": {
        "type": "Polygon",
        "coordinates": [
          [
            [
              5.371671230138068,
              43.366279229851116
            ],
            [
              5.370238884971853,
              43.361552720457205
            ],
            [
              5.375031512748204,
              43.35855058284559
            ],
            [
              5.3812568482005325,
              43.36027483248462
            ],
            [
              5.382689917150755,
              43.3650014393475
            ],
            [
              5.377896926881787,
              43.3680036991203
            ],
            [
              5.371671230138068,
              43.366279229851116
            ]
          ]
        ]
      },
      "properties": {
        "uuid": "35b09dea-289e-4230-9aab-c7a1f877a121",
        "h3_index": "8839681715fffff",
        "city_code": "13055",
        "city_name": "Marseille",
        "latitude": 43.36327722274246,
        "longitude": 5.376464130264327,
        "manual_surge": 0,
        "available": true,
        "status": "active"
      }
    },
    {
      "type": "Feature",
      "geometry": {
        "type": "Polygon",
        "coordinates": [
          [
            [
              5.427721993203307,
              43.381789158597094
            ],
            [
              5.426285583563556,
              43.377062948777215
            ],
            [
              5.431079018612756,
              43.37405853645377
            ],
            [
              5.437309224614213,
              43.37578021142183
            ],
            [
              5.438746358235157,
              43.38050651794188
            ],
            [
              5.433952561890845,
              43.383511052811656
            ],
            [
              5.427721993203307,
              43.381789158597094
            ]
          ]
        ]
      },
      "properties": {
        "uuid": "69f06f58-8081-48a9-a3e7-af8bf2789d0f",
        "h3_index": "883968145dfffff",
        "city_code": "13055",
        "city_name": "Marseille",
        "latitude": 43.37878487661526,
        "longitude": 5.43251570044715,
        "manual_surge": 0,
        "available": true,
        "status": "active"
      }
    },
    {
      "type": "Feature",
      "geometry": {
        "type": "Polygon",
        "coordinates": [
          [
            [
              5.466047027037691,
              43.24510268742878
            ],
            [
              5.464610402359957,
              43.240371394175334
            ],
            [
              5.469395842766904,
              43.23735902546797
            ],
            [
              5.47561826705981,
              43.239077826975084
            ],
            [
              5.477055613273045,
              43.24380921689579
            ],
            [
              5.4722698136753625,
              43.246821708660036
            ],
            [
              5.466047027037691,
              43.24510268742878
            ]
          ]
        ]
      },
      "properties": {
        "uuid": "c16a9d4c-01e6-44a0-843f-81b7f9de5107",
        "h3_index": "8839680705fffff",
        "city_code": "13055",
        "city_name": "Marseille",
        "latitude": 43.242090448288806,
        "longitude": 5.470832738563308,
        "manual_surge": 0,
        "available": true,
        "status": "active"
      }
    },
    {
      "type": "Feature",
      "geometry": {
        "type": "Polygon",
        "coordinates": [
          [
            [
              5.346273015850317,
              43.376557660860016
            ],
            [
              5.344842211981606,
              43.3718316409326
            ],
            [
              5.349635477114784,
              43.36883128863959
            ],
            [
              5.355859909320002,
              43.37055683433441
            ],
            [
              5.357291437185883,
              43.37528295202046
            ],
            [
              5.352497808866443,
              43.37828342627101
            ],
            [
              5.346273015850317,
              43.376557660860016
            ]
          ]
        ]
      },
      "properties": {
        "uuid": "ee1bac5c-2d13-449a-86f3-b9349fdecf83",
        "h3_index": "8839681709fffff",
        "city_code": "13055",
        "city_name": "Marseille",
        "latitude": 43.37355743922052,
        "longitude": 5.351066553517518,
        "manual_surge": 0,
        "available": true,
        "status": "active"
      }
    },
    {
      "type": "Feature",
      "geometry": {
        "type": "Polygon",
        "coordinates": [
          [
            [
              5.469395842766904,
              43.23735902546797
            ],
            [
              5.467959126254414,
              43.23262744026272
            ],
            [
              5.472744112621626,
              43.229614559896696
            ],
            [
              5.478966174562687,
              43.23133314165913
            ],
            [
              5.480403612470913,
              43.2360648235144
            ],
            [
              5.47561826705981,
              43.239077826975084
            ],
            [
              5.469395842766904,
              43.23735902546797
            ]
          ]
        ]
      },
      "properties": {
        "uuid": "71584bfa-76a4-404d-b742-47284d8bcde9",
        "h3_index": "883968072bfffff",
        "city_code": "13055",
        "city_name": "Marseille",
        "latitude": 43.23434627462031,
        "longitude": 5.474181100186578,
        "manual_surge": 0,
        "available": true,
        "status": "active"
      }
    },
    {
      "type": "Feature",
      "geometry": {
        "type": "Polygon",
        "coordinates": [
          [
            [
              5.347416785301097,
              43.229588565612566
            ],
            [
              5.345988448282513,
              43.224857275168056
            ],
            [
              5.350773188681824,
              43.22185047321009
            ],
            [
              5.356986627985606,
              43.22357483949882
            ],
            [
              5.358415686427383,
              43.228306228180934
            ],
            [
              5.35363058415914,
              43.231313152354545
            ],
            [
              5.347416785301097,
              43.229588565612566
            ]
          ]
        ]
      },
      "properties": {
        "uuid": "86e1e6cc-4fa6-44c6-828f-91a12e316caa",
        "h3_index": "8839680055fffff",
        "city_code": "13055",
        "city_name": "Marseille",
        "latitude": 43.22658189364138,
        "longitude": 5.352201797260853,
        "manual_surge": 0,
        "available": true,
        "status": "active"
      }
    },
    {
      "type": "Feature",
      "geometry": {
        "type": "Polygon",
        "coordinates": [
          [
            [
              5.275895053865026,
              43.370004485870034
            ],
            [
              5.274469129847298,
              43.365278565727046
            ],
            [
              5.279262116233868,
              43.36228163524878
            ],
            [
              5.285481391451776,
              43.36401050348146
            ],
            [
              5.28690803943805,
              43.36873652230406
            ],
            [
              5.282114688254644,
              43.37173357423227
            ],
            [
              5.275895053865026,
              43.370004485870034
            ]
          ]
        ]
      },
      "properties": {
        "uuid": "4ef4f135-9215-409a-82b9-cca2988728cc",
        "h3_index": "8839681287fffff",
        "city_code": "13055",
        "city_name": "Marseille",
        "latitude": 43.36700768630573,
        "longitude": 5.2806883130625,
        "manual_surge": 0,
        "available": true,
        "status": "active"
      }
    },
    {
      "type": "Feature",
      "geometry": {
        "type": "Polygon",
        "coordinates": [
          [
            [
              5.452646303163023,
              43.27606929439026
            ],
            [
              5.451210046413169,
              43.27133917024059
            ],
            [
              5.455997303496688,
              43.268328849259504
            ],
            [
              5.462221177126131,
              43.27004852953998
            ],
            [
              5.463658155970953,
              43.2747787504257
            ],
            [
              5.4588705391088,
              43.27778919431278
            ],
            [
              5.452646303163023,
              43.27606929439026
            ]
          ]
        ]
      },
      "properties": {
        "uuid": "409ce1e1-b3d7-4689-ab48-7ab71c6317d6",
        "h3_index": "8839680749fffff",
        "city_code": "13055",
        "city_name": "Marseille",
        "latitude": 43.27305910317228,
        "longitude": 5.457433831630195,
        "manual_surge": 0,
        "available": true,
        "status": "active"
      }
    },
    {
      "type": "Feature",
      "geometry": {
        "type": "Polygon",
        "coordinates": [
          [
            [
              5.368863253655917,
              43.30053847777717
            ],
            [
              5.3674322388948665,
              43.295809620172925
            ],
            [
              5.372221055281861,
              43.29280476964678
            ],
            [
              5.378441248429235,
              43.29452865449166
            ],
            [
              5.379872985825794,
              43.29925760982223
            ],
            [
              5.375083807456533,
              43.30226258259945
            ],
            [
              5.368863253655917,
              43.30053847777717
            ]
          ]
        ]
      },
      "properties": {
        "uuid": "c275731e-83cf-4437-b7d0-7234be0c4f3f",
        "h3_index": "883968152bfffff",
        "city_code": "13055",
        "city_name": "Marseille",
        "latitude": 43.297533757470234,
        "longitude": 5.37365234197212,
        "manual_surge": 0,
        "available": true,
        "status": "active"
      }
    },
    {
      "type": "Feature",
      "geometry": {
        "type": "Polygon",
        "coordinates": [
          [
            [
              5.38752653742855,
              43.30570993711344
            ],
            [
              5.386094170379734,
              43.300981177136606
            ],
            [
              5.390883256631109,
              43.29797556917872
            ],
            [
              5.397105071533147,
              43.299698598836365
            ],
            [
              5.3985381612835965,
              43.304427456283484
            ],
            [
              5.393748713447517,
              43.30743318662055
            ],
            [
              5.38752653742855,
              43.30570993711344
            ]
          ]
        ]
      },
      "properties": {
        "uuid": "570f5a39-eba3-4f92-9cc7-5ed182dc1d23",
        "h3_index": "8839681539fffff",
        "city_code": "13055",
        "city_name": "Marseille",
        "latitude": 43.30270445932111,
        "longitude": 5.392315895557762,
        "manual_surge": 0,
        "available": true,
        "status": "active"
      }
    },
    {
      "type": "Feature",
      "geometry": {
        "type": "Polygon",
        "coordinates": [
          [
            [
              5.38940830296093,
              43.34954187141949
            ],
            [
              5.387975047789292,
              43.344814676804475
            ],
            [
              5.3927666744744505,
              43.34181087653117
            ],
            [
              5.398991918272576,
              43.34353414857155
            ],
            [
              5.40042589691128,
              43.348261440485366
            ],
            [
              5.395633908301996,
              43.35126536307789
            ],
            [
              5.38940830296093,
              43.34954187141949
            ]
          ]
        ]
      },
      "properties": {
        "uuid": "8a9d983f-93d8-4dc9-b32f-871b8b01f9f9",
        "h3_index": "8839681465fffff",
        "city_code": "13055",
        "city_name": "Marseille",
        "latitude": 43.34653820150107,
        "longitude": 5.394200201804201,
        "manual_surge": 0,
        "available": true,
        "status": "active"
      }
    },
    {
      "type": "Feature",
      "geometry": {
        "type": "Polygon",
        "coordinates": [
          [
            [
              5.3951817103320945,
              43.312161751012056
            ],
            [
              5.393748713447517,
              43.30743318662055
            ],
            [
              5.3985381612835965,
              43.304427456283484
            ],
            [
              5.404760967480871,
              43.30615016793142
            ],
            [
              5.406194687169903,
              43.31087882967366
            ],
            [
              5.401404877874416,
              43.31388468243512
            ],
            [
              5.3951817103320945,
              43.312161751012056
            ]
          ]
        ]
      },
      "properties": {
        "uuid": "e0815716-a84f-435e-ac28-5309cb38e1e1",
        "h3_index": "8839681515fffff",
        "city_code": "13055",
        "city_name": "Marseille",
        "latitude": 43.30915615083805,
        "longitude": 5.399971430053419,
        "manual_surge": 0,
        "available": true,
        "status": "active"
      }
    },
    {
      "type": "Feature",
      "geometry": {
        "type": "Polygon",
        "coordinates": [
          [
            [
              5.409033533570114,
              43.37662175740318
            ],
            [
              5.4075984791075715,
              43.37189544711785
            ],
            [
              5.412391646107793,
              43.368891793255436
            ],
            [
              5.418620229282731,
              43.37061432727823
            ],
            [
              5.420056007661221,
              43.37534073452006
            ],
            [
              5.415262478966128,
              43.37834451080051
            ],
            [
              5.409033533570114,
              43.37662175740318
            ]
          ]
        ]
      },
      "properties": {
        "uuid": "5f85258d-d82c-40a8-a767-ea621e1fa73d",
        "h3_index": "8839681441fffff",
        "city_code": "13055",
        "city_name": "Marseille",
        "latitude": 43.373618233936156,
        "longitude": 5.413826972816985,
        "manual_surge": 0,
        "available": true,
        "status": "active"
      }
    },
    {
      "type": "Feature",
      "geometry": {
        "type": "Polygon",
        "coordinates": [
          [
            [
              5.369415126737139,
              43.22702272010844
            ],
            [
              5.367985346908449,
              43.22229123332521
            ],
            [
              5.3727699050084174,
              43.21928316269606
            ],
            [
              5.378984604280043,
              43.22100645648645
            ],
            [
              5.380415105459178,
              43.22573804123428
            ],
            [
              5.375630186033267,
              43.228746234244944
            ],
            [
              5.369415126737139,
              43.22702272010844
            ]
          ]
        ]
      },
      "properties": {
        "uuid": "aac0db02-48ce-4213-b2cf-0b7e77a67756",
        "h3_index": "8839680019fffff",
        "city_code": "13055",
        "city_name": "Marseille",
        "latitude": 43.22401477936358,
        "longitude": 5.374199956280513,
        "manual_surge": 0,
        "available": true,
        "status": "active"
      }
    },
    {
      "type": "Feature",
      "geometry": {
        "type": "Polygon",
        "coordinates": [
          [
            [
              5.430624198306657,
              43.27864686227482
            ],
            [
              5.4291893858600515,
              43.2739169320072
            ],
            [
              5.433976831068883,
              43.27090788106941
            ],
            [
              5.440199449066332,
              43.27262863767645
            ],
            [
              5.441634983683408,
              43.277358664953425
            ],
            [
              5.4368471781499155,
              43.280367838631896
            ],
            [
              5.430624198306657,
              43.27864686227482
            ]
          ]
        ]
      },
      "properties": {
        "uuid": "99cf3605-aebd-4879-a043-69b17394268b",
        "h3_index": "88396815a5fffff",
        "city_code": "13055",
        "city_name": "Marseille",
        "latitude": 43.27563794120267,
        "longitude": 5.435411915017525,
        "manual_surge": 0,
        "available": true,
        "status": "active"
      }
    },
    {
      "type": "Feature",
      "geometry": {
        "type": "Polygon",
        "coordinates": [
          [
            [
              5.424867700818102,
              43.3160451529666
            ],
            [
              5.423432628137116,
              43.31131659006626
            ],
            [
              5.428222251000109,
              43.30830946657554
            ],
            [
              5.434447307349318,
              43.31003078336791
            ],
            [
              5.435883102862772,
              43.31475944322624
            ],
            [
              5.431093119211883,
              43.3177666893521
            ],
            [
              5.424867700818102,
              43.3160451529666
            ]
          ]
        ]
      },
      "properties": {
        "uuid": "3f70fd27-cd60-4a3f-ba9c-d90e85f13712",
        "h3_index": "88396815c5fffff",
        "city_code": "13055",
        "city_name": "Marseille",
        "latitude": 43.313038159534074,
        "longitude": 5.429657595455545,
        "manual_surge": 0,
        "available": true,
        "status": "active"
      }
    },
    {
      "type": "Feature",
      "geometry": {
        "type": "Polygon",
        "coordinates": [
          [
            [
              5.3847076803441105,
              43.23993182420255
            ],
            [
              5.383276643459558,
              43.23520072515749
            ],
            [
              5.388061924086716,
              43.232192409720454
            ],
            [
              5.394278602692012,
              43.233915070875106
            ],
            [
              5.395710361132363,
              43.23864626764613
            ],
            [
              5.3909247194287415,
              43.24165470555437
            ],
            [
              5.3847076803441105,
              43.23993182420255
            ]
          ]
        ]
      },
      "properties": {
        "uuid": "89486158-da29-425b-b0dd-da25fda63b2a",
        "h3_index": "88396802a1fffff",
        "city_code": "13055",
        "city_name": "Marseille",
        "latitude": 43.23692363864526,
        "longitude": 5.389493232429575,
        "manual_surge": 0,
        "available": true,
        "status": "active"
      }
    },
    {
      "type": "Feature",
      "geometry": {
        "type": "Polygon",
        "coordinates": [
          [
            [
              5.433481902821617,
              43.34441310182235
            ],
            [
              5.432045754005142,
              43.33968551883135
            ],
            [
              5.43683700788258,
              43.336679175920274
            ],
            [
              5.443064771424727,
              43.33840029336759
            ],
            [
              5.444501643558781,
              43.343127973111166
            ],
            [
              5.439710028850497,
              43.34613443867277
            ],
            [
              5.433481902821617,
              43.34441310182235
            ]
          ]
        ]
      },
      "properties": {
        "uuid": "aad1baa1-b1ae-4d4b-a466-9a94828ce38d",
        "h3_index": "883968143dfffff",
        "city_code": "13055",
        "city_name": "Marseille",
        "latitude": 43.34140688906158,
        "longitude": 5.4382734286206285,
        "manual_surge": 0,
        "available": true,
        "status": "active"
      }
    },
    {
      "type": "Feature",
      "geometry": {
        "type": "Polygon",
        "coordinates": [
          [
            [
              5.414800767672852,
              43.339247374704755
            ],
            [
              5.413365972862397,
              43.33451969197931
            ],
            [
              5.41815695926528,
              43.33151410726844
            ],
            [
              5.424383101726094,
              43.33323608277844
            ],
            [
              5.4258186197891085,
              43.337963862512716
            ],
            [
              5.421027272156043,
              43.34096956974607
            ],
            [
              5.414800767672852,
              43.339247374704755
            ]
          ]
        ]
      },
      "properties": {
        "uuid": "7e7c036d-b68b-409b-ba10-a4a01b52814c",
        "h3_index": "8839681421fffff",
        "city_code": "13055",
        "city_name": "Marseille",
        "latitude": 43.336241920197935,
        "longitude": 5.419592026049292,
        "manual_surge": 0,
        "available": true,
        "status": "active"
      }
    },
    {
      "type": "Feature",
      "geometry": {
        "type": "Polygon",
        "coordinates": [
          [
            [
              5.407140460305054,
              43.33279717794911
            ],
            [
              5.4057062959618465,
              43.328069298831636
            ],
            [
              5.410496921008819,
              43.32506383659796
            ],
            [
              5.416722071772193,
              43.32678613102248
            ],
            [
              5.41815695926528,
              43.33151410726844
            ],
            [
              5.413365972862397,
              43.33451969197931
            ],
            [
              5.407140460305054,
              43.33279717794911
            ]
          ]
        ]
      },
      "properties": {
        "uuid": "f5d4dc9a-911a-43e2-ba0b-8eece8cd5b01",
        "h3_index": "8839681425fffff",
        "city_code": "13055",
        "city_name": "Marseille",
        "latitude": 43.329791845922074,
        "longitude": 5.411931357318324,
        "manual_surge": 0,
        "available": true,
        "status": "active"
      }
    },
    {
      "type": "Feature",
      "geometry": {
        "type": "Polygon",
        "coordinates": [
          [
            [
              5.455997303496688,
              43.268328849259504
            ],
            [
              5.454560954676493,
              43.263598432639526
            ],
            [
              5.459347757513238,
              43.26058759956329
            ],
            [
              5.465571268819191,
              43.26230706018122
            ],
            [
              5.46700833959445,
              43.26703757352006
            ],
            [
              5.462221177126131,
              43.27004852953998
            ],
            [
              5.455997303496688,
              43.268328849259504
            ]
          ]
        ]
      },
      "properties": {
        "uuid": "7dc4ceb5-f8f3-4060-bc7b-e35c89aeddea",
        "h3_index": "8839680741fffff",
        "city_code": "13055",
        "city_name": "Marseille",
        "latitude": 43.26531814589746,
        "longitude": 5.460784377650812,
        "manual_surge": 0,
        "available": true,
        "status": "active"
      }
    },
    {
      "type": "Feature",
      "geometry": {
        "type": "Polygon",
        "coordinates": [
          [
            [
              5.5240255134325205,
              43.30443148692662
            ],
            [
              5.522583936627777,
              43.29970205632426
            ],
            [
              5.527372702286915,
              43.29668921397687
            ],
            [
              5.533603403092912,
              43.29840567887186
            ],
            [
              5.535045702385502,
              43.3031352052019
            ],
            [
              5.5302565784019855,
              43.30614817092718
            ],
            [
              5.5240255134325205,
              43.30443148692662
            ]
          ]
        ]
      },
      "properties": {
        "uuid": "6dabef96-2a66-4f99-ab28-208aea472b65",
        "h3_index": "8839680609fffff",
        "city_code": "13055",
        "city_name": "Marseille",
        "latitude": 43.3014187741762,
        "longitude": 5.5288145503308845,
        "manual_surge": 0,
        "available": true,
        "status": "active"
      }
    },
    {
      "type": "Feature",
      "geometry": {
        "type": "Polygon",
        "coordinates": [
          [
            [
              5.450251956537481,
              43.30573540851208
            ],
            [
              5.44881534600389,
              43.30100635873269
            ],
            [
              5.453604326358312,
              43.29799745189715
            ],
            [
              5.459830277357774,
              43.29971747202078
            ],
            [
              5.461267610508366,
              43.30444661846788
            ],
            [
              5.456478270059924,
              43.30745564814152
            ],
            [
              5.450251956537481,
              43.30573540851208
            ]
          ]
        ]
      },
      "properties": {
        "uuid": "6af89b77-9d0f-4ceb-85b7-7a6c48972c3d",
        "h3_index": "8839681581fffff",
        "city_code": "13055",
        "city_name": "Marseille",
        "latitude": 43.30272663158357,
        "longitude": 5.455041208481518,
        "manual_surge": 0,
        "available": true,
        "status": "active"
      }
    },
    {
      "type": "Feature",
      "geometry": {
        "type": "Polygon",
        "coordinates": [
          [
            [
              5.46797016904036,
              43.28896843589109
            ],
            [
              5.466532651896279,
              43.28423870366635
            ],
            [
              5.471320628410953,
              43.28122813682836
            ],
            [
              5.4775464816134605,
              43.28294717923721
            ],
            [
              5.478984721056407,
              43.28767700795886
            ],
            [
              5.474196385015471,
              43.29068769779267
            ],
            [
              5.46797016904036,
              43.28896843589109
            ]
          ]
        ]
      },
      "properties": {
        "uuid": "4b3381a1-635d-4ba2-8684-841ad7312494",
        "h3_index": "88396815b1fffff",
        "city_code": "13055",
        "city_name": "Marseille",
        "latitude": 43.285957998811355,
        "longitude": 5.472758416952653,
        "manual_surge": 0,
        "available": true,
        "status": "active"
      }
    },
    {
      "type": "Feature",
      "geometry": {
        "type": "Polygon",
        "coordinates": [
          [
            [
              5.491411913077689,
              43.23476944862805
            ],
            [
              5.489973753811955,
              43.23003767025952
            ],
            [
              5.49475854962944,
              43.227023520519055
            ],
            [
              5.500981863227982,
              43.22874102590546
            ],
            [
              5.502420743812841,
              43.233472900650476
            ],
            [
              5.497635589497583,
              43.23648717365048
            ],
            [
              5.491411913077689,
              43.23476944862805
            ]
          ]
        ]
      },
      "properties": {
        "uuid": "6204415f-d775-4fa7-8e74-3581795a3359",
        "h3_index": "8839680731fffff",
        "city_code": "13055",
        "city_name": "Marseille",
        "latitude": 43.23175542830326,
        "longitude": 5.496196979828924,
        "manual_surge": 0,
        "available": true,
        "status": "active"
      }
    },
    {
      "type": "Feature",
      "geometry": {
        "type": "Polygon",
        "coordinates": [
          [
            [
              5.478984721056407,
              43.28767700795886
            ],
            [
              5.4775464816134605,
              43.28294717923721
            ],
            [
              5.482334362966438,
              43.27993597719531
            ],
            [
              5.488560843032663,
              43.28165448081464
            ],
            [
              5.489999804736199,
              43.28638440589647
            ],
            [
              5.485211564130467,
              43.28939573101671
            ],
            [
              5.478984721056407,
              43.28767700795886
            ]
          ]
        ]
      },
      "properties": {
        "uuid": "84ca4247-67a6-4cdb-b1dd-a26fbcd096cb",
        "h3_index": "88396815b3fffff",
        "city_code": "13055",
        "city_name": "Marseille",
        "latitude": 43.28466593562394,
        "longitude": 5.4837728737475775,
        "manual_surge": 0,
        "available": true,
        "status": "active"
      }
    },
    {
      "type": "Feature",
      "geometry": {
        "type": "Polygon",
        "coordinates": [
          [
            [
              5.369798742464499,
              43.32245609689325
            ],
            [
              5.368367284504229,
              43.31772802083135
            ],
            [
              5.3731573706832725,
              43.31472407407222
            ],
            [
              5.379379276991984,
              43.316448081172055
            ],
            [
              5.380811457970299,
              43.321176254874686
            ],
            [
              5.3760210096389764,
              43.324180323854655
            ],
            [
              5.369798742464499,
              43.32245609689325
            ]
          ]
        ]
      },
      "properties": {
        "uuid": "5fea1972-54b5-4702-a4df-8ebfe6c1b286",
        "h3_index": "8839681509fffff",
        "city_code": "13055",
        "city_name": "Marseille",
        "latitude": 43.31945228044816,
        "longitude": 5.374589100712897,
        "manual_surge": 0,
        "available": true,
        "status": "active"
      }
    },
    {
      "type": "Feature",
      "geometry": {
        "type": "Polygon",
        "coordinates": [
          [
            [
              5.4224626976173225,
              43.34569705584791
            ],
            [
              5.421027272156043,
              43.34096956974607
            ],
            [
              5.4258186197891085,
              43.337963862512716
            ],
            [
              5.432045754005142,
              43.33968551883135
            ],
            [
              5.433481902821617,
              43.34441310182235
            ],
            [
              5.42869019408421,
              43.34741893162347
            ],
            [
              5.4224626976173225,
              43.34569705584791
            ]
          ]
        ]
      },
      "properties": {
        "uuid": "81463780-680c-4b3f-b44c-fd1b04410f14",
        "h3_index": "883968142bfffff",
        "city_code": "13055",
        "city_name": "Marseille",
        "latitude": 43.34269147881603,
        "longitude": 5.4272543172312115,
        "manual_surge": 0,
        "available": true,
        "status": "active"
      }
    },
    {
      "type": "Feature",
      "geometry": {
        "type": "Polygon",
        "coordinates": [
          [
            [
              5.456956149463631,
              43.29025868985243
            ],
            [
              5.4555193546564755,
              43.28552905426126
            ],
            [
              5.460307425964261,
              43.28251912261591
            ],
            [
              5.466532651896279,
              43.28423870366635
            ],
            [
              5.46797016904036,
              43.28896843589109
            ],
            [
              5.463181737932955,
              43.29197849044973
            ],
            [
              5.456956149463631,
              43.29025868985243
            ]
          ]
        ]
      },
      "properties": {
        "uuid": "e842b9cf-5b68-4e80-8de6-aec890caf3d0",
        "h3_index": "88396815bdfffff",
        "city_code": "13055",
        "city_name": "Marseille",
        "latitude": 43.28724888801657,
        "longitude": 5.461744492228375,
        "manual_surge": 0,
        "available": true,
        "status": "active"
      }
    },
    {
      "type": "Feature",
      "geometry": {
        "type": "Polygon",
        "coordinates": [
          [
            [
              5.39329765402725,
              43.268315013537546
            ],
            [
              5.391865544876932,
              43.26358488765673
            ],
            [
              5.39665245462176,
              43.26057735173121
            ],
            [
              5.402871834654771,
              43.262299819219116
            ],
            [
              5.404304665845191,
              43.267030042621414
            ],
            [
              5.399517394979677,
              43.270037701032194
            ],
            [
              5.39329765402725,
              43.268315013537546
            ]
          ]
        ]
      },
      "properties": {
        "uuid": "e26bd5dc-ea2c-478f-9140-9f992f6065fa",
        "h3_index": "8839680289fffff",
        "city_code": "13055",
        "city_name": "Marseille",
        "latitude": 43.265307607584894,
        "longitude": 5.398084835377514,
        "manual_surge": 0,
        "available": true,
        "status": "active"
      }
    },
    {
      "type": "Feature",
      "geometry": {
        "type": "Polygon",
        "coordinates": [
          [
            [
              5.378935018102943,
              43.27733493665177
            ],
            [
              5.377503724019037,
              43.27260520088976
            ],
            [
              5.3822911795190995,
              43.269598812262466
            ],
            [
              5.38851029066041,
              43.271322037050524
            ],
            [
              5.389942306960922,
              43.276051870487706
            ],
            [
              5.385154489920637,
              43.27905838147953
            ],
            [
              5.378935018102943,
              43.27733493665177
            ]
          ]
        ]
      },
      "properties": {
        "uuid": "87e5a222-50ab-4f34-8276-ac9011e00652",
        "h3_index": "88396802c1fffff",
        "city_code": "13055",
        "city_name": "Marseille",
        "latitude": 43.27432867809741,
        "longitude": 5.383722745333474,
        "manual_surge": 0,
        "available": true,
        "status": "active"
      }
    },
    {
      "type": "Feature",
      "geometry": {
        "type": "Polygon",
        "coordinates": [
          [
            [
              5.457429967229098,
              43.216712493212455
            ],
            [
              5.4559944176323985,
              43.21198022653731
            ],
            [
              5.460778231839404,
              43.20896708075286
            ],
            [
              5.4669979548095915,
              43.2106860786183
            ],
            [
              5.468434225458905,
              43.215418442165
            ],
            [
              5.4636500521028255,
              43.21843171099259
            ],
            [
              5.457429967229098,
              43.216712493212455
            ]
          ]
        ]
      },
      "properties": {
        "uuid": "6b4328ae-97a1-4415-a98c-3f81a94e4d1a",
        "h3_index": "883968009bfffff",
        "city_code": "13055",
        "city_name": "Marseille",
        "latitude": 43.213699476901866,
        "longitude": 5.462214052408501,
        "manual_surge": 0,
        "available": true,
        "status": "active"
      }
    },
    {
      "type": "Feature",
      "geometry": {
        "type": "Polygon",
        "coordinates": [
          [
            [
              5.463658155970953,
              43.2747787504257
            ],
            [
              5.462221177126131,
              43.27004852953998
            ],
            [
              5.46700833959445,
              43.26703757352006
            ],
            [
              5.473232840430533,
              43.268756715415215
            ],
            [
              5.474670541332314,
              43.273487032900285
            ],
            [
              5.46988301935855,
              43.276498111908744
            ],
            [
              5.463658155970953,
              43.2747787504257
            ]
          ]
        ]
      },
      "properties": {
        "uuid": "d9982bb3-5e0d-4278-8fda-4b807ae3e2c6",
        "h3_index": "883968074bfffff",
        "city_code": "13055",
        "city_name": "Marseille",
        "latitude": 43.27176792411761,
        "longitude": 5.468445589763633,
        "manual_surge": 0,
        "available": true,
        "status": "active"
      }
    },
    {
      "type": "Feature",
      "geometry": {
        "type": "Polygon",
        "coordinates": [
          [
            [
              5.490444335528458,
              43.212826823197084
            ],
            [
              5.4890066228881045,
              43.208094266317524
            ],
            [
              5.493790152070994,
              43.20507921716485
            ],
            [
              5.500011752242511,
              43.2067966016191
            ],
            [
              5.501450185820988,
              43.21152925495996
            ],
            [
              5.496666298307365,
              43.21454442740312
            ],
            [
              5.490444335528458,
              43.212826823197084
            ]
          ]
        ]
      },
      "properties": {
        "uuid": "300cae71-691d-47d5-810b-d7eaf1bb011b",
        "h3_index": "8839680543fffff",
        "city_code": "13055",
        "city_name": "Marseille",
        "latitude": 43.20981190336415,
        "longitude": 5.495228135505939,
        "manual_surge": 0,
        "available": true,
        "status": "active"
      }
    },
    {
      "type": "Feature",
      "geometry": {
        "type": "Polygon",
        "coordinates": [
          [
            [
              5.422018009905022,
              43.2502648421549
            ],
            [
              5.42058427174753,
              43.245533936937406
            ],
            [
              5.4253700884581875,
              43.24252410713135
            ],
            [
              5.431590003625284,
              43.244245059834206
            ],
            [
              5.433024463469248,
              43.248976062265704
            ],
            [
              5.428238286476903,
              43.25198601479821
            ],
            [
              5.422018009905022,
              43.2502648421549
            ]
          ]
        ]
      },
      "properties": {
        "uuid": "8b13724b-8fd7-485e-a90e-a84609e06534",
        "h3_index": "88396802bbfffff",
        "city_code": "13055",
        "city_name": "Marseille",
        "latitude": 43.247255142121446,
        "longitude": 5.426804097970889,
        "manual_surge": 0,
        "available": true,
        "status": "active"
      }
    },
    {
      "type": "Feature",
      "geometry": {
        "type": "Polygon",
        "coordinates": [
          [
            [
              5.360653083201033,
              43.367555846227745
            ],
            [
              5.359221461855523,
              43.36282943443928
            ],
            [
              5.36401418134958,
              43.3598279325841
            ],
            [
              5.370238884971853,
              43.361552720457205
            ],
            [
              5.371671230138068,
              43.366279229851116
            ],
            [
              5.3668781478784515,
              43.369280853784424
            ],
            [
              5.360653083201033,
              43.367555846227745
            ]
          ]
        ]
      },
      "properties": {
        "uuid": "edb9061b-2abb-4e02-aacc-97c9481a0d24",
        "h3_index": "8839681703fffff",
        "city_code": "13055",
        "city_name": "Marseille",
        "latitude": 43.36455447492665,
        "longitude": 5.365446075103896,
        "manual_surge": 0,
        "available": true,
        "status": "active"
      }
    },
    {
      "type": "Feature",
      "geometry": {
        "type": "Polygon",
        "coordinates": [
          [
            [
              5.454081156986715,
              43.22445710260159
            ],
            [
              5.452645699327678,
              43.219725127523255
            ],
            [
              5.457429967229098,
              43.216712493212455
            ],
            [
              5.4636500521028255,
              43.21843171099259
            ],
            [
              5.465086230954099,
              43.223163782959794
            ],
            [
              5.460301603756818,
              43.22617654027588
            ],
            [
              5.454081156986715,
              43.22445710260159
            ]
          ]
        ]
      },
      "properties": {
        "uuid": "5d34847e-80cd-40dc-b2ce-8f1d661f449d",
        "h3_index": "8839680725fffff",
        "city_code": "13055",
        "city_name": "Marseille",
        "latitude": 43.22144459781373,
        "longitude": 5.458865695926685,
        "manual_surge": 0,
        "available": true,
        "status": "active"
      }
    },
    {
      "type": "Feature",
      "geometry": {
        "type": "Polygon",
        "coordinates": [
          [
            [
              5.375031512748204,
              43.35855058284559
            ],
            [
              5.373599074301648,
              43.35382377949452
            ],
            [
              5.3783912476462366,
              43.35082112831239
            ],
            [
              5.3846162217994165,
              43.35254515830053
            ],
            [
              5.386049383889982,
              43.35727205910377
            ],
            [
              5.3812568482005325,
              43.36027483248462
            ],
            [
              5.375031512748204,
              43.35855058284559
            ]
          ]
        ]
      },
      "properties": {
        "uuid": "dc3150e1-3056-44f2-8ac1-e7de63dfd4ad",
        "h3_index": "883968173bfffff",
        "city_code": "13055",
        "city_name": "Marseille",
        "latitude": 43.355548062117975,
        "longitude": 5.37982395837629,
        "manual_surge": 0,
        "available": true,
        "status": "active"
      }
    },
    {
      "type": "Feature",
      "geometry": {
        "type": "Polygon",
        "coordinates": [
          [
            [
              5.520677777956088,
              43.312172954589094
            ],
            [
              5.519236292454163,
              43.30744381709628
            ],
            [
              5.5240255134325205,
              43.30443148692662
            ],
            [
              5.5302565784019855,
              43.30614817092718
            ],
            [
              5.531698786532139,
              43.310877404164756
            ],
            [
              5.526909207082322,
              43.31388985767493
            ],
            [
              5.520677777956088,
              43.312172954589094
            ]
          ]
        ]
      },
      "properties": {
        "uuid": "31a487ae-9016-4539-a272-edbf2944a4f7",
        "h3_index": "8839680643fffff",
        "city_code": "13055",
        "city_name": "Marseille",
        "latitude": 43.309160754065196,
        "longitude": 5.525467270240095,
        "manual_surge": 0,
        "available": true,
        "status": "active"
      }
    },
    {
      "type": "Feature",
      "geometry": {
        "type": "Polygon",
        "coordinates": [
          [
            [
              5.349635477114784,
              43.36883128863959
            ],
            [
              5.348204579626472,
              43.36410497459299
            ],
            [
              5.3529973904691035,
              43.361104108481406
            ],
            [
              5.359221461855523,
              43.36282943443928
            ],
            [
              5.360653083201033,
              43.367555846227745
            ],
            [
              5.355859909320002,
              43.37055683433441
            ],
            [
              5.349635477114784,
              43.36883128863959
            ]
          ]
        ]
      },
      "properties": {
        "uuid": "9e684a70-c288-4acd-ab4d-63149d63e022",
        "h3_index": "8839681701fffff",
        "city_code": "13055",
        "city_name": "Marseille",
        "latitude": 43.36583055313313,
        "longitude": 5.354428560425004,
        "manual_surge": 0,
        "available": true,
        "status": "active"
      }
    },
    {
      "type": "Feature",
      "geometry": {
        "type": "Polygon",
        "coordinates": [
          [
            [
              5.384169271245163,
              43.31344349909118
            ],
            [
              5.38273699720201,
              43.30871503218696
            ],
            [
              5.38752653742855,
              43.30570993711344
            ],
            [
              5.393748713447517,
              43.30743318662055
            ],
            [
              5.3951817103320945,
              43.312161751012056
            ],
            [
              5.390391808373428,
              43.315166968427064
            ],
            [
              5.384169271245163,
              43.31344349909118
            ]
          ]
        ]
      },
      "properties": {
        "uuid": "acce2e7e-ce3c-4e2e-a3a3-0954e76192c6",
        "h3_index": "8839681503fffff",
        "city_code": "13055",
        "city_name": "Marseille",
        "latitude": 43.31043853423191,
        "longitude": 5.388959083415869,
        "manual_surge": 0,
        "available": true,
        "status": "active"
      }
    },
    {
      "type": "Feature",
      "geometry": {
        "type": "Polygon",
        "coordinates": [
          [
            [
              5.472283797579998,
              43.303156654202255
            ],
            [
              5.470845741850409,
              43.2984274112241
            ],
            [
              5.475634532631224,
              43.295417233707205
            ],
            [
              5.481861738706125,
              43.29713617618315
            ],
            [
              5.483300516976528,
              43.30186551555567
            ],
            [
              5.478511366648742,
              43.3048758160758
            ],
            [
              5.472283797579998,
              43.303156654202255
            ]
          ]
        ]
      },
      "properties": {
        "uuid": "f9ac2e7c-a5aa-4f70-9745-975cc127548a",
        "h3_index": "8839681595fffff",
        "city_code": "13055",
        "city_name": "Marseille",
        "latitude": 43.300146606489946,
        "longitude": 5.477072859831696,
        "manual_surge": 0,
        "available": true,
        "status": "active"
      }
    },
    {
      "type": "Feature",
      "geometry": {
        "type": "Polygon",
        "coordinates": [
          [
            [
              5.337690875348502,
              43.34819909037735
            ],
            [
              5.336261144341734,
              43.343472090536295
            ],
            [
              5.341052774789547,
              43.340470954642676
            ],
            [
              5.347274499401306,
              43.34219669666629
            ],
            [
              5.348704953918392,
              43.34692379447166
            ],
            [
              5.343912960330383,
              43.349925052306986
            ],
            [
              5.337690875348502,
              43.34819909037735
            ]
          ]
        ]
      },
      "properties": {
        "uuid": "6d14d90a-1ffa-46d5-aa97-d3c593717d35",
        "h3_index": "8839681721fffff",
        "city_code": "13055",
        "city_name": "Marseille",
        "latitude": 43.345198085045645,
        "longitude": 5.342482778182132,
        "manual_surge": 0,
        "available": true,
        "status": "active"
      }
    },
    {
      "type": "Feature",
      "geometry": {
        "type": "Polygon",
        "coordinates": [
          [
            [
              5.36158709492667,
              43.38946032333962
            ],
            [
              5.360155029957441,
              43.38473469658784
            ],
            [
              5.364949021338159,
              43.38173410033419
            ],
            [
              5.371175440641379,
              43.3834590088015
            ],
            [
              5.372608229814767,
              43.388184733072514
            ],
            [
              5.367813875497929,
              43.3911854513749
            ],
            [
              5.36158709492667,
              43.38946032333962
            ]
          ]
        ]
      },
      "properties": {
        "uuid": "d1316ce0-4003-4534-aa03-e63b65a9eaa6",
        "h3_index": "8839681751fffff",
        "city_code": "13055",
        "city_name": "Marseille",
        "latitude": 43.386459857734074,
        "longitude": 5.366381358856657,
        "manual_surge": 0,
        "available": true,
        "status": "active"
      }
    },
    {
      "type": "Feature",
      "geometry": {
        "type": "Polygon",
        "coordinates": [
          [
            [
              5.357854060894917,
              43.30181817320489
            ],
            [
              5.356423768805959,
              43.29708941346347
            ],
            [
              5.361212676670142,
              43.294085198022586
            ],
            [
              5.3674322388948665,
              43.295809620172925
            ],
            [
              5.368863253655917,
              43.30053847777717
            ],
            [
              5.364073983537191,
              43.303542815386145
            ],
            [
              5.357854060894917,
              43.30181817320489
            ]
          ]
        ]
      },
      "properties": {
        "uuid": "c0f7f079-8dc8-47af-ba56-4a04ec7d8095",
        "h3_index": "8839681529fffff",
        "city_code": "13055",
        "city_name": "Marseille",
        "latitude": 43.298814088034405,
        "longitude": 5.362643240747036,
        "manual_surge": 0,
        "available": true,
        "status": "active"
      }
    },
    {
      "type": "Feature",
      "geometry": {
        "type": "Polygon",
        "coordinates": [
          [
            [
              5.402416675054178,
              43.223165170439046
            ],
            [
              5.4009847312843045,
              43.21843339017175
            ],
            [
              5.405769013180258,
              43.21542341644603
            ],
            [
              5.411985599373767,
              43.21714510037544
            ],
            [
              5.413418264383654,
              43.221876978197585
            ],
            [
              5.408633621977184,
              43.22488707455331
            ],
            [
              5.402416675054178,
              43.223165170439046
            ]
          ]
        ]
      },
      "properties": {
        "uuid": "bb853775-b4dd-42d7-804c-df9bc32224ef",
        "h3_index": "88396800c1fffff",
        "city_code": "13055",
        "city_name": "Marseille",
        "latitude": 43.22015532644377,
        "longitude": 5.407201228217423,
        "manual_surge": 0,
        "available": true,
        "status": "active"
      }
    },
    {
      "type": "Feature",
      "geometry": {
        "type": "Polygon",
        "coordinates": [
          [
            [
              5.394768773660503,
              43.21671116947369
            ],
            [
              5.393337458451869,
              43.21197919532713
            ],
            [
              5.398121379712313,
              43.208969344186656
            ],
            [
              5.40433697683402,
              43.21069134462531
            ],
            [
              5.405769013180258,
              43.21542341644603
            ],
            [
              5.4009847312843045,
              43.21843339017175
            ],
            [
              5.394768773660503,
              43.21671116947369
            ]
          ]
        ]
      },
      "properties": {
        "uuid": "4b6f29f2-0d34-4fc6-9472-a34c006a0a41",
        "h3_index": "88396800c5fffff",
        "city_code": "13055",
        "city_name": "Marseille",
        "latitude": 43.2137014480659,
        "longitude": 5.399552966180894,
        "manual_surge": 0,
        "available": true,
        "status": "active"
      }
    },
    {
      "type": "Feature",
      "geometry": {
        "type": "Polygon",
        "coordinates": [
          [
            [
              5.483751065839025,
              43.22831962661132
            ],
            [
              5.482313536294648,
              43.22358765295135
            ],
            [
              5.48709797348799,
              43.22057362642575
            ],
            [
              5.493320298867388,
              43.22229145036312
            ],
            [
              5.49475854962944,
              43.227023520519055
            ],
            [
              5.489973753811955,
              43.23003767025952
            ],
            [
              5.483751065839025,
              43.22831962661132
            ]
          ]
        ]
      },
      "properties": {
        "uuid": "306f322f-82ed-46fb-a089-7e1d29cbabb9",
        "h3_index": "8839680735fffff",
        "city_code": "13055",
        "city_name": "Marseille",
        "latitude": 43.22530572950368,
        "longitude": 5.4885357739593195,
        "manual_surge": 0,
        "available": true,
        "status": "active"
      }
    },
    {
      "type": "Feature",
      "geometry": {
        "type": "Polygon",
        "coordinates": [
          [
            [
              5.432528822300978,
              43.322495055964716
            ],
            [
              5.431093119211883,
              43.3177666893521
            ],
            [
              5.435883102862772,
              43.31475944322624
            ],
            [
              5.442109150282075,
              43.31648044105058
            ],
            [
              5.44354557630604,
              43.321208904501546
            ],
            [
              5.438755231993185,
              43.32421627330772
            ],
            [
              5.432528822300978,
              43.322495055964716
            ]
          ]
        ]
      },
      "properties": {
        "uuid": "e023ca0c-c8f2-4c81-947b-8ada98f9cef6",
        "h3_index": "88396815c1fffff",
        "city_code": "13055",
        "city_name": "Marseille",
        "latitude": 43.31948793989451,
        "longitude": 5.437319077733468,
        "manual_surge": 0,
        "available": true,
        "status": "active"
      }
    },
    {
      "type": "Feature",
      "geometry": {
        "type": "Polygon",
        "coordinates": [
          [
            [
              5.409550322557899,
              43.30314380231856
            ],
            [
              5.4081165101428414,
              43.298414847537714
            ],
            [
              5.412905411053,
              43.29540796918188
            ],
            [
              5.419128485434709,
              43.2971299230799
            ],
            [
              5.420563020477177,
              43.301858975057925
            ],
            [
              5.4157737585277985,
              43.30486597595864
            ],
            [
              5.409550322557899,
              43.30314380231856
            ]
          ]
        ]
      },
      "properties": {
        "uuid": "15815142-0d92-4c6b-bc4c-78f748b115af",
        "h3_index": "88396815edfffff",
        "city_code": "13055",
        "city_name": "Marseille",
        "latitude": 43.30013705402592,
        "longitude": 5.414339495228013,
        "manual_surge": 0,
        "available": true,
        "status": "active"
      }
    }
  ]
}