{
  "type": "FeatureCollection",
  "features": [
    {
      "type": "Feature",
      "geometry": {
        "type": "Polygon",
        "coordinates": [
          [
            [
              5.417717332212355,
              43.23607163977643
            ],
            [
              5.416284130771255,
              43.23134024796329
            ],
            [
              5.421069133563097,
              43.228330028932795
            ],
            [
              5.427287698073377,
              43.2300510790138
            ],
            [
              5.4287216209590685,
              43.23478256814308
            ],
            [
              5.423936257907134,
              43.2377929098931
            ],
            [
              5.417717332212355,
              43.23607163977643
            ]
          ]
        ]
      },
      "properties": {
        "uuid": "753d42ae-a7a8-48b6-ba6e-ab2c94aea5ff",
        "h3_index": "88396802b7fffff",
        "city_code": "13055",
        "city_name": "Marseille",
        "latitude": 43.23306155047185,
        "longitude": 5.422502606285989,
        "manual_surge": 0,
        "available": true,
        "status": "active",
        "dept_code": "13",
        "id": "MAR-13-13055"
      }
    },
    {
      "type": "Feature",
      "geometry": {
        "type": "Polygon",
        "coordinates": [
          [
            [
              5.49475854962944,
              43.227023520519055
            ],
            [
              5.493320298867388,
              43.22229145036312
            ],
            [
              5.498104640507004,
              43.21927678921653
            ],
            [
              5.504327591277299,
              43.220994074946475
            ],
            [
              5.5057665632186525,
              43.2257262414616
            ],
            [
              5.500981863227982,
              43.22874102590546
            ],
            [
              5.49475854962944,
              43.227023520519055
            ]
          ]
        ]
      },
      "properties": {
        "uuid": "45f7e3dc-d08b-43a6-9361-9c1af5418d4a",
        "h3_index": "8839680737fffff",
        "city_code": "13055",
        "city_name": "Marseille",
        "latitude": 43.22400898873906,
        "longitude": 5.499543162136625,
        "manual_surge": 0,
        "available": true,
        "status": "active",
        "dept_code": "13",
        "id": "MAR-13-13055"
      }
    },
    {
      "type": "Feature",
      "geometry": {
        "type": "Polygon",
        "coordinates": [
          [
            [
              5.433976831068883,
              43.27090788106941
            ],
            [
              5.432541926272261,
              43.26617765829725
            ],
            [
              5.437328917425084,
              43.263168095122
            ],
            [
              5.443551173569425,
              43.264888631958385
            ],
            [
              5.444986800396674,
              43.26961895172278
            ],
            [
              5.440199449066332,
              43.27262863767645
            ],
            [
              5.433976831068883,
              43.27090788106941
            ]
          ]
        ]
      },
      "properties": {
        "uuid": "0f75596d-d1d2-485b-8306-3b83bf93806a",
        "h3_index": "883968029bfffff",
        "city_code": "13055",
        "city_name": "Marseille",
        "latitude": 43.26789844771094,
        "longitude": 5.438764093657469,
        "manual_surge": 0,
        "available": true,
        "status": "active",
        "dept_code": "13",
        "id": "MAR-13-13055"
      }
    },
    {
      "type": "Feature",
      "geometry": {
        "type": "Polygon",
        "coordinates": [
          [
            [
              5.370349933713637,
              43.248954087332145
            ],
            [
              5.368919711453684,
              43.2442233781267
            ],
            [
              5.3737055370866145,
              43.24121620938711
            ],
            [
              5.37992194649202,
              43.242939627520464
            ],
            [
              5.381352890483884,
              43.2476704346056
            ],
            [
              5.376566703355504,
              43.25067772569556
            ],
            [
              5.370349933713637,
              43.248954087332145
            ]
          ]
        ]
      },
      "properties": {
        "uuid": "30a98dc2-f98e-41f4-9ff8-65026ae6153d",
        "h3_index": "88396802e7fffff",
        "city_code": "13055",
        "city_name": "Marseille",
        "latitude": 43.24594704857249,
        "longitude": 5.375136030929698,
        "manual_surge": 0,
        "available": true,
        "status": "active",
        "dept_code": "13",
        "id": "MAR-13-13055"
      }
    },
    {
      "type": "Feature",
      "geometry": {
        "type": "Polygon",
        "coordinates": [
          [
            [
              5.365126322493006,
              43.212827774614276
            ],
            [
              5.363697077843036,
              43.20809580281694
            ],
            [
              5.368480821759977,
              43.20508734262855
            ],
            [
              5.374694171647362,
              43.20681073188046
            ],
            [
              5.37612413740577,
              43.21154280174434
            ],
            [
              5.371340032185368,
              43.214551384307576
            ],
            [
              5.365126322493006,
              43.212827774614276
            ]
          ]
        ]
      },
      "properties": {
        "uuid": "3e55a6e4-ec9c-490f-88c4-c47d47cdfad3",
        "h3_index": "8839680015fffff",
        "city_code": "13055",
        "city_name": "Marseille",
        "latitude": 43.20981944426334,
        "longitude": 5.369910337779761,
        "manual_surge": 0,
        "available": true,
        "status": "active",
        "dept_code": "13",
        "id": "MAR-13-13055"
      }
    },
    {
      "type": "Feature",
      "geometry": {
        "type": "Polygon",
        "coordinates": [
          [
            [
              5.3793299026323975,
              43.37273001191432
            ],
            [
              5.377896926881787,
              43.3680036991203
            ],
            [
              5.382689917150755,
              43.3650014393475
            ],
            [
              5.388916245554724,
              43.36672537017993
            ],
            [
              5.390349945192515,
              43.3714517803232
            ],
            [
              5.385556592556309,
              43.37445416230271
            ],
            [
              5.3793299026323975,
              43.37273001191432
            ]
          ]
        ]
      },
      "properties": {
        "uuid": "4768e889-b9c7-4559-a099-4830edfe3e2d",
        "h3_index": "8839681711fffff",
        "city_code": "13055",
        "city_name": "Marseille",
        "latitude": 43.36972788264179,
        "longitude": 5.384123165258732,
        "manual_surge": 0,
        "available": true,
        "status": "active",
        "dept_code": "13",
        "id": "MAR-13-13055"
      }
    },
    {
      "type": "Feature",
      "geometry": {
        "type": "Polygon",
        "coordinates": [
          [
            [
              5.435883102862772,
              43.31475944322624
            ],
            [
              5.434447307349318,
              43.31003078336791
            ],
            [
              5.43923683644293,
              43.30702302449462
            ],
            [
              5.445462521582037,
              43.30874380277971
            ],
            [
              5.44689903989033,
              43.31347255945943
            ],
            [
              5.442109150282075,
              43.31648044105058
            ],
            [
              5.435883102862772,
              43.31475944322624
            ]
          ]
        ]
      },
      "properties": {
        "uuid": "e711d177-8c71-40c0-9ff4-2daeb3b517f6",
        "h3_index": "88396815c7fffff",
        "city_code": "13055",
        "city_name": "Marseille",
        "latitude": 43.31175181435993,
        "longitude": 5.440672903671642,
        "manual_surge": 0,
        "available": true,
        "status": "active",
        "dept_code": "13",
        "id": "MAR-13-13055"
      }
    },
    {
      "type": "Feature",
      "geometry": {
        "type": "Polygon",
        "coordinates": [
          [
            [
              5.445942663101542,
              43.29154777000234
            ],
            [
              5.444506590669253,
              43.28681823118144
            ],
            [
              5.449294756401546,
              43.283808934717285
            ],
            [
              5.4555193546564755,
              43.28552905426126
            ],
            [
              5.456956149463631,
              43.29025868985243
            ],
            [
              5.452167623658442,
              43.293268109147256
            ],
            [
              5.445942663101542,
              43.29154777000234
            ]
          ]
        ]
      },
      "properties": {
        "uuid": "eceabcd5-9836-4aaf-bcde-fead5fa63b38",
        "h3_index": "88396815abfffff",
        "city_code": "13055",
        "city_name": "Marseille",
        "latitude": 43.28853860339894,
        "longitude": 5.45073110035012,
        "manual_surge": 0,
        "available": true,
        "status": "active",
        "dept_code": "13",
        "id": "MAR-13-13055"
      }
    },
    {
      "type": "Feature",
      "geometry": {
        "type": "Polygon",
        "coordinates": [
          [
            [
              5.406713578679231,
              43.23735953955745
            ],
            [
              5.405281098719992,
              43.23262824519709
            ],
            [
              5.410066194491218,
              43.22961866070946
            ],
            [
              5.416284130771255,
              43.23134024796329
            ],
            [
              5.417717332212355,
              43.23607163977643
            ],
            [
              5.412931875908777,
              43.23908134690085
            ],
            [
              5.406713578679231,
              43.23735953955745
            ]
          ]
        ]
      },
      "properties": {
        "uuid": "d1c17d7b-11c1-41fc-ab4a-8df4031aedd1",
        "h3_index": "88396802b5fffff",
        "city_code": "13055",
        "city_name": "Marseille",
        "latitude": 43.23435008484704,
        "longitude": 5.411498945791195,
        "manual_surge": 0,
        "available": true,
        "status": "active",
        "dept_code": "13",
        "id": "MAR-13-13055"
      }
    },
    {
      "type": "Feature",
      "geometry": {
        "type": "Polygon",
        "coordinates": [
          [
            [
              5.319950268683074,
              43.36492559474997
            ],
            [
              5.318521449004118,
              43.360199280706354
            ],
            [
              5.323314077728227,
              43.35719980782589
            ],
            [
              5.329535889856491,
              43.358926527223765
            ],
            [
              5.330965433361432,
              43.36365293940168
            ],
            [
              5.326172440929039,
              43.36665253406533
            ],
            [
              5.319950268683074,
              43.36492559474997
            ]
          ]
        ]
      },
      "properties": {
        "uuid": "af40e2fb-11c8-4c29-a59e-d050155ae360",
        "h3_index": "8839681761fffff",
        "city_code": "13055",
        "city_name": "Marseille",
        "latitude": 43.36192625257938,
        "longitude": 5.324743169984358,
        "manual_surge": 0,
        "available": true,
        "status": "active",
        "dept_code": "13",
        "id": "MAR-13-13055"
      }
    },
    {
      "type": "Feature",
      "geometry": {
        "type": "Polygon",
        "coordinates": [
          [
            [
              5.420056007661221,
              43.37534073452006
            ],
            [
              5.418620229282731,
              43.37061432727823
            ],
            [
              5.4234133029107285,
              43.36761003745566
            ],
            [
              5.429642516355772,
              43.369332032391966
            ],
            [
              5.431079018612756,
              43.37405853645377
            ],
            [
              5.426285583563556,
              43.377062948777215
            ],
            [
              5.420056007661221,
              43.37534073452006
            ]
          ]
        ]
      },
      "properties": {
        "uuid": "36fbb363-8ee0-4b34-9803-a9f616f7e0e9",
        "h3_index": "8839681443fffff",
        "city_code": "13055",
        "city_name": "Marseille",
        "latitude": 43.372336575041786,
        "longitude": 5.424849353476626,
        "manual_surge": 0,
        "available": true,
        "status": "active",
        "dept_code": "13",
        "id": "MAR-13-13055"
      }
    },
    {
      "type": "Feature",
      "geometry": {
        "type": "Polygon",
        "coordinates": [
          [
            [
              5.403783452309475,
              43.34052971265722
            ],
            [
              5.402349380788931,
              43.33580212707719
            ],
            [
              5.407140460305054,
              43.33279717794911
            ],
            [
              5.413365972862397,
              43.33451969197931
            ],
            [
              5.414800767672852,
              43.339247374704755
            ],
            [
              5.410009326653298,
              43.34225244627247
            ],
            [
              5.403783452309475,
              43.34052971265722
            ]
          ]
        ]
      },
      "properties": {
        "uuid": "5e125305-1764-43fd-857e-faa9fcd57897",
        "h3_index": "883968142dfffff",
        "city_code": "13055",
        "city_name": "Marseille",
        "latitude": 43.33752489378435,
        "longitude": 5.408574803858268,
        "manual_surge": 0,
        "available": true,
        "status": "active",
        "dept_code": "13",
        "id": "MAR-13-13055"
      }
    },
    {
      "type": "Feature",
      "geometry": {
        "type": "Polygon",
        "coordinates": [
          [
            [
              5.462697665323345,
              43.25284554554016
            ],
            [
              5.461261132539241,
              43.248114544368256
            ],
            [
              5.466047027037691,
              43.24510268742878
            ],
            [
              5.4722698136753625,
              43.246821708660036
            ],
            [
              5.473707068134814,
              43.25155280651646
            ],
            [
              5.468920814298705,
              43.25456478647501
            ],
            [
              5.462697665323345,
              43.25284554554016
            ]
          ]
        ]
      },
      "properties": {
        "uuid": "199b3177-7711-4bb2-8c8a-cd8e5b73d876",
        "h3_index": "883968070dfffff",
        "city_code": "13055",
        "city_name": "Marseille",
        "latitude": 43.24983381821707,
        "longitude": 5.467483831006689,
        "manual_surge": 0,
        "available": true,
        "status": "active",
        "dept_code": "13",
        "id": "MAR-13-13055"
      }
    },
    {
      "type": "Feature",
      "geometry": {
        "type": "Polygon",
        "coordinates": [
          [
            [
              5.495727467671064,
              43.24896380875748
            ],
            [
              5.494288769975462,
              43.24423251794223
            ],
            [
              5.499074378667211,
              43.24121875649551
            ],
            [
              5.505299043590227,
              43.24293616261547
            ],
            [
              5.506738462846327,
              43.24766754970498
            ],
            [
              5.5019524956364885,
              43.250681434418176
            ],
            [
              5.495727467671064,
              43.24896380875748
            ]
          ]
        ]
      },
      "properties": {
        "uuid": "e0ed66fe-f78e-4eef-9c99-8b987e4147a2",
        "h3_index": "8839680715fffff",
        "city_code": "13055",
        "city_name": "Marseille",
        "latitude": 43.24595017677316,
        "longitude": 5.500513347369589,
        "manual_surge": 0,
        "available": true,
        "status": "active",
        "dept_code": "13",
        "id": "MAR-13-13055"
      }
    },
    {
      "type": "Feature",
      "geometry": {
        "type": "Polygon",
        "coordinates": [
          [
            [
              5.380811457970299,
              43.321176254874686
            ],
            [
              5.379379276991984,
              43.316448081172055
            ],
            [
              5.384169271245163,
              43.31344349909118
            ],
            [
              5.390391808373428,
              43.315166968427064
            ],
            [
              5.391824712332999,
              43.31989523963393
            ],
            [
              5.387034356200195,
              43.322899944018594
            ],
            [
              5.380811457970299,
              43.321176254874686
            ]
          ]
        ]
      },
      "properties": {
        "uuid": "ea4477ce-7aa6-4287-95a2-dedd93792920",
        "h3_index": "883968150bfffff",
        "city_code": "13055",
        "city_name": "Marseille",
        "latitude": 43.31817180305672,
        "longitude": 5.385601724233979,
        "manual_surge": 0,
        "available": true,
        "status": "active",
        "dept_code": "13",
        "id": "MAR-13-13055"
      }
    },
    {
      "type": "Feature",
      "geometry": {
        "type": "Polygon",
        "coordinates": [
          [
            [
              5.302204757840828,
              43.38164475859134
            ],
            [
              5.300776850322277,
              43.3769191310623
            ],
            [
              5.3055704767722105,
              43.37392132189162
            ],
            [
              5.311792375034161,
              43.37564901864326
            ],
            [
              5.31322100669415,
              43.38037474447642
            ],
            [
              5.3084270159676334,
              43.38337267527176
            ],
            [
              5.302204757840828,
              43.38164475859134
            ]
          ]
        ]
      },
      "properties": {
        "uuid": "2761ac98-e0e7-47fc-a047-72640421f734",
        "h3_index": "8839681291fffff",
        "city_code": "13055",
        "city_name": "Marseille",
        "latitude": 43.3786470802783,
        "longitude": 5.306998657059282,
        "manual_surge": 0,
        "available": true,
        "status": "active",
        "dept_code": "13",
        "id": "MAR-13-13055"
      }
    },
    {
      "type": "Feature",
      "geometry": {
        "type": "Polygon",
        "coordinates": [
          [
            [
              5.506738462846327,
              43.24766754970498
            ],
            [
              5.505299043590227,
              43.24293616261547
            ],
            [
              5.51008455627677,
              43.239921766311305
            ],
            [
              5.516309846481651,
              43.24163863376572
            ],
            [
              5.5177499872596005,
              43.24637011699273
            ],
            [
              5.512964116328444,
              43.249384636645736
            ],
            [
              5.506738462846327,
              43.24766754970498
            ]
          ]
        ]
      },
      "properties": {
        "uuid": "f7e6ffd5-77f3-46d7-a5c7-fed2111b9a19",
        "h3_index": "8839680717fffff",
        "city_code": "13055",
        "city_name": "Marseille",
        "latitude": 43.24465328281187,
        "longitude": 5.511524246480109,
        "manual_surge": 0,
        "available": true,
        "status": "active",
        "dept_code": "13",
        "id": "MAR-13-13055"
      }
    },
    {
      "type": "Feature",
      "geometry": {
        "type": "Polygon",
        "coordinates": [
          [
            [
              5.474670541332314,
              43.273487032900285
            ],
            [
              5.473232840430533,
              43.268756715415215
            ],
            [
              5.478019907915281,
              43.265745124345244
            ],
            [
              5.4842450355515,
              43.26746372770717
            ],
            [
              5.485683458472116,
              43.272194141654865
            ],
            [
              5.480896031755217,
              43.27520585579592
            ],
            [
              5.474670541332314,
              43.273487032900285
            ]
          ]
        ]
      },
      "properties": {
        "uuid": "2ba020d0-59ac-434f-9a93-11ae8ae534c7",
        "h3_index": "883968075dfffff",
        "city_code": "13055",
        "city_name": "Marseille",
        "latitude": 43.27047557149084,
        "longitude": 5.479457880082097,
        "manual_surge": 0,
        "available": true,
        "status": "active",
        "dept_code": "13",
        "id": "MAR-13-13055"
      }
    },
    {
      "type": "Feature",
      "geometry": {
        "type": "Polygon",
        "coordinates": [
          [
            [
              5.415749210887582,
              43.36116102145598
            ],
            [
              5.414313970807264,
              43.356434123005194
            ],
            [
              5.419106228020455,
              43.35342944224125
            ],
            [
              5.425334086730785,
              43.35515153745316
            ],
            [
              5.426770050446645,
              43.35987853282685
            ],
            [
              5.421977431833953,
              43.36288333608363
            ],
            [
              5.415749210887582,
              43.36116102145598
            ]
          ]
        ]
      },
      "properties": {
        "uuid": "4801863c-3306-4c5d-8308-3bed25d965c4",
        "h3_index": "883968140dfffff",
        "city_code": "13055",
        "city_name": "Marseille",
        "latitude": 43.35815647099055,
        "longitude": 5.420541740214468,
        "manual_surge": 0,
        "available": true,
        "status": "active",
        "dept_code": "13",
        "id": "MAR-13-13055"
      }
    },
    {
      "type": "Feature",
      "geometry": {
        "type": "Polygon",
        "coordinates": [
          [
            [
              5.350204837908664,
              43.295364454156676
            ],
            [
              5.348775175082199,
              43.290635499532065
            ],
            [
              5.353563720567143,
              43.2876314062141
            ],
            [
              5.359782291274788,
              43.28935614541571
            ],
            [
              5.361212676670142,
              43.294085198022586
            ],
            [
              5.356423768805959,
              43.29708941346347
            ],
            [
              5.350204837908664,
              43.295364454156676
            ]
          ]
        ]
      },
      "properties": {
        "uuid": "8dbf9ef0-a7f1-4934-b0a4-5c2bd545f223",
        "h3_index": "883968152dfffff",
        "city_code": "13055",
        "city_name": "Marseille",
        "latitude": 43.29236049111154,
        "longitude": 5.354993655373916,
        "manual_surge": 0,
        "available": true,
        "status": "active",
        "dept_code": "13",
        "id": "MAR-13-13055"
      }
    },
    {
      "type": "Feature",
      "geometry": {
        "type": "Polygon",
        "coordinates": [
          [
            [
              5.3052609675322415,
              43.278552595515144
            ],
            [
              5.303834636017074,
              43.27382325472053
            ],
            [
              5.308622273293522,
              43.27082079696802
            ],
            [
              5.314836605397367,
              43.27254755820688
            ],
            [
              5.316263659243137,
              43.2772769976148
            ],
            [
              5.311475658671284,
              43.28027957718841
            ],
            [
              5.3052609675322415,
              43.278552595515144
            ]
          ]
        ]
      },
      "properties": {
        "uuid": "4755dc90-e3e2-49ef-b382-55a59fcd57be",
        "h3_index": "8839680247fffff",
        "city_code": "13055",
        "city_name": "Marseille",
        "latitude": 43.27555026814501,
        "longitude": 5.310048876882663,
        "manual_surge": 0,
        "available": true,
        "status": "active",
        "dept_code": "13",
        "id": "MAR-13-13055"
      }
    },
    {
      "type": "Feature",
      "geometry": {
        "type": "Polygon",
        "coordinates": [
          [
            [
              5.461267610508366,
              43.30444661846788
            ],
            [
              5.459830277357774,
              43.29971747202078
            ],
            [
              5.464619163109777,
              43.29670792985028
            ],
            [
              5.470845741850409,
              43.2984274112241
            ],
            [
              5.472283797579998,
              43.303156654202255
            ],
            [
              5.4674945520074445,
              43.30616631929345
            ],
            [
              5.461267610508366,
              43.30444661846788
            ]
          ]
        ]
      },
      "properties": {
        "uuid": "98d85ef9-d3bb-4fc2-b58d-84e4db82efc2",
        "h3_index": "8839681583fffff",
        "city_code": "13055",
        "city_name": "Marseille",
        "latitude": 43.30143720615319,
        "longitude": 5.4660567677906675,
        "manual_surge": 0,
        "available": true,
        "status": "active",
        "dept_code": "13",
        "id": "MAR-13-13055"
      }
    },
    {
      "type": "Feature",
      "geometry": {
        "type": "Polygon",
        "coordinates": [
          [
            [
              5.492380010713658,
              43.25670805719727
            ],
            [
              5.490941404550874,
              43.25197705854158
            ],
            [
              5.495727467671064,
              43.24896380875748
            ],
            [
              5.5019524956364885,
              43.250681434418176
            ],
            [
              5.503391823499744,
              43.25541252936539
            ],
            [
              5.498605401714648,
              43.2584259023783
            ],
            [
              5.492380010713658,
              43.25670805719727
            ]
          ]
        ]
      },
      "properties": {
        "uuid": "361322bf-cbde-40a8-8524-d9086d70c0d3",
        "h3_index": "883968071dfffff",
        "city_code": "13055",
        "city_name": "Marseille",
        "latitude": 43.25369493692456,
        "longitude": 5.4971663449068595,
        "manual_surge": 0,
        "available": true,
        "status": "active",
        "dept_code": "13",
        "id": "MAR-13-13055"
      }
    },
    {
      "type": "Feature",
      "geometry": {
        "type": "Polygon",
        "coordinates": [
          [
            [
              5.411444028721946,
              43.34697983534858
            ],
            [
              5.410009326653298,
              43.34225244627247
            ],
            [
              5.414800767672852,
              43.339247374704755
            ],
            [
              5.421027272156043,
              43.34096956974607
            ],
            [
              5.4224626976173225,
              43.34569705584791
            ],
            [
              5.41767089522005,
              43.34870224990059
            ],
            [
              5.411444028721946,
              43.34697983534858
            ]
          ]
        ]
      },
      "properties": {
        "uuid": "c5348419-701d-48ec-9291-ac15a7146af2",
        "h3_index": "8839681429fffff",
        "city_code": "13055",
        "city_name": "Marseille",
        "latitude": 43.343974894033465,
        "longitude": 5.416235741781461,
        "manual_surge": 0,
        "available": true,
        "status": "active",
        "dept_code": "13",
        "id": "MAR-13-13055"
      }
    },
    {
      "type": "Feature",
      "geometry": {
        "type": "Polygon",
        "coordinates": [
          [
            [
              5.3755783100607,
              43.28507025585911
            ],
            [
              5.374147109025271,
              43.280340812687136
            ],
            [
              5.378935018102943,
              43.27733493665177
            ],
            [
              5.385154489920637,
              43.27905838147953
            ],
            [
              5.386586413312267,
              43.28378792234374
            ],
            [
              5.381798142547086,
              43.28679392070581
            ],
            [
              5.3755783100607,
              43.28507025585911
            ]
          ]
        ]
      },
      "properties": {
        "uuid": "b0227290-c154-4cb5-8d1a-399f4d8e9c94",
        "h3_index": "88396802c9fffff",
        "city_code": "13055",
        "city_name": "Marseille",
        "latitude": 43.28206450994547,
        "longitude": 5.3803664909350575,
        "manual_surge": 0,
        "available": true,
        "status": "active",
        "dept_code": "13",
        "id": "MAR-13-13055"
      }
    },
    {
      "type": "Feature",
      "geometry": {
        "type": "Polygon",
        "coordinates": [
          [
            [
              5.4550389728092945,
              43.24639498506203
            ],
            [
              5.453603069705054,
              43.24166378861256
            ],
            [
              5.4583886047398344,
              43.23865205464743
            ],
            [
              5.464610402359957,
              43.240371394175334
            ],
            [
              5.466047027037691,
              43.24510268742878
            ],
            [
              5.461261132539241,
              43.248114544368256
            ],
            [
              5.4550389728092945,
              43.24639498506203
            ]
          ]
        ]
      },
      "properties": {
        "uuid": "f6a66840-7641-4a95-8afc-8fb2fe89a830",
        "h3_index": "8839680763fffff",
        "city_code": "13055",
        "city_name": "Marseille",
        "latitude": 43.24338338071561,
        "longitude": 5.4598247790219805,
        "manual_surge": 0,
        "available": true,
        "status": "active",
        "dept_code": "13",
        "id": "MAR-13-13055"
      }
    },
    {
      "type": "Feature",
      "geometry": {
        "type": "Polygon",
        "coordinates": [
          [
            [
              5.438772943252763,
              43.211553129778736
            ],
            [
              5.437338743716513,
              43.20682076575527
            ],
            [
              5.4421222926491355,
              43.20380837732109
            ],
            [
              5.448340400682538,
              43.20552823001225
            ],
            [
              5.449775321207289,
              43.21026069116332
            ],
            [
              5.444991412727446,
              43.2132732025135
            ],
            [
              5.438772943252763,
              43.211553129778736
            ]
          ]
        ]
      },
      "properties": {
        "uuid": "162291ee-1cbb-41e0-a62f-a436e4f45f3c",
        "h3_index": "883968009dfffff",
        "city_code": "13055",
        "city_name": "Marseille",
        "latitude": 43.20854087087197,
        "longitude": 5.443556763209805,
        "manual_surge": 0,
        "available": true,
        "status": "active",
        "dept_code": "13",
        "id": "MAR-13-13055"
      }
    },
    {
      "type": "Feature",
      "geometry": {
        "type": "Polygon",
        "coordinates": [
          [
            [
              5.365504905072281,
              43.30827138001285
            ],
            [
              5.364073983537191,
              43.303542815386145
            ],
            [
              5.368863253655917,
              43.30053847777717
            ],
            [
              5.375083807456533,
              43.30226258259945
            ],
            [
              5.3765154517668465,
              43.30699124496948
            ],
            [
              5.371725819518397,
              43.309995704791774
            ],
            [
              5.365504905072281,
              43.30827138001285
            ]
          ]
        ]
      },
      "properties": {
        "uuid": "35318669-56f8-4933-a709-82f3efba2d14",
        "h3_index": "8839681505fffff",
        "city_code": "13055",
        "city_name": "Marseille",
        "latitude": 43.305267172671776,
        "longitude": 5.370294447186515,
        "manual_surge": 0,
        "available": true,
        "status": "active",
        "dept_code": "13",
        "id": "MAR-13-13055"
      }
    },
    {
      "type": "Feature",
      "geometry": {
        "type": "Polygon",
        "coordinates": [
          [
            [
              5.4377914262020735,
              43.3585948692631
            ],
            [
              5.436354738888255,
              43.353867777103126
            ],
            [
              5.441146808603995,
              43.35086182468891
            ],
            [
              5.447375926503218,
              43.352582841794245
            ],
            [
              5.448813337377331,
              43.35731003060396
            ],
            [
              5.444020906809355,
              43.36031610567655
            ],
            [
              5.4377914262020735,
              43.3585948692631
            ]
          ]
        ]
      },
      "properties": {
        "uuid": "b3f8c757-7343-481b-82b9-3afd8753cfaf",
        "h3_index": "8839681403fffff",
        "city_code": "13055",
        "city_name": "Marseille",
        "latitude": 43.355589047045136,
        "longitude": 5.442583767912997,
        "manual_surge": 0,
        "available": true,
        "status": "active",
        "dept_code": "13",
        "id": "MAR-13-13055"
      }
    },
    {
      "type": "Feature",
      "geometry": {
        "type": "Polygon",
        "coordinates": [
          [
            [
              5.507710884985515,
              43.26960483736845
            ],
            [
              5.506271018142423,
              43.26487423090568
            ],
            [
              5.511057798465796,
              43.261860734619226
            ],
            [
              5.517284804061448,
              43.26357772149511
            ],
            [
              5.518725392807845,
              43.268308424010236
            ],
            [
              5.513938254072939,
              43.27132204361504
            ],
            [
              5.507710884985515,
              43.26960483736845
            ]
          ]
        ]
      },
      "properties": {
        "uuid": "ba094dca-5c99-41ec-85bf-94e4e931aaed",
        "h3_index": "8839680625fffff",
        "city_code": "13055",
        "city_name": "Marseille",
        "latitude": 43.26659147058861,
        "longitude": 5.51249793639542,
        "manual_surge": 0,
        "available": true,
        "status": "active",
        "dept_code": "13",
        "id": "MAR-13-13055"
      }
    },
    {
      "type": "Feature",
      "geometry": {
        "type": "Polygon",
        "coordinates": [
          [
            [
              5.43683700788258,
              43.336679175920274
            ],
            [
              5.435400766604492,
              43.33195129931373
            ],
            [
              5.440191565673753,
              43.32894444340093
            ],
            [
              5.446418966721865,
              43.33066534142462
            ],
            [
              5.447855931177345,
              43.33539331476681
            ],
            [
              5.443064771424727,
              43.33840029336759
            ],
            [
              5.43683700788258,
              43.336679175920274
            ]
          ]
        ]
      },
      "properties": {
        "uuid": "fd1f7d87-051f-44e6-bbb4-7762a3f1ea7c",
        "h3_index": "8839681435fffff",
        "city_code": "13055",
        "city_name": "Marseille",
        "latitude": 43.33367245010921,
        "longitude": 5.441628078806984,
        "manual_surge": 0,
        "available": true,
        "status": "active",
        "dept_code": "13",
        "id": "MAR-13-13055"
      }
    },
    {
      "type": "Feature",
      "geometry": {
        "type": "Polygon",
        "coordinates": [
          [
            [
              5.377453097493277,
              43.328908204226785
            ],
            [
              5.3760210096389764,
              43.324180323854655
            ],
            [
              5.380811457970299,
              43.321176254874686
            ],
            [
              5.387034356200195,
              43.322899944018594
            ],
            [
              5.3884671671755955,
              43.3276279219119
            ],
            [
              5.3836763568171255,
              43.330632113158
            ],
            [
              5.377453097493277,
              43.328908204226785
            ]
          ]
        ]
      },
      "properties": {
        "uuid": "e30acf61-4e80-4b58-8fec-a059eaef2e94",
        "h3_index": "8839681555fffff",
        "city_code": "13055",
        "city_name": "Marseille",
        "latitude": 43.325904265558314,
        "longitude": 5.382243817901421,
        "manual_surge": 0,
        "available": true,
        "status": "active",
        "dept_code": "13",
        "id": "MAR-13-13055"
      }
    },
    {
      "type": "Feature",
      "geometry": {
        "type": "Polygon",
        "coordinates": [
          [
            [
              5.424420389038327,
              43.2205876145137
            ],
            [
              5.422987002825609,
              43.21585563927333
            ],
            [
              5.427771098748478,
              43.212844396758136
            ],
            [
              5.433988940867633,
              43.21456500670578
            ],
            [
              5.435423048245893,
              43.21929707922777
            ],
            [
              5.430638592356735,
              43.22230844453837
            ],
            [
              5.424420389038327,
              43.2205876145137
            ]
          ]
        ]
      },
      "properties": {
        "uuid": "2835478b-59ba-4738-af03-17208f9064fc",
        "h3_index": "88396800d5fffff",
        "city_code": "13055",
        "city_name": "Marseille",
        "latitude": 43.217576501626354,
        "longitude": 5.4292047561107335,
        "manual_surge": 0,
        "available": true,
        "status": "active",
        "dept_code": "13",
        "id": "MAR-13-13055"
      }
    },
    {
      "type": "Feature",
      "geometry": {
        "type": "Polygon",
        "coordinates": [
          [
            [
              5.433024463469248,
              43.248976062265704
            ],
            [
              5.431590003625284,
              43.244245059834206
            ],
            [
              5.436375726811918,
              43.24123459531989
            ],
            [
              5.442596269868945,
              43.24295501044575
            ],
            [
              5.444031451361869,
              43.247686109954564
            ],
            [
              5.439245368166115,
              43.25069669727805
            ],
            [
              5.433024463469248,
              43.248976062265704
            ]
          ]
        ]
      },
      "properties": {
        "uuid": "502c3969-0658-47d3-a576-3eec3f72a21e",
        "h3_index": "883968076dfffff",
        "city_code": "13055",
        "city_name": "Marseille",
        "latitude": 43.245965727472665,
        "longitude": 5.437810457952039,
        "manual_surge": 0,
        "available": true,
        "status": "active",
        "dept_code": "13",
        "id": "MAR-13-13055"
      }
    },
    {
      "type": "Feature",
      "geometry": {
        "type": "Polygon",
        "coordinates": [
          [
            [
              5.361212676670142,
              43.294085198022586
            ],
            [
              5.359782291274788,
              43.28935614541571
            ],
            [
              5.364570745554677,
              43.286351417095474
            ],
            [
              5.370789947354073,
              43.288075619194096
            ],
            [
              5.372221055281861,
              43.29280476964678
            ],
            [
              5.3674322388948665,
              43.295809620172925
            ],
            [
              5.361212676670142,
              43.294085198022586
            ]
          ]
        ]
      },
      "properties": {
        "uuid": "fb5400b4-a2ab-42ff-9e56-291cf7ea6295",
        "h3_index": "8839681521fffff",
        "city_code": "13055",
        "city_name": "Marseille",
        "latitude": 43.29108059992402,
        "longitude": 5.366001402871684,
        "manual_surge": 0,
        "available": true,
        "status": "active",
        "dept_code": "13",
        "id": "MAR-13-13055"
      }
    },
    {
      "type": "Feature",
      "geometry": {
        "type": "Polygon",
        "coordinates": [
          [
            [
              5.356358756024029,
              43.353376120621554
            ],
            [
              5.354927671474546,
              43.34864921872197
            ],
            [
              5.3597195738903265,
              43.345647325296305
            ],
            [
              5.365942923615447,
              43.347372211717904
            ],
            [
              5.367374731742326,
              43.35209921132578
            ],
            [
              5.362582466583733,
              43.355101226821674
            ],
            [
              5.356358756024029,
              43.353376120621554
            ]
          ]
        ]
      },
      "properties": {
        "uuid": "fc91c999-7927-479c-9fe3-a7f8c42f19d8",
        "h3_index": "883968173dfffff",
        "city_code": "13055",
        "city_name": "Marseille",
        "latitude": 43.350374357704126,
        "longitude": 5.361150930774556,
        "manual_surge": 0,
        "available": true,
        "status": "active",
        "dept_code": "13",
        "id": "MAR-13-13055"
      }
    },
    {
      "type": "Feature",
      "geometry": {
        "type": "Polygon",
        "coordinates": [
          [
            [
              5.442590023152261,
              43.29928580000741
            ],
            [
              5.441154042967205,
              43.29455655404485
            ],
            [
              5.445942663101542,
              43.29154777000234
            ],
            [
              5.452167623658442,
              43.293268109147256
            ],
            [
              5.453604326358312,
              43.29799745189715
            ],
            [
              5.44881534600389,
              43.30100635873269
            ],
            [
              5.442590023152261,
              43.29928580000741
            ]
          ]
        ]
      },
      "properties": {
        "uuid": "2b51e3a8-92a7-49f5-9b5d-9561ea2c558c",
        "h3_index": "8839681585fffff",
        "city_code": "13055",
        "city_name": "Marseille",
        "latitude": 43.29627714587444,
        "longitude": 5.447378914869175,
        "manual_surge": 0,
        "available": true,
        "status": "active",
        "dept_code": "13",
        "id": "MAR-13-13055"
      }
    },
    {
      "type": "Feature",
      "geometry": {
        "type": "Polygon",
        "coordinates": [
          [
            [
              5.3621460094204245,
              43.31600347611657
            ],
            [
              5.360715181170451,
              43.3112752045964
            ],
            [
              5.365504905072281,
              43.30827138001285
            ],
            [
              5.371725819518397,
              43.309995704791774
            ],
            [
              5.3731573706832725,
              43.31472407407222
            ],
            [
              5.368367284504229,
              43.31772802083135
            ],
            [
              5.3621460094204245,
              43.31600347611657
            ]
          ]
        ]
      },
      "properties": {
        "uuid": "1b5f9a63-05d7-4d56-a5b1-1774da844476",
        "h3_index": "883968150dfffff",
        "city_code": "13055",
        "city_name": "Marseille",
        "latitude": 43.31299978184957,
        "longitude": 5.366936005384046,
        "manual_surge": 0,
        "available": true,
        "status": "active",
        "dept_code": "13",
        "id": "MAR-13-13055"
      }
    },
    {
      "type": "Feature",
      "geometry": {
        "type": "Polygon",
        "coordinates": [
          [
            [
              5.3539292431933205,
              43.38300924972626
            ],
            [
              5.352497808866443,
              43.37828342627101
            ],
            [
              5.357291437185883,
              43.37528295202046
            ],
            [
              5.363516862910576,
              43.37700817923999
            ],
            [
              5.364949021338159,
              43.38173410033419
            ],
            [
              5.360155029957441,
              43.38473469658784
            ],
            [
              5.3539292431933205,
              43.38300924972626
            ]
          ]
        ]
      },
      "properties": {
        "uuid": "46863348-0835-4e70-bc8e-f1e95121ae77",
        "h3_index": "8839681755fffff",
        "city_code": "13055",
        "city_name": "Marseille",
        "latitude": 43.38000890612655,
        "longitude": 5.358723144054432,
        "manual_surge": 0,
        "available": true,
        "status": "active",
        "dept_code": "13",
        "id": "MAR-13-13055"
      }
    },
    {
      "type": "Feature",
      "geometry": {
        "type": "Polygon",
        "coordinates": [
          [
            [
              5.421069133563097,
              43.228330028932795
            ],
            [
              5.4196358397067375,
              43.223598345341124
            ],
            [
              5.424420389038327,
              43.2205876145137
            ],
            [
              5.430638592356735,
              43.22230844453837
            ],
            [
              5.432072607518156,
              43.227040225428915
            ],
            [
              5.427287698073377,
              43.2300510790138
            ],
            [
              5.421069133563097,
              43.228330028932795
            ]
          ]
        ]
      },
      "properties": {
        "uuid": "f7c26a90-3bd1-4fe2-8826-db41f5572c0e",
        "h3_index": "88396800ddfffff",
        "city_code": "13055",
        "city_name": "Marseille",
        "latitude": 43.22531942778227,
        "longitude": 5.4258539541103605,
        "manual_surge": 0,
        "available": true,
        "status": "active",
        "dept_code": "13",
        "id": "MAR-13-13055"
      }
    },
    {
      "type": "Feature",
      "geometry": {
        "type": "Polygon",
        "coordinates": [
          [
            [
              5.3927666744744505,
              43.34181087653117
            ],
            [
              5.3913333262809475,
              43.33708338823308
            ],
            [
              5.3961244985413295,
              43.33407907467553
            ],
            [
              5.402349380788931,
              43.33580212707719
            ],
            [
              5.403783452309475,
              43.34052971265722
            ],
            [
              5.398991918272576,
              43.34353414857155
            ],
            [
              5.3927666744744505,
              43.34181087653117
            ]
          ]
        ]
      },
      "properties": {
        "uuid": "e8bdf0b8-bf33-48c0-845d-5e113a1f6e4c",
        "h3_index": "883968155bfffff",
        "city_code": "13055",
        "city_name": "Marseille",
        "latitude": 43.33880669327999,
        "longitude": 5.397558118826533,
        "manual_surge": 0,
        "available": true,
        "status": "active",
        "dept_code": "13",
        "id": "MAR-13-13055"
      }
    },
    {
      "type": "Feature",
      "geometry": {
        "type": "Polygon",
        "coordinates": [
          [
            [
              5.476091836712407,
              43.22186929095405
            ],
            [
              5.474654936706857,
              43.2171371222347
            ],
            [
              5.479439015149845,
              43.214123218879365
            ],
            [
              5.4856603523662555,
              43.215841361091
            ],
            [
              5.48709797348799,
              43.22057362642575
            ],
            [
              5.482313536294648,
              43.22358765295135
            ],
            [
              5.476091836712407,
              43.22186929095405
            ]
          ]
        ]
      },
      "properties": {
        "uuid": "9bf391b1-4263-427e-833a-173e25e52bec",
        "h3_index": "8839680549fffff",
        "city_code": "13055",
        "city_name": "Marseille",
        "latitude": 43.21885551701895,
        "longitude": 5.480876186075517,
        "manual_surge": 0,
        "available": true,
        "status": "active",
        "dept_code": "13",
        "id": "MAR-13-13055"
      }
    },
    {
      "type": "Feature",
      "geometry": {
        "type": "Polygon",
        "coordinates": [
          [
            [
              5.480403612470913,
              43.2360648235144
            ],
            [
              5.478966174562687,
              43.23133314165913
            ],
            [
              5.483751065839025,
              43.22831962661132
            ],
            [
              5.489973753811955,
              43.23003767025952
            ],
            [
              5.491411913077689,
              43.23476944862805
            ],
            [
              5.486626663030461,
              43.237783086852986
            ],
            [
              5.480403612470913,
              43.2360648235144
            ]
          ]
        ]
      },
      "properties": {
        "uuid": "0fc12c93-3392-470a-8bb0-f8e5e315299a",
        "h3_index": "883968073dfffff",
        "city_code": "13055",
        "city_name": "Marseille",
        "latitude": 43.233051437933604,
        "longitude": 5.485188774740369,
        "manual_surge": 0,
        "available": true,
        "status": "active",
        "dept_code": "13",
        "id": "MAR-13-13055"
      }
    },
    {
      "type": "Feature",
      "geometry": {
        "type": "Polygon",
        "coordinates": [
          [
            [
              5.358786566589733,
              43.323734765851185
            ],
            [
              5.357355831684102,
              43.31900678756651
            ],
            [
              5.3621460094204245,
              43.31600347611657
            ],
            [
              5.368367284504229,
              43.31772802083135
            ],
            [
              5.369798742464499,
              43.32245609689325
            ],
            [
              5.365008202303405,
              43.32545953048103
            ],
            [
              5.358786566589733,
              43.323734765851185
            ]
          ]
        ]
      },
      "properties": {
        "uuid": "f2d94b6f-4a79-470b-a656-4b5bccf97c97",
        "h3_index": "8839681547fffff",
        "city_code": "13055",
        "city_name": "Marseille",
        "latitude": 43.320731584766406,
        "longitude": 5.363577016454164,
        "manual_surge": 0,
        "available": true,
        "status": "active",
        "dept_code": "13",
        "id": "MAR-13-13055"
      }
    },
    {
      "type": "Feature",
      "geometry": {
        "type": "Polygon",
        "coordinates": [
          [
            [
              5.390349945192515,
              43.3714517803232
            ],
            [
              5.388916245554724,
              43.36672537017993
            ],
            [
              5.393709143463666,
              43.3637224745549
            ],
            [
              5.399936103121651,
              43.36544586680141
            ],
            [
              5.4013705266096625,
              43.370172374157484
            ],
            [
              5.396577266606698,
              43.37317539207215
            ],
            [
              5.390349945192515,
              43.3714517803232
            ]
          ]
        ]
      },
      "properties": {
        "uuid": "9a2df107-546d-4e41-ad94-7b43b3aed9e3",
        "h3_index": "8839681713fffff",
        "city_code": "13055",
        "city_name": "Marseille",
        "latitude": 43.36844901514737,
        "longitude": 5.39514311539985,
        "manual_surge": 0,
        "available": true,
        "status": "active",
        "dept_code": "13",
        "id": "MAR-13-13055"
      }
    },
    {
      "type": "Feature",
      "geometry": {
        "type": "Polygon",
        "coordinates": [
          [
            [
              5.5057665632186525,
              43.2257262414616
            ],
            [
              5.504327591277299,
              43.220994074946475
            ],
            [
              5.509111836995298,
              43.21797877916823
            ],
            [
              5.515335412750102,
              43.2196955265434
            ],
            [
              5.516775105832161,
              43.22442778928091
            ],
            [
              5.511990502036317,
              43.227443208438764
            ],
            [
              5.5057665632186525,
              43.2257262414616
            ]
          ]
        ]
      },
      "properties": {
        "uuid": "ab9713de-e465-46bd-a6c7-6d38c68a6f9b",
        "h3_index": "8839680559fffff",
        "city_code": "13055",
        "city_name": "Marseille",
        "latitude": 43.222711074998585,
        "longitude": 5.510551079744747,
        "manual_surge": 0,
        "available": true,
        "status": "active",
        "dept_code": "13",
        "id": "MAR-13-13055"
      }
    },
    {
      "type": "Feature",
      "geometry": {
        "type": "Polygon",
        "coordinates": [
          [
            [
              5.3923563851158685,
              43.24638561038266
            ],
            [
              5.3909247194287415,
              43.24165470555437
            ],
            [
              5.395710361132363,
              43.23864626764613
            ],
            [
              5.401928029491783,
              43.240368612067925
            ],
            [
              5.403360416837287,
              43.245099614502784
            ],
            [
              5.398574414182166,
              43.24810817492714
            ],
            [
              5.3923563851158685,
              43.24638561038266
            ]
          ]
        ]
      },
      "properties": {
        "uuid": "e2ca0dc5-b7f5-43bc-a32f-53f9c3af0ed5",
        "h3_index": "88396802abfffff",
        "city_code": "13055",
        "city_name": "Marseille",
        "latitude": 43.24337730235186,
        "longitude": 5.397142298285193,
        "manual_surge": 0,
        "available": true,
        "status": "active",
        "dept_code": "13",
        "id": "MAR-13-13055"
      }
    },
    {
      "type": "Feature",
      "geometry": {
        "type": "Polygon",
        "coordinates": [
          [
            [
              5.28690803943805,
              43.36873652230406
            ],
            [
              5.285481391451776,
              43.36401050348146
            ],
            [
              5.290274288976017,
              43.361012937423084
            ],
            [
              5.296494199028224,
              43.362741268671876
            ],
            [
              5.297921570947687,
              43.367467386037816
            ],
            [
              5.293128308898541,
              43.37046507362952
            ],
            [
              5.28690803943805,
              43.36873652230406
            ]
          ]
        ]
      },
      "properties": {
        "uuid": "882089d5-5b67-4307-8541-08b8554a3ed6",
        "h3_index": "88396812b9fffff",
        "city_code": "13055",
        "city_name": "Marseille",
        "latitude": 43.36573908710866,
        "longitude": 5.291701209714883,
        "manual_surge": 0,
        "available": true,
        "status": "active",
        "dept_code": "13",
        "id": "MAR-13-13055"
      }
    },
    {
      "type": "Feature",
      "geometry": {
        "type": "Polygon",
        "coordinates": [
          [
            [
              5.385109074749164,
              43.33535979760887
            ],
            [
              5.3836763568171255,
              43.330632113158
            ],
            [
              5.3884671671755955,
              43.3276279219119
            ],
            [
              5.394691057385178,
              43.32935129282309
            ],
            [
              5.3961244985413295,
              43.33407907467553
            ],
            [
              5.3913333262809475,
              43.33708338823308
            ],
            [
              5.385109074749164,
              43.33535979760887
            ]
          ]
        ]
      },
      "properties": {
        "uuid": "dda5f735-424e-4c0b-bafe-63f00e24b147",
        "h3_index": "8839681551fffff",
        "city_code": "13055",
        "city_name": "Marseille",
        "latitude": 43.33235573667171,
        "longitude": 5.389900157191925,
        "manual_surge": 0,
        "available": true,
        "status": "active",
        "dept_code": "13",
        "id": "MAR-13-13055"
      }
    },
    {
      "type": "Feature",
      "geometry": {
        "type": "Polygon",
        "coordinates": [
          [
            [
              5.427771098748478,
              43.212844396758136
            ],
            [
              5.426337620238277,
              43.20811212999894
            ],
            [
              5.4311212628039325,
              43.205100375905275
            ],
            [
              5.437338743716513,
              43.20682076575527
            ],
            [
              5.438772943252763,
              43.211553129778736
            ],
            [
              5.433988940867633,
              43.21456500670578
            ],
            [
              5.427771098748478,
              43.212844396758136
            ]
          ]
        ]
      },
      "properties": {
        "uuid": "0f1d9f09-ebab-4982-a58a-522d95507ddf",
        "h3_index": "883968008bfffff",
        "city_code": "13055",
        "city_name": "Marseille",
        "latitude": 43.2098327722432,
        "longitude": 5.4325550123975415,
        "manual_surge": 0,
        "available": true,
        "status": "active",
        "dept_code": "13",
        "id": "MAR-13-13055"
      }
    },
    {
      "type": "Feature",
      "geometry": {
        "type": "Polygon",
        "coordinates": [
          [
            [
              5.405249422486423,
              43.28895644945585
            ],
            [
              5.403816147181572,
              43.28422700628488
            ],
            [
              5.408604232959043,
              43.28121973783204
            ],
            [
              5.414825955075988,
              43.282941790030556
            ],
            [
              5.416259952765861,
              43.28767133050118
            ],
            [
              5.411471505971,
              43.29067872149153
            ],
            [
              5.405249422486423,
              43.28895644945585
            ]
          ]
        ]
      },
      "properties": {
        "uuid": "1960f842-900d-4ae7-adb1-fb973d50fdf1",
        "h3_index": "88396802d9fffff",
        "city_code": "13055",
        "city_name": "Marseille",
        "latitude": 43.2859493110199,
        "longitude": 5.410037779950263,
        "manual_surge": 0,
        "available": true,
        "status": "active",
        "dept_code": "13",
        "id": "MAR-13-13055"
      }
    },
    {
      "type": "Feature",
      "geometry": {
        "type": "Polygon",
        "coordinates": [
          [
            [
              5.432072607518156,
              43.227040225428915
            ],
            [
              5.430638592356735,
              43.22230844453837
            ],
            [
              5.435423048245893,
              43.21929707922777
            ],
            [
              5.441641879154647,
              43.221017371985496
            ],
            [
              5.443076615583683,
              43.22574925003829
            ],
            [
              5.438291799853655,
              43.22876073818898
            ],
            [
              5.432072607518156,
              43.227040225428915
            ]
          ]
        ]
      },
      "properties": {
        "uuid": "a78b9ec8-9e51-4d8a-bbef-883930362e61",
        "h3_index": "88396800d1fffff",
        "city_code": "13055",
        "city_name": "Marseille",
        "latitude": 43.22402898974391,
        "longitude": 5.436857334563995,
        "manual_surge": 0,
        "available": true,
        "status": "active",
        "dept_code": "13",
        "id": "MAR-13-13055"
      }
    },
    {
      "type": "Feature",
      "geometry": {
        "type": "Polygon",
        "coordinates": [
          [
            [
              5.472744112621626,
              43.229614559896696
            ],
            [
              5.471307304333181,
              43.22488268286943
            ],
            [
              5.476091836712407,
              43.22186929095405
            ],
            [
              5.482313536294648,
              43.22358765295135
            ],
            [
              5.483751065839025,
              43.22831962661132
            ],
            [
              5.478966174562687,
              43.23133314165913
            ],
            [
              5.472744112621626,
              43.229614559896696
            ]
          ]
        ]
      },
      "properties": {
        "uuid": "50441474-55a5-429b-8ef2-7047f83f3a80",
        "h3_index": "8839680723fffff",
        "city_code": "13055",
        "city_name": "Marseille",
        "latitude": 43.22660129745061,
        "longitude": 5.477528915987111,
        "manual_surge": 0,
        "available": true,
        "status": "active",
        "dept_code": "13",
        "id": "MAR-13-13055"
      }
    },
    {
      "type": "Feature",
      "geometry": {
        "type": "Polygon",
        "coordinates": [
          [
            [
              5.449294756401546,
              43.283808934717285
            ],
            [
              5.4478585917809905,
              43.27907910316732
            ],
            [
              5.452646303163023,
              43.27606929439026
            ],
            [
              5.4588705391088,
              43.27778919431278
            ],
            [
              5.460307425964261,
              43.28251912261591
            ],
            [
              5.4555193546564755,
              43.28552905426126
            ],
            [
              5.449294756401546,
              43.283808934717285
            ]
          ]
        ]
      },
      "properties": {
        "uuid": "0cc5f6df-1c07-4ba6-bd5a-ac37fe71389d",
        "h3_index": "88396815a3fffff",
        "city_code": "13055",
        "city_name": "Marseille",
        "latitude": 43.28079925575219,
        "longitude": 5.45408273923353,
        "manual_surge": 0,
        "available": true,
        "status": "active",
        "dept_code": "13",
        "id": "MAR-13-13055"
      }
    },
    {
      "type": "Feature",
      "geometry": {
        "type": "Polygon",
        "coordinates": [
          [
            [
              5.465086230954099,
              43.223163782959794
            ],
            [
              5.4636500521028255,
              43.21843171099259
            ],
            [
              5.468434225458905,
              43.215418442165
            ],
            [
              5.474654936706857,
              43.2171371222347
            ],
            [
              5.476091836712407,
              43.22186929095405
            ],
            [
              5.471307304333181,
              43.22488268286943
            ],
            [
              5.465086230954099,
              43.223163782959794
            ]
          ]
        ]
      },
      "properties": {
        "uuid": "a535d67c-2a4b-4d91-aba2-abc3b969822c",
        "h3_index": "8839680727fffff",
        "city_code": "13055",
        "city_name": "Marseille",
        "latitude": 43.2201506436038,
        "longitude": 5.469870675289506,
        "manual_surge": 0,
        "available": true,
        "status": "active",
        "dept_code": "13",
        "id": "MAR-13-13055"
      }
    },
    {
      "type": "Feature",
      "geometry": {
        "type": "Polygon",
        "coordinates": [
          [
            [
              5.391824712332999,
              43.31989523963393
            ],
            [
              5.390391808373428,
              43.315166968427064
            ],
            [
              5.3951817103320945,
              43.312161751012056
            ],
            [
              5.401404877874416,
              43.31388468243512
            ],
            [
              5.402838504778285,
              43.31861305100969
            ],
            [
              5.398048241212754,
              43.321618390811416
            ],
            [
              5.391824712332999,
              43.31989523963393
            ]
          ]
        ]
      },
      "properties": {
        "uuid": "ec14669e-fd63-4ab4-b114-31a22871db4c",
        "h3_index": "883968151dfffff",
        "city_code": "13055",
        "city_name": "Marseille",
        "latitude": 43.316890152430666,
        "longitude": 5.3966148862432615,
        "manual_surge": 0,
        "available": true,
        "status": "active",
        "dept_code": "13",
        "id": "MAR-13-13055"
      }
    },
    {
      "type": "Feature",
      "geometry": {
        "type": "Polygon",
        "coordinates": [
          [
            [
              5.410496921008819,
              43.32506383659796
            ],
            [
              5.409062663902102,
              43.32033566407188
            ],
            [
              5.413852834531595,
              43.31732968884088
            ],
            [
              5.4200776234935,
              43.319051763639045
            ],
            [
              5.421512603610094,
              43.323780033276684
            ],
            [
              5.416722071772193,
              43.32678613102248
            ],
            [
              5.410496921008819,
              43.32506383659796
            ]
          ]
        ]
      },
      "properties": {
        "uuid": "37e15d67-5d13-4388-a19a-87502f600469",
        "h3_index": "883968151bfffff",
        "city_code": "13055",
        "city_name": "Marseille",
        "latitude": 43.32205799152497,
        "longitude": 5.415287363538226,
        "manual_surge": 0,
        "available": true,
        "status": "active",
        "dept_code": "13",
        "id": "MAR-13-13055"
      }
    },
    {
      "type": "Feature",
      "geometry": {
        "type": "Polygon",
        "coordinates": [
          [
            [
              5.438746358235157,
              43.38050651794188
            ],
            [
              5.437309224614213,
              43.37578021142183
            ],
            [
              5.442102565647865,
              43.37277516304313
            ],
            [
              5.448333401341098,
              43.37449629857337
            ],
            [
              5.4497712589054865,
              43.379222701657014
            ],
            [
              5.444977556850645,
              43.3822278726648
            ],
            [
              5.438746358235157,
              43.38050651794188
            ]
          ]
        ]
      },
      "properties": {
        "uuid": "4bb103cb-6939-4a58-a220-6380e9e052ae",
        "h3_index": "8839681451fffff",
        "city_code": "13055",
        "city_name": "Marseille",
        "latitude": 43.37750159985367,
        "longitude": 5.443539971404111,
        "manual_surge": 0,
        "available": true,
        "status": "active",
        "dept_code": "13",
        "id": "MAR-13-13055"
      }
    },
    {
      "type": "Feature",
      "geometry": {
        "type": "Polygon",
        "coordinates": [
          [
            [
              5.364949021338159,
              43.38173410033419
            ],
            [
              5.363516862910576,
              43.37700817923999
            ],
            [
              5.368310399705004,
              43.3740070690927
            ],
            [
              5.374536457732374,
              43.37573175797131
            ],
            [
              5.375969340224038,
              43.380457776568015
            ],
            [
              5.371175440641379,
              43.3834590088015
            ],
            [
              5.364949021338159,
              43.38173410033419
            ]
          ]
        ]
      },
      "properties": {
        "uuid": "fcab4741-1439-4352-b984-a86fb049f2d8",
        "h3_index": "8839681757fffff",
        "city_code": "13055",
        "city_name": "Marseille",
        "latitude": 43.37873312078664,
        "longitude": 5.369742830615373,
        "manual_surge": 0,
        "available": true,
        "status": "active",
        "dept_code": "13",
        "id": "MAR-13-13055"
      }
    },
    {
      "type": "Feature",
      "geometry": {
        "type": "Polygon",
        "coordinates": [
          [
            [
              5.504795185682012,
              43.20378091798894
            ],
            [
              5.503356660783404,
              43.199047973250735
            ],
            [
              5.508139640200671,
              43.19603177854324
            ],
            [
              5.51436150244531,
              43.19774840518118
            ],
            [
              5.51580074810378,
              43.20248144622648
            ],
            [
              5.511017410775353,
              43.205497764344635
            ],
            [
              5.504795185682012,
              43.20378091798894
            ]
          ]
        ]
      },
      "properties": {
        "uuid": "5efc6f6b-9629-4bcd-9dea-7da1fa8f2556",
        "h3_index": "883968050bfffff",
        "city_code": "13055",
        "city_name": "Marseille",
        "latitude": 43.20076485250062,
        "longitude": 5.509578435768327,
        "manual_surge": 0,
        "available": true,
        "status": "active",
        "dept_code": "13",
        "id": "MAR-13-13055"
      }
    },
    {
      "type": "Feature",
      "geometry": {
        "type": "Polygon",
        "coordinates": [
          [
            [
              5.493348628855295,
              43.27864264355767
            ],
            [
              5.491909575523535,
              43.27391242581521
            ],
            [
              5.496696906615019,
              43.27090007653049
            ],
            [
              5.502923649888012,
              43.27261782180778
            ],
            [
              5.504363425301852,
              43.27734813575657
            ],
            [
              5.499575735378214,
              43.28036060823963
            ],
            [
              5.493348628855295,
              43.27864264355767
            ]
          ]
        ]
      },
      "properties": {
        "uuid": "4bed673d-6d2c-4b69-a662-10f57d8a7bce",
        "h3_index": "883968075bfffff",
        "city_code": "13055",
        "city_name": "Marseille",
        "latitude": 43.2756304238798,
        "longitude": 5.498136231159181,
        "manual_surge": 0,
        "available": true,
        "status": "active",
        "dept_code": "13",
        "id": "MAR-13-13055"
      }
    },
    {
      "type": "Feature",
      "geometry": {
        "type": "Polygon",
        "coordinates": [
          [
            [
              5.490968122315959,
              43.30831328092781
            ],
            [
              5.489528713207807,
              43.303584138329136
            ],
            [
              5.494317767921908,
              43.300573202368795
            ],
            [
              5.500546590908385,
              43.30229128589429
            ],
            [
              5.5019867226207495,
              43.307020524630936
            ],
            [
              5.4971973087600166,
              43.31003158372203
            ],
            [
              5.490968122315959,
              43.30831328092781
            ]
          ]
        ]
      },
      "properties": {
        "uuid": "1c3e3ffd-3af9-495e-95ca-16cc55b3cc8f",
        "h3_index": "8839681593fffff",
        "city_code": "13055",
        "city_name": "Marseille",
        "latitude": 43.30530247471827,
        "longitude": 5.495757448448302,
        "manual_surge": 0,
        "available": true,
        "status": "active",
        "dept_code": "13",
        "id": "MAR-13-13055"
      }
    },
    {
      "type": "Feature",
      "geometry": {
        "type": "Polygon",
        "coordinates": [
          [
            [
              5.4512096715706875,
              43.327657849892965
            ],
            [
              5.44977261485285,
              43.322929583081034
            ],
            [
              5.454562864849701,
              43.319921578726884
            ],
            [
              5.4607905318442445,
              43.32164171839443
            ],
            [
              5.462228311561456,
              43.32637008178843
            ],
            [
              5.457437701302209,
              43.32937820895075
            ],
            [
              5.4512096715706875,
              43.327657849892965
            ]
          ]
        ]
      },
      "properties": {
        "uuid": "409fde86-673e-4b2d-bcb5-0c7b5742ce3c",
        "h3_index": "88396815ddfffff",
        "city_code": "13055",
        "city_name": "Marseille",
        "latitude": 43.324649975540716,
        "longitude": 5.456000193296962,
        "manual_surge": 0,
        "available": true,
        "status": "active",
        "dept_code": "13",
        "id": "MAR-13-13055"
      }
    },
    {
      "type": "Feature",
      "geometry": {
        "type": "Polygon",
        "coordinates": [
          [
            [
              5.461737690751268,
              43.23090832053368
            ],
            [
              5.460301603756818,
              43.22617654027588
            ],
            [
              5.465086230954099,
              43.223163782959794
            ],
            [
              5.471307304333181,
              43.22488268286943
            ],
            [
              5.472744112621626,
              43.229614559896696
            ],
            [
              5.467959126254414,
              43.23262744026272
            ],
            [
              5.461737690751268,
              43.23090832053368
            ]
          ]
        ]
      },
      "properties": {
        "uuid": "f742d6b0-0b6d-4fd0-8a96-bc9e68facf73",
        "h3_index": "8839680721fffff",
        "city_code": "13055",
        "city_name": "Marseille",
        "latitude": 43.22789569273826,
        "longitude": 5.466522588994054,
        "manual_surge": 0,
        "available": true,
        "status": "active",
        "dept_code": "13",
        "id": "MAR-13-13055"
      }
    },
    {
      "type": "Feature",
      "geometry": {
        "type": "Polygon",
        "coordinates": [
          [
            [
              5.341981140881542,
              43.36237911069974
            ],
            [
              5.340550873586667,
              43.35765260052391
            ],
            [
              5.345343321266024,
              43.354651856361876
            ],
            [
              5.351566399420546,
              43.35637750044405
            ],
            [
              5.3529973904691035,
              43.361104108481406
            ],
            [
              5.348204579626472,
              43.36410497459299
            ],
            [
              5.341981140881542,
              43.36237911069974
            ]
          ]
        ]
      },
      "properties": {
        "uuid": "9f2ab17a-2f76-48d6-9d79-844c321d406d",
        "h3_index": "8839681705fffff",
        "city_code": "13055",
        "city_name": "Marseille",
        "latitude": 43.35937849714548,
        "longitude": 5.346773861020806,
        "manual_surge": 0,
        "available": true,
        "status": "active",
        "dept_code": "13",
        "id": "MAR-13-13055"
      }
    },
    {
      "type": "Feature",
      "geometry": {
        "type": "Polygon",
        "coordinates": [
          [
            [
              5.381750434942975,
              43.34309086648795
            ],
            [
              5.3803178101135165,
              43.33836347560834
            ],
            [
              5.385109074749164,
              43.33535979760887
            ],
            [
              5.3913333262809475,
              43.33708338823308
            ],
            [
              5.3927666744744505,
              43.34181087653117
            ],
            [
              5.387975047789292,
              43.344814676804475
            ],
            [
              5.381750434942975,
              43.34309086648795
            ]
          ]
        ]
      },
      "properties": {
        "uuid": "da2c4e91-9675-493c-804d-be00646ebefa",
        "h3_index": "8839681559fffff",
        "city_code": "13055",
        "city_name": "Marseille",
        "latitude": 43.34008731884598,
        "longitude": 5.386541971729288,
        "manual_surge": 0,
        "available": true,
        "status": "active",
        "dept_code": "13",
        "id": "MAR-13-13055"
      }
    },
    {
      "type": "Feature",
      "geometry": {
        "type": "Polygon",
        "coordinates": [
          [
            [
              5.477055613273045,
              43.24380921689579
            ],
            [
              5.47561826705981,
              43.239077826975084
            ],
            [
              5.480403612470913,
              43.2360648235144
            ],
            [
              5.486626663030461,
              43.237783086852986
            ],
            [
              5.48806473074106,
              43.24251457330423
            ],
            [
              5.483279026412249,
              43.245527699904265
            ],
            [
              5.477055613273045,
              43.24380921689579
            ]
          ]
        ]
      },
      "properties": {
        "uuid": "1eadbce5-7d14-4527-8be0-91be13081be6",
        "h3_index": "8839680707fffff",
        "city_code": "13055",
        "city_name": "Marseille",
        "latitude": 43.24079634295118,
        "longitude": 5.481841229743508,
        "manual_surge": 0,
        "available": true,
        "status": "active",
        "dept_code": "13",
        "id": "MAR-13-13055"
      }
    },
    {
      "type": "Feature",
      "geometry": {
        "type": "Polygon",
        "coordinates": [
          [
            [
              5.380415105459178,
              43.22573804123428
            ],
            [
              5.378984604280043,
              43.22100645648645
            ],
            [
              5.383769070679384,
              43.21799775150363
            ],
            [
              5.389984399329161,
              43.219720508822064
            ],
            [
              5.391415621822061,
              43.224452191397916
            ],
            [
              5.3866307943684895,
              43.22746101884513
            ],
            [
              5.380415105459178,
              43.22573804123428
            ]
          ]
        ]
      },
      "properties": {
        "uuid": "54516146-e4c6-4b84-a494-adad2c40c23c",
        "h3_index": "883968001bfffff",
        "city_code": "13055",
        "city_name": "Marseille",
        "latitude": 43.22272946608446,
        "longitude": 5.385199843243263,
        "manual_surge": 0,
        "available": true,
        "status": "active",
        "dept_code": "13",
        "id": "MAR-13-13055"
      }
    },
    {
      "type": "Feature",
      "geometry": {
        "type": "Polygon",
        "coordinates": [
          [
            [
              5.3884671671755955,
              43.3276279219119
            ],
            [
              5.387034356200195,
              43.322899944018594
            ],
            [
              5.391824712332999,
              43.31989523963393
            ],
            [
              5.398048241212754,
              43.321618390811416
            ],
            [
              5.399481775272351,
              43.326346466089376
            ],
            [
              5.394691057385178,
              43.32935129282309
            ],
            [
              5.3884671671755955,
              43.3276279219119
            ]
          ]
        ]
      },
      "properties": {
        "uuid": "57ec8aeb-49fb-44fc-82d3-5d7d6f91241a",
        "h3_index": "8839681557fffff",
        "city_code": "13055",
        "city_name": "Marseille",
        "latitude": 43.3246233477876,
        "longitude": 5.393257795326325,
        "manual_surge": 0,
        "available": true,
        "status": "active",
        "dept_code": "13",
        "id": "MAR-13-13055"
      }
    },
    {
      "type": "Feature",
      "geometry": {
        "type": "Polygon",
        "coordinates": [
          [
            [
              5.496696906615019,
              43.27090007653049
            ],
            [
              5.495257761713925,
              43.26616956625689
            ],
            [
              5.500044638126232,
              43.26315670505352
            ],
            [
              5.506271018142423,
              43.26487423090568
            ],
            [
              5.507710884985515,
              43.26960483736845
            ],
            [
              5.502923649888012,
              43.27261782180778
            ],
            [
              5.496696906615019,
              43.27090007653049
            ]
          ]
        ]
      },
      "properties": {
        "uuid": "f785b422-431b-44cf-b51d-9ff9b82916ec",
        "h3_index": "8839680753fffff",
        "city_code": "13055",
        "city_name": "Marseille",
        "latitude": 43.26788734488505,
        "longitude": 5.501484054173403,
        "manual_surge": 0,
        "available": true,
        "status": "active",
        "dept_code": "13",
        "id": "MAR-13-13055"
      }
    },
    {
      "type": "Feature",
      "geometry": {
        "type": "Polygon",
        "coordinates": [
          [
            [
              5.39665245462176,
              43.26057735173121
            ],
            [
              5.395220252680693,
              43.25584693353619
            ],
            [
              5.400006708854954,
              43.252838885306865
            ],
            [
              5.406225727961002,
              43.2545611327673
            ],
            [
              5.407658651802564,
              43.259291648466665
            ],
            [
              5.402871834654771,
              43.262299819219116
            ],
            [
              5.39665245462176,
              43.26057735173121
            ]
          ]
        ]
      },
      "properties": {
        "uuid": "2b93de79-f8a3-4051-86b1-0bd39c4167a0",
        "h3_index": "8839680281fffff",
        "city_code": "13055",
        "city_name": "Marseille",
        "latitude": 43.25756943342589,
        "longitude": 5.401439182335256,
        "manual_surge": 0,
        "available": true,
        "status": "active",
        "dept_code": "13",
        "id": "MAR-13-13055"
      }
    },
    {
      "type": "Feature",
      "geometry": {
        "type": "Polygon",
        "coordinates": [
          [
            [
              5.395710361132363,
              43.23864626764613
            ],
            [
              5.394278602692012,
              43.233915070875106
            ],
            [
              5.399063791075014,
              43.23090612091868
            ],
            [
              5.405281098719992,
              43.23262824519709
            ],
            [
              5.406713578679231,
              43.23735953955745
            ],
            [
              5.401928029491783,
              43.240368612067925
            ],
            [
              5.395710361132363,
              43.23864626764613
            ]
          ]
        ]
      },
      "properties": {
        "uuid": "4636f6af-bf54-43ff-a1f6-ddf19603e2d6",
        "h3_index": "88396802a3fffff",
        "city_code": "13055",
        "city_name": "Marseille",
        "latitude": 43.23563744751818,
        "longitude": 5.4004958209149185,
        "manual_surge": 0,
        "available": true,
        "status": "active",
        "dept_code": "13",
        "id": "MAR-13-13055"
      }
    },
    {
      "type": "Feature",
      "geometry": {
        "type": "Polygon",
        "coordinates": [
          [
            [
              5.4344354962419965,
              43.36632710659694
            ],
            [
              5.43299890142699,
              43.36160030842174
            ],
            [
              5.4377914262020735,
              43.3585948692631
            ],
            [
              5.444020906809355,
              43.36031610567655
            ],
            [
              5.445458225324904,
              43.365043000518305
            ],
            [
              5.440665339550014,
              43.368048562297965
            ],
            [
              5.4344354962419965,
              43.36632710659694
            ]
          ]
        ]
      },
      "properties": {
        "uuid": "b0aa0710-e5ce-41fa-8c1b-e48662c42993",
        "h3_index": "883968140bfffff",
        "city_code": "13055",
        "city_name": "Marseille",
        "latitude": 43.36332179768301,
        "longitude": 5.439228293078719,
        "manual_surge": 0,
        "available": true,
        "status": "active",
        "dept_code": "13",
        "id": "MAR-13-13055"
      }
    },
    {
      "type": "Feature",
      "geometry": {
        "type": "Polygon",
        "coordinates": [
          [
            [
              5.416769788466914,
              43.21413449226075
            ],
            [
              5.415337031020096,
              43.20940232290246
            ],
            [
              5.420120766851368,
              43.206391203138004
            ],
            [
              5.426337620238277,
              43.20811212999894
            ],
            [
              5.427771098748478,
              43.212844396758136
            ],
            [
              5.422987002825609,
              43.21585563927333
            ],
            [
              5.416769788466914,
              43.21413449226075
            ]
          ]
        ]
      },
      "properties": {
        "uuid": "06238eda-c8b7-430d-a5ec-bea35329c945",
        "h3_index": "8839680089fffff",
        "city_code": "13055",
        "city_name": "Marseille",
        "latitude": 43.211123502126334,
        "longitude": 5.421553795440516,
        "manual_surge": 0,
        "available": true,
        "status": "active",
        "dept_code": "13",
        "id": "MAR-13-13055"
      }
    },
    {
      "type": "Feature",
      "geometry": {
        "type": "Polygon",
        "coordinates": [
          [
            [
              5.354129046101855,
              43.21411157709212
            ],
            [
              5.352700522596708,
              43.209379703497895
            ],
            [
              5.357484357671386,
              43.20637187749734
            ],
            [
              5.363697077843036,
              43.20809580281694
            ],
            [
              5.365126322493006,
              43.212827774614276
            ],
            [
              5.360342125843485,
              43.215835722906704
            ],
            [
              5.354129046101855,
              43.21411157709212
            ]
          ]
        ]
      },
      "properties": {
        "uuid": "72c3d51c-6e28-4ae7-b1ea-9ae4bf4fa37c",
        "h3_index": "8839680003fffff",
        "city_code": "13055",
        "city_name": "Marseille",
        "latitude": 43.211103880980325,
        "longitude": 5.35891315260487,
        "manual_surge": 0,
        "available": true,
        "status": "active",
        "dept_code": "13",
        "id": "MAR-13-13055"
      }
    },
    {
      "type": "Feature",
      "geometry": {
        "type": "Polygon",
        "coordinates": [
          [
            [
              5.509111836995298,
              43.21797877916823
            ],
            [
              5.507672773756199,
              43.21324632101299
            ],
            [
              5.512456565253472,
              43.210230514009965
            ],
            [
              5.5186797779386305,
              43.2119470417627
            ],
            [
              5.520119562178567,
              43.216679596122994
            ],
            [
              5.515335412750102,
              43.2196955265434
            ],
            [
              5.509111836995298,
              43.21797877916823
            ]
          ]
        ]
      },
      "properties": {
        "uuid": "927979f7-fd01-42e1-be4e-271e1ef7eaa1",
        "h3_index": "8839680551fffff",
        "city_code": "13055",
        "city_name": "Marseille",
        "latitude": 43.21496310143133,
        "longitude": 5.513895899234473,
        "manual_surge": 0,
        "available": true,
        "status": "active",
        "dept_code": "13",
        "id": "MAR-13-13055"
      }
    },
    {
      "type": "Feature",
      "geometry": {
        "type": "Polygon",
        "coordinates": [
          [
            [
              5.370734734490011,
              43.34436968268907
            ],
            [
              5.369302833061408,
              43.33964238936441
            ],
            [
              5.37409418970342,
              43.33663934691053
            ],
            [
              5.3803178101135165,
              43.33836347560834
            ],
            [
              5.381750434942975,
              43.34309086648795
            ],
            [
              5.376958715978586,
              43.34609403113272
            ],
            [
              5.370734734490011,
              43.34436968268907
            ]
          ]
        ]
      },
      "properties": {
        "uuid": "00df0693-33f3-491d-8dd7-7c8525f2b6ef",
        "h3_index": "8839681737fffff",
        "city_code": "13055",
        "city_name": "Marseille",
        "latitude": 43.34136677064381,
        "longitude": 5.375526363341582,
        "manual_surge": 0,
        "available": true,
        "status": "active",
        "dept_code": "13",
        "id": "MAR-13-13055"
      }
    },
    {
      "type": "Feature",
      "geometry": {
        "type": "Polygon",
        "coordinates": [
          [
            [
              5.442102565647865,
              43.37277516304313
            ],
            [
              5.440665339550014,
              43.368048562297965
            ],
            [
              5.445458225324904,
              43.365043000518305
            ],
            [
              5.451688698088596,
              43.36676391683534
            ],
            [
              5.453126647989499,
              43.371490614127296
            ],
            [
              5.448333401341098,
              43.37449629857337
            ],
            [
              5.442102565647865,
              43.37277516304313
            ]
          ]
        ]
      },
      "properties": {
        "uuid": "6e961120-e8ed-4f13-9b7f-177b92affa88",
        "h3_index": "8839681457fffff",
        "city_code": "13055",
        "city_name": "Marseille",
        "latitude": 43.36976973150553,
        "longitude": 5.446895723491535,
        "manual_surge": 0,
        "available": true,
        "status": "active",
        "dept_code": "13",
        "id": "MAR-13-13055"
      }
    },
    {
      "type": "Feature",
      "geometry": {
        "type": "Polygon",
        "coordinates": [
          [
            [
              5.3731573706832725,
              43.31472407407222
            ],
            [
              5.371725819518397,
              43.309995704791774
            ],
            [
              5.3765154517668465,
              43.30699124496948
            ],
            [
              5.38273699720201,
              43.30871503218696
            ],
            [
              5.384169271245163,
              43.31344349909118
            ],
            [
              5.379379276991984,
              43.316448081172055
            ],
            [
              5.3731573706832725,
              43.31472407407222
            ]
          ]
        ]
      },
      "properties": {
        "uuid": "709252ee-eef1-4bd6-a260-73066ae9f09d",
        "h3_index": "8839681501fffff",
        "city_code": "13055",
        "city_name": "Marseille",
        "latitude": 43.31171974451533,
        "longitude": 5.377947274934731,
        "manual_surge": 0,
        "available": true,
        "status": "active",
        "dept_code": "13",
        "id": "MAR-13-13055"
      }
    },
    {
      "type": "Feature",
      "geometry": {
        "type": "Polygon",
        "coordinates": [
          [
            [
              5.464619163109777,
              43.29670792985028
            ],
            [
              5.463181737932955,
              43.29197849044973
            ],
            [
              5.46797016904036,
              43.28896843589109
            ],
            [
              5.474196385015471,
              43.29068769779267
            ],
            [
              5.475634532631224,
              43.295417233707205
            ],
            [
              5.470845741850409,
              43.2984274112241
            ],
            [
              5.464619163109777,
              43.29670792985028
            ]
          ]
        ]
      },
      "properties": {
        "uuid": "f0cb68d3-e588-40b5-885e-c72e7cf60a24",
        "h3_index": "88396815b9fffff",
        "city_code": "13055",
        "city_name": "Marseille",
        "latitude": 43.29369800509872,
        "longitude": 5.469407865681153,
        "manual_surge": 0,
        "available": true,
        "status": "active",
        "dept_code": "13",
        "id": "MAR-13-13055"
      }
    },
    {
      "type": "Feature",
      "geometry": {
        "type": "Polygon",
        "coordinates": [
          [
            [
              5.440191565673753,
              43.32894444340093
            ],
            [
              5.438755231993185,
              43.32421627330772
            ],
            [
              5.44354557630604,
              43.321208904501546
            ],
            [
              5.44977261485285,
              43.322929583081034
            ],
            [
              5.4512096715706875,
              43.327657849892965
            ],
            [
              5.446418966721865,
              43.33066534142462
            ],
            [
              5.440191565673753,
              43.32894444340093
            ]
          ]
        ]
      },
      "properties": {
        "uuid": "ac687f37-bfd3-480e-8a0d-c3812352c85c",
        "h3_index": "88396815cbfffff",
        "city_code": "13055",
        "city_name": "Marseille",
        "latitude": 43.32593720464787,
        "longitude": 5.444982181775367,
        "manual_surge": 0,
        "available": true,
        "status": "active",
        "dept_code": "13",
        "id": "MAR-13-13055"
      }
    },
    {
      "type": "Feature",
      "geometry": {
        "type": "Polygon",
        "coordinates": [
          [
            [
              5.471781674376197,
              43.20767229838864
            ],
            [
              5.470345311987666,
              43.20293964339247
            ],
            [
              5.4751285778164895,
              43.19992535187021
            ],
            [
              5.481348564781027,
              43.201643592198444
            ],
            [
              5.482785648044517,
              43.206376343912055
            ],
            [
              5.478002023485956,
              43.20939075859786
            ],
            [
              5.471781674376197,
              43.20767229838864
            ]
          ]
        ]
      },
      "properties": {
        "uuid": "824af1d3-db20-4e81-a4c3-bfa4116fcd21",
        "h3_index": "8839680545fffff",
        "city_code": "13055",
        "city_name": "Marseille",
        "latitude": 43.20465813623971,
        "longitude": 5.476565211052072,
        "manual_surge": 0,
        "available": true,
        "status": "active",
        "dept_code": "13",
        "id": "MAR-13-13055"
      }
    },
    {
      "type": "Feature",
      "geometry": {
        "type": "Polygon",
        "coordinates": [
          [
            [
              5.301899114952514,
              43.286283588505505
            ],
            [
              5.30047287740271,
              43.281554540291076
            ],
            [
              5.3052609675322415,
              43.278552595515144
            ],
            [
              5.311475658671284,
              43.28027957718841
            ],
            [
              5.312902618691003,
              43.28500872403321
            ],
            [
              5.3081141651185835,
              43.28801079059222
            ],
            [
              5.301899114952514,
              43.286283588505505
            ]
          ]
        ]
      },
      "properties": {
        "uuid": "69603379-6947-401a-b2d7-848050d13d07",
        "h3_index": "8839680241fffff",
        "city_code": "13055",
        "city_name": "Marseille",
        "latitude": 43.28328177416069,
        "longitude": 5.306687477222194,
        "manual_surge": 0,
        "available": true,
        "status": "active",
        "dept_code": "13",
        "id": "MAR-13-13055"
      }
    },
    {
      "type": "Feature",
      "geometry": {
        "type": "Polygon",
        "coordinates": [
          [
            [
              5.494317767921908,
              43.300573202368795
            ],
            [
              5.49287826714899,
              43.295843766738635
            ],
            [
              5.497666866880947,
              43.29283231849511
            ],
            [
              5.503895326402928,
              43.294550182731484
            ],
            [
              5.505335549639841,
              43.29927971448256
            ],
            [
              5.500546590908385,
              43.30229128589429
            ],
            [
              5.494317767921908,
              43.300573202368795
            ]
          ]
        ]
      },
      "properties": {
        "uuid": "f62a0c1b-22be-4038-9a9c-977bddcad384",
        "h3_index": "8839680669fffff",
        "city_code": "13055",
        "city_name": "Marseille",
        "latitude": 43.297561883827335,
        "longitude": 5.499106639005744,
        "manual_surge": 0,
        "available": true,
        "status": "active",
        "dept_code": "13",
        "id": "MAR-13-13055"
      }
    },
    {
      "type": "Feature",
      "geometry": {
        "type": "Polygon",
        "coordinates": [
          [
            [
              5.372221055281861,
              43.29280476964678
            ],
            [
              5.370789947354073,
              43.288075619194096
            ],
            [
              5.3755783100607,
              43.28507025585911
            ],
            [
              5.381798142547086,
              43.28679392070581
            ],
            [
              5.3832299729707405,
              43.29152316886781
            ],
            [
              5.378441248429235,
              43.29452865449166
            ],
            [
              5.372221055281861,
              43.29280476964678
            ]
          ]
        ]
      },
      "properties": {
        "uuid": "721ab865-2aff-41c4-aed8-639f55e36be8",
        "h3_index": "8839681523fffff",
        "city_code": "13055",
        "city_name": "Marseille",
        "latitude": 43.28979953648229,
        "longitude": 5.3770096898514534,
        "manual_surge": 0,
        "available": true,
        "status": "active",
        "dept_code": "13",
        "id": "MAR-13-13055"
      }
    },
    {
      "type": "Feature",
      "geometry": {
        "type": "Polygon",
        "coordinates": [
          [
            [
              5.3779975543956695,
              43.25540824069117
            ],
            [
              5.376566703355504,
              43.25067772569556
            ],
            [
              5.381352890483884,
              43.2476704346056
            ],
            [
              5.387570290040232,
              43.24939353613383
            ],
            [
              5.389001862915103,
              43.25412414888978
            ],
            [
              5.384215314416048,
              43.257131562375044
            ],
            [
              5.3779975543956695,
              43.25540824069117
            ]
          ]
        ]
      },
      "properties": {
        "uuid": "c355ff37-0da4-4287-8443-a4b9cbc5fc9b",
        "h3_index": "88396802e3fffff",
        "city_code": "13055",
        "city_name": "Marseille",
        "latitude": 43.25240107957884,
        "longitude": 5.3827840131146765,
        "manual_surge": 0,
        "available": true,
        "status": "active",
        "dept_code": "13",
        "id": "MAR-13-13055"
      }
    },
    {
      "type": "Feature",
      "geometry": {
        "type": "Polygon",
        "coordinates": [
          [
            [
              5.403360416837287,
              43.245099614502784
            ],
            [
              5.401928029491783,
              43.240368612067925
            ],
            [
              5.406713578679231,
              43.23735953955745
            ],
            [
              5.412931875908777,
              43.23908134690085
            ],
            [
              5.414364984875654,
              43.243812446805705
            ],
            [
              5.409579075008834,
              43.246821641915055
            ],
            [
              5.403360416837287,
              43.245099614502784
            ]
          ]
        ]
      },
      "properties": {
        "uuid": "c47f60ff-b6b5-4229-98c4-794e7189f10a",
        "h3_index": "88396802bdfffff",
        "city_code": "13055",
        "city_name": "Marseille",
        "latitude": 43.24209067181852,
        "longitude": 5.4081462374316365,
        "manual_surge": 0,
        "available": true,
        "status": "active",
        "dept_code": "13",
        "id": "MAR-13-13055"
      }
    },
    {
      "type": "Feature",
      "geometry": {
        "type": "Polygon",
        "coordinates": [
          [
            [
              5.3431323090030185,
              43.215394209338605
            ],
            [
              5.341704506678922,
              43.21066243408399
            ],
            [
              5.346488432544252,
              43.2076552422592
            ],
            [
              5.352700522596708,
              43.209379703497895
            ],
            [
              5.354129046101855,
              43.21411157709212
            ],
            [
              5.349344758390452,
              43.21711889112585
            ],
            [
              5.3431323090030185,
              43.215394209338605
            ]
          ]
        ]
      },
      "properties": {
        "uuid": "26519c3e-8ce6-44b0-afb0-c1be4d1a97fc",
        "h3_index": "8839680001fffff",
        "city_code": "13055",
        "city_name": "Marseille",
        "latitude": 43.21238714745381,
        "longitude": 5.347916506355111,
        "manual_surge": 0,
        "available": true,
        "status": "active",
        "dept_code": "13",
        "id": "MAR-13-13055"
      }
    },
    {
      "type": "Feature",
      "geometry": {
        "type": "Polygon",
        "coordinates": [
          [
            [
              5.453126647989499,
              43.371490614127296
            ],
            [
              5.451688698088596,
              43.36676391683534
            ],
            [
              5.456481489382529,
              43.363757719059016
            ],
            [
              5.462712591194366,
              43.36547809584348
            ],
            [
              5.464151264860388,
              43.37020488954562
            ],
            [
              5.459358112966929,
              43.373211210071034
            ],
            [
              5.453126647989499,
              43.371490614127296
            ]
          ]
        ]
      },
      "properties": {
        "uuid": "72c4b94e-a37c-4052-822c-aca8a8a3b9ea",
        "h3_index": "8839681419fffff",
        "city_code": "13055",
        "city_name": "Marseille",
        "latitude": 43.36848454654188,
        "longitude": 5.457919711292799,
        "manual_surge": 0,
        "available": true,
        "status": "active",
        "dept_code": "13",
        "id": "MAR-13-13055"
      }
    },
    {
      "type": "Feature",
      "geometry": {
        "type": "Polygon",
        "coordinates": [
          [
            [
              5.4315762542668935,
              43.30057297434098
            ],
            [
              5.430140996634344,
              43.295843825302384
            ],
            [
              5.434929710729219,
              43.29283567650056
            ],
            [
              5.441154042967205,
              43.29455655404485
            ],
            [
              5.442590023152261,
              43.29928580000741
            ],
            [
              5.437800948564148,
              43.30229407151961
            ],
            [
              5.4315762542668935,
              43.30057297434098
            ]
          ]
        ]
      },
      "properties": {
        "uuid": "6d9742e9-1270-405a-9a10-e154bd97b704",
        "h3_index": "88396815e3fffff",
        "city_code": "13055",
        "city_name": "Marseille",
        "latitude": 43.29756495549992,
        "longitude": 5.436365240003504,
        "manual_surge": 0,
        "available": true,
        "status": "active",
        "dept_code": "13",
        "id": "MAR-13-13055"
      }
    },
    {
      "type": "Feature",
      "geometry": {
        "type": "Polygon",
        "coordinates": [
          [
            [
              5.479950053114194,
              43.309604862399766
            ],
            [
              5.478511366648742,
              43.3048758160758
            ],
            [
              5.483300516976528,
              43.30186551555567
            ],
            [
              5.489528713207807,
              43.303584138329136
            ],
            [
              5.490968122315959,
              43.30831328092781
            ],
            [
              5.486178612567676,
              43.3113237044962
            ],
            [
              5.479950053114194,
              43.309604862399766
            ]
          ]
        ]
      },
      "properties": {
        "uuid": "4810ebe4-a8fa-46f3-83cb-50fb19c16de4",
        "h3_index": "8839681591fffff",
        "city_code": "13055",
        "city_name": "Marseille",
        "latitude": 43.3065946916817,
        "longitude": 5.48473947491978,
        "manual_surge": 0,
        "available": true,
        "status": "active",
        "dept_code": "13",
        "id": "MAR-13-13055"
      }
    },
    {
      "type": "Feature",
      "geometry": {
        "type": "Polygon",
        "coordinates": [
          [
            [
              5.501450185820988,
              43.21152925495996
            ],
            [
              5.500011752242511,
              43.2067966016191
            ],
            [
              5.504795185682012,
              43.20378091798894
            ],
            [
              5.511017410775353,
              43.205497764344635
            ],
            [
              5.512456565253472,
              43.210230514009965
            ],
            [
              5.507672773756199,
              43.21324632101299
            ],
            [
              5.501450185820988,
              43.21152925495996
            ]
          ]
        ]
      },
      "properties": {
        "uuid": "f740d0e5-7a1f-45c4-9d02-8553353f318a",
        "h3_index": "8839680555fffff",
        "city_code": "13055",
        "city_name": "Marseille",
        "latitude": 43.20851370059812,
        "longitude": 5.506233889995715,
        "manual_surge": 0,
        "available": true,
        "status": "active",
        "dept_code": "13",
        "id": "MAR-13-13055"
      }
    },
    {
      "type": "Feature",
      "geometry": {
        "type": "Polygon",
        "coordinates": [
          [
            [
              5.4229673962875475,
              43.27219563745915
            ],
            [
              5.421533213559066,
              43.26746551181585
            ],
            [
              5.426320298317636,
              43.264456583573825
            ],
            [
              5.432541926272261,
              43.26617765829725
            ],
            [
              5.433976831068883,
              43.27090788106941
            ],
            [
              5.4291893858600515,
              43.2739169320072
            ],
            [
              5.4229673962875475,
              43.27219563745915
            ]
          ]
        ]
      },
      "properties": {
        "uuid": "644d727d-0eef-4f29-86c9-637e98754a31",
        "h3_index": "8839680299fffff",
        "city_code": "13055",
        "city_name": "Marseille",
        "latitude": 43.269186839085165,
        "longitude": 5.427754752540934,
        "manual_surge": 0,
        "available": true,
        "status": "active",
        "dept_code": "13",
        "id": "MAR-13-13055"
      }
    },
    {
      "type": "Feature",
      "geometry": {
        "type": "Polygon",
        "coordinates": [
          [
            [
              5.468932515791912,
              43.310895269205986
            ],
            [
              5.4674945520074445,
              43.30616631929345
            ],
            [
              5.472283797579998,
              43.303156654202255
            ],
            [
              5.478511366648742,
              43.3048758160758
            ],
            [
              5.479950053114194,
              43.309604862399766
            ],
            [
              5.4751604478474345,
              43.31261465045668
            ],
            [
              5.468932515791912,
              43.310895269205986
            ]
          ]
        ]
      },
      "properties": {
        "uuid": "4d4de813-c01d-4ce6-a958-c7cb67d6235a",
        "h3_index": "883968159dfffff",
        "city_code": "13055",
        "city_name": "Marseille",
        "latitude": 43.307885733968114,
        "longitude": 5.4737220329017315,
        "manual_surge": 0,
        "available": true,
        "status": "active",
        "dept_code": "13",
        "id": "MAR-13-13055"
      }
    },
    {
      "type": "Feature",
      "geometry": {
        "type": "Polygon",
        "coordinates": [
          [
            [
              5.374641671969068,
              43.26314524222101
            ],
            [
              5.37321091393967,
              43.2584150194444
            ],
            [
              5.3779975543956695,
              43.25540824069117
            ],
            [
              5.384215314416048,
              43.257131562375044
            ],
            [
              5.385646794419661,
              43.26186188292912
            ],
            [
              5.380859792445795,
              43.26486878403972
            ],
            [
              5.374641671969068,
              43.26314524222101
            ]
          ]
        ]
      },
      "properties": {
        "uuid": "7eecff7d-b5cd-4fa5-86b9-a798f4fad74d",
        "h3_index": "88396802ebfffff",
        "city_code": "13055",
        "city_name": "Marseille",
        "latitude": 43.260138593494275,
        "longitude": 5.379428584081876,
        "manual_surge": 0,
        "available": true,
        "status": "active",
        "dept_code": "13",
        "id": "MAR-13-13055"
      }
    },
    {
      "type": "Feature",
      "geometry": {
        "type": "Polygon",
        "coordinates": [
          [
            [
              5.439726444146561,
              43.23349232449779
            ],
            [
              5.438291799853655,
              43.22876073818898
            ],
            [
              5.443076615583683,
              43.22574925003829
            ],
            [
              5.449296435339189,
              43.22746922532941
            ],
            [
              5.450731801001721,
              43.23220090868105
            ],
            [
              5.445946625556458,
              43.23521251971658
            ],
            [
              5.439726444146561,
              43.23349232449779
            ]
          ]
        ]
      },
      "properties": {
        "uuid": "ae0dcfd8-d659-4961-8d66-6013a4c2550f",
        "h3_index": "88396800dbfffff",
        "city_code": "13055",
        "city_name": "Marseille",
        "latitude": 43.23048096597038,
        "longitude": 5.444511531040367,
        "manual_surge": 0,
        "available": true,
        "status": "active",
        "dept_code": "13",
        "id": "MAR-13-13055"
      }
    },
    {
      "type": "Feature",
      "geometry": {
        "type": "Polygon",
        "coordinates": [
          [
            [
              5.366059802481692,
              43.23476147374275
            ],
            [
              5.364630115706363,
              43.23003027869453
            ],
            [
              5.369415126737139,
              43.22702272010844
            ],
            [
              5.375630186033267,
              43.228746234244944
            ],
            [
              5.377060594298346,
              43.233477527274985
            ],
            [
              5.372275221794592,
              43.236485208204556
            ],
            [
              5.366059802481692,
              43.23476147374275
            ]
          ]
        ]
      },
      "properties": {
        "uuid": "c33b5b08-c3a9-4963-b3f8-f73d773b95a2",
        "h3_index": "8839680053fffff",
        "city_code": "13055",
        "city_name": "Marseille",
        "latitude": 43.23175404508994,
        "longitude": 5.370845085021963,
        "manual_surge": 0,
        "available": true,
        "status": "active",
        "dept_code": "13",
        "id": "MAR-13-13055"
      }
    },
    {
      "type": "Feature",
      "geometry": {
        "type": "Polygon",
        "coordinates": [
          [
            [
              5.503391823499744,
              43.25541252936539
            ],
            [
              5.5019524956364885,
              43.250681434418176
            ],
            [
              5.506738462846327,
              43.24766754970498
            ],
            [
              5.512964116328444,
              43.249384636645736
            ],
            [
              5.514404165853561,
              43.254115827747675
            ],
            [
              5.509617840252304,
              43.25712983577205
            ],
            [
              5.503391823499744,
              43.25541252936539
            ]
          ]
        ]
      },
      "properties": {
        "uuid": "95488fd5-6430-401b-8569-d5f22a267d48",
        "h3_index": "8839680711fffff",
        "city_code": "13055",
        "city_name": "Marseille",
        "latitude": 43.252398774112244,
        "longitude": 5.508178061723072,
        "manual_surge": 0,
        "available": true,
        "status": "active",
        "dept_code": "13",
        "id": "MAR-13-13055"
      }
    },
    {
      "type": "Feature",
      "geometry": {
        "type": "Polygon",
        "coordinates": [
          [
            [
              5.415312214199795,
              43.26574389935361
            ],
            [
              5.413878661006322,
              43.261013578566356
            ],
            [
              5.418665385189065,
              43.25800477297515
            ],
            [
              5.424886023158357,
              43.259726165538254
            ],
            [
              5.426320298317636,
              43.264456583573825
            ],
            [
              5.421533213559066,
              43.26746551181585
            ],
            [
              5.415312214199795,
              43.26574389935361
            ]
          ]
        ]
      },
      "properties": {
        "uuid": "00779cc5-c589-4c45-94c9-a7d7152d4036",
        "h3_index": "883968029dfffff",
        "city_code": "13055",
        "city_name": "Marseille",
        "latitude": 43.2627352236328,
        "longitude": 5.4200992098701475,
        "manual_surge": 0,
        "available": true,
        "status": "active",
        "dept_code": "13",
        "id": "MAR-13-13055"
      }
    },
    {
      "type": "Feature",
      "geometry": {
        "type": "Polygon",
        "coordinates": [
          [
            [
              5.471320628410953,
              43.28122813682836
            ],
            [
              5.46988301935855,
              43.276498111908744
            ],
            [
              5.474670541332314,
              43.273487032900285
            ],
            [
              5.480896031755217,
              43.27520585579592
            ],
            [
              5.482334362966438,
              43.27993597719531
            ],
            [
              5.4775464816134605,
              43.28294717923721
            ],
            [
              5.471320628410953,
              43.28122813682836
            ]
          ]
        ]
      },
      "properties": {
        "uuid": "d1e84103-43eb-4828-941a-8df9caa14e24",
        "h3_index": "88396815b7fffff",
        "city_code": "13055",
        "city_name": "Marseille",
        "latitude": 43.278217187529314,
        "longitude": 5.4761084217160345,
        "manual_surge": 0,
        "available": true,
        "status": "active",
        "dept_code": "13",
        "id": "MAR-13-13055"
      }
    },
    {
      "type": "Feature",
      "geometry": {
        "type": "Polygon",
        "coordinates": [
          [
            [
              5.453604326358312,
              43.29799745189715
            ],
            [
              5.452167623658442,
              43.293268109147256
            ],
            [
              5.456956149463631,
              43.29025868985243
            ],
            [
              5.463181737932955,
              43.29197849044973
            ],
            [
              5.464619163109777,
              43.29670792985028
            ],
            [
              5.459830277357774,
              43.29971747202078
            ],
            [
              5.453604326358312,
              43.29799745189715
            ]
          ]
        ]
      },
      "properties": {
        "uuid": "3fe61a0f-7f9a-46c6-8781-844ae20df414",
        "h3_index": "8839681587fffff",
        "city_code": "13055",
        "city_name": "Marseille",
        "latitude": 43.29498816246062,
        "longitude": 5.458393123686801,
        "manual_surge": 0,
        "available": true,
        "status": "active",
        "dept_code": "13",
        "id": "MAR-13-13055"
      }
    },
    {
      "type": "Feature",
      "geometry": {
        "type": "Polygon",
        "coordinates": [
          [
            [
              5.418665385189065,
              43.25800477297515
            ],
            [
              5.417231739484089,
              43.253274159908
            ],
            [
              5.422018009905022,
              43.2502648421549
            ],
            [
              5.428238286476903,
              43.25198601479821
            ],
            [
              5.429672654008001,
              43.25671672509653
            ],
            [
              5.424886023158357,
              43.259726165538254
            ],
            [
              5.418665385189065,
              43.25800477297515
            ]
          ]
        ]
      },
      "properties": {
        "uuid": "c84a33b5-da0e-4bd6-9de9-ab622839d164",
        "h3_index": "8839680295fffff",
        "city_code": "13055",
        "city_name": "Marseille",
        "latitude": 43.25499558504357,
        "longitude": 5.423451927031395,
        "manual_surge": 0,
        "available": true,
        "status": "active",
        "dept_code": "13",
        "id": "MAR-13-13055"
      }
    },
    {
      "type": "Feature",
      "geometry": {
        "type": "Polygon",
        "coordinates": [
          [
            [
              5.389001862915103,
              43.25412414888978
            ],
            [
              5.387570290040232,
              43.24939353613383
            ],
            [
              5.3923563851158685,
              43.24638561038266
            ],
            [
              5.398574414182166,
              43.24810817492714
            ],
            [
              5.400006708854954,
              43.252838885306865
            ],
            [
              5.395220252680693,
              43.25584693353619
            ],
            [
              5.389001862915103,
              43.25412414888978
            ]
          ]
        ]
      },
      "properties": {
        "uuid": "74b1842e-db06-4985-95d5-365da59b944e",
        "h3_index": "8839680285fffff",
        "city_code": "13055",
        "city_name": "Marseille",
        "latitude": 43.25111635306498,
        "longitude": 5.393788229522638,
        "manual_surge": 0,
        "available": true,
        "status": "active",
        "dept_code": "13",
        "id": "MAR-13-13055"
      }
    },
    {
      "type": "Feature",
      "geometry": {
        "type": "Polygon",
        "coordinates": [
          [
            [
              5.498637348888907,
              43.314760529315016
            ],
            [
              5.4971973087600166,
              43.31003158372203
            ],
            [
              5.5019867226207495,
              43.307020524630936
            ],
            [
              5.5082165356478,
              43.30873828797502
            ],
            [
              5.509657298482589,
              43.313467329586295
            ],
            [
              5.504867525602058,
              43.31647851185314
            ],
            [
              5.498637348888907,
              43.314760529315016
            ]
          ]
        ]
      },
      "properties": {
        "uuid": "2d6db316-087a-4652-acdd-c936206540e0",
        "h3_index": "883968064dfffff",
        "city_code": "13055",
        "city_name": "Marseille",
        "latitude": 43.31174959997223,
        "longitude": 5.503427034174684,
        "manual_surge": 0,
        "available": true,
        "status": "active",
        "dept_code": "13",
        "id": "MAR-13-13055"
      }
    },
    {
      "type": "Feature",
      "geometry": {
        "type": "Polygon",
        "coordinates": [
          [
            [
              5.43923683644293,
              43.30702302449462
            ],
            [
              5.437800948564148,
              43.30229407151961
            ],
            [
              5.442590023152261,
              43.29928580000741
            ],
            [
              5.44881534600389,
              43.30100635873269
            ],
            [
              5.450251956537481,
              43.30573540851208
            ],
            [
              5.445462521582037,
              43.30874380277971
            ],
            [
              5.43923683644293,
              43.30702302449462
            ]
          ]
        ]
      },
      "properties": {
        "uuid": "436d6a15-bef4-45be-a7f3-a53d2750330a",
        "h3_index": "883968158dfffff",
        "city_code": "13055",
        "city_name": "Marseille",
        "latitude": 43.30401488294072,
        "longitude": 5.444026182679944,
        "manual_surge": 0,
        "available": true,
        "status": "active",
        "dept_code": "13",
        "id": "MAR-13-13055"
      }
    },
    {
      "type": "Feature",
      "geometry": {
        "type": "Polygon",
        "coordinates": [
          [
            [
              5.406194687169903,
              43.31087882967366
            ],
            [
              5.404760967480871,
              43.30615016793142
            ],
            [
              5.409550322557899,
              43.30314380231856
            ],
            [
              5.4157737585277985,
              43.30486597595864
            ],
            [
              5.417208200984111,
              43.30959473491506
            ],
            [
              5.4124184847205195,
              43.312601223035124
            ],
            [
              5.406194687169903,
              43.31087882967366
            ]
          ]
        ]
      },
      "properties": {
        "uuid": "d1d716fd-53ee-40f2-a9a1-c84ee0340346",
        "h3_index": "8839681517fffff",
        "city_code": "13055",
        "city_name": "Marseille",
        "latitude": 43.30787259417269,
        "longitude": 5.410984314073215,
        "manual_surge": 0,
        "available": true,
        "status": "active",
        "dept_code": "13",
        "id": "MAR-13-13055"
      }
    },
    {
      "type": "Feature",
      "geometry": {
        "type": "Polygon",
        "coordinates": [
          [
            [
              5.435423048245893,
              43.21929707922777
            ],
            [
              5.433988940867633,
              43.21456500670578
            ],
            [
              5.438772943252763,
              43.211553129778736
            ],
            [
              5.444991412727446,
              43.2132732025135
            ],
            [
              5.44642624123376,
              43.2180053721804
            ],
            [
              5.441641879154647,
              43.221017371985496
            ],
            [
              5.435423048245893,
              43.21929707922777
            ]
          ]
        ]
      },
      "properties": {
        "uuid": "efd4e90b-9225-4f83-9d13-f26037ca854a",
        "h3_index": "88396800d7fffff",
        "city_code": "13055",
        "city_name": "Marseille",
        "latitude": 43.21628533187723,
        "longitude": 5.440207321721576,
        "manual_surge": 0,
        "available": true,
        "status": "active",
        "dept_code": "13",
        "id": "MAR-13-13055"
      }
    },
    {
      "type": "Feature",
      "geometry": {
        "type": "Polygon",
        "coordinates": [
          [
            [
              5.3985381612835965,
              43.304427456283484
            ],
            [
              5.397105071533147,
              43.299698598836365
            ],
            [
              5.401894065298142,
              43.29669235568556
            ],
            [
              5.4081165101428414,
              43.298414847537714
            ],
            [
              5.409550322557899,
              43.30314380231856
            ],
            [
              5.404760967480871,
              43.30615016793142
            ],
            [
              5.3985381612835965,
              43.304427456283484
            ]
          ]
        ]
      },
      "properties": {
        "uuid": "c578837d-fd46-49f3-bd2b-00eff4b969bd",
        "h3_index": "883968153bfffff",
        "city_code": "13055",
        "city_name": "Marseille",
        "latitude": 43.30142134324706,
        "longitude": 5.403327426867525,
        "manual_surge": 0,
        "available": true,
        "status": "active",
        "dept_code": "13",
        "id": "MAR-13-13055"
      }
    },
    {
      "type": "Feature",
      "geometry": {
        "type": "Polygon",
        "coordinates": [
          [
            [
              5.459347757513238,
              43.26058759956329
            ],
            [
              5.457911316681635,
              43.25585689060256
            ],
            [
              5.462697665323345,
              43.25284554554016
            ],
            [
              5.468920814298705,
              43.25456478647501
            ],
            [
              5.470357976945505,
              43.25929559213745
            ],
            [
              5.465571268819191,
              43.26230706018122
            ],
            [
              5.459347757513238,
              43.26058759956329
            ]
          ]
        ]
      },
      "properties": {
        "uuid": "51a742a5-0dc2-4a33-aeee-f0cc910c3ef7",
        "h3_index": "8839680747fffff",
        "city_code": "13055",
        "city_name": "Marseille",
        "latitude": 43.257576384166214,
        "longitude": 5.464134377406083,
        "manual_surge": 0,
        "available": true,
        "status": "active",
        "dept_code": "13",
        "id": "MAR-13-13055"
      }
    },
    {
      "type": "Feature",
      "geometry": {
        "type": "Polygon",
        "coordinates": [
          [
            [
              5.413418264383654,
              43.221876978197585
            ],
            [
              5.411985599373767,
              43.21714510037544
            ],
            [
              5.416769788466914,
              43.21413449226075
            ],
            [
              5.422987002825609,
              43.21585563927333
            ],
            [
              5.424420389038327,
              43.2205876145137
            ],
            [
              5.4196358397067375,
              43.223598345341124
            ],
            [
              5.413418264383654,
              43.221876978197585
            ]
          ]
        ]
      },
      "properties": {
        "uuid": "e46b905d-d442-4b90-b097-605eefaf74f8",
        "h3_index": "88396800c3fffff",
        "city_code": "13055",
        "city_name": "Marseille",
        "latitude": 43.21886649976204,
        "longitude": 5.418202724685223,
        "manual_surge": 0,
        "available": true,
        "status": "active",
        "dept_code": "13",
        "id": "MAR-13-13055"
      }
    },
    {
      "type": "Feature",
      "geometry": {
        "type": "Polygon",
        "coordinates": [
          [
            [
              5.355059549408299,
              43.23604424928444
            ],
            [
              5.35363058415914,
              43.231313152354545
            ],
            [
              5.358415686427383,
              43.228306228180934
            ],
            [
              5.364630115706363,
              43.23003027869453
            ],
            [
              5.366059802481692,
              43.23476147374275
            ],
            [
              5.361274338468869,
              43.23776852017688
            ],
            [
              5.355059549408299,
              43.23604424928444
            ]
          ]
        ]
      },
      "properties": {
        "uuid": "7a498d44-154a-4aab-9442-fb8d3dabd86b",
        "h3_index": "8839680051fffff",
        "city_code": "13055",
        "city_name": "Marseille",
        "latitude": 43.23303745509535,
        "longitude": 5.359844923244588,
        "manual_surge": 0,
        "available": true,
        "status": "active",
        "dept_code": "13",
        "id": "MAR-13-13055"
      }
    },
    {
      "type": "Feature",
      "geometry": {
        "type": "Polygon",
        "coordinates": [
          [
            [
              5.493790152070994,
              43.20507921716485
            ],
            [
              5.492352347970762,
              43.20034636887055
            ],
            [
              5.497135423226134,
              43.197330808568715
            ],
            [
              5.503356660783404,
              43.199047973250735
            ],
            [
              5.504795185682012,
              43.20378091798894
            ],
            [
              5.500011752242511,
              43.2067966016191
            ],
            [
              5.493790152070994,
              43.20507921716485
            ]
          ]
        ]
      },
      "properties": {
        "uuid": "fc47c28e-3a62-47d7-9afb-548e872acab2",
        "h3_index": "8839680509fffff",
        "city_code": "13055",
        "city_name": "Marseille",
        "latitude": 43.2020637861336,
        "longitude": 5.498573498054805,
        "manual_surge": 0,
        "available": true,
        "status": "active",
        "dept_code": "13",
        "id": "MAR-13-13055"
      }
    },
    {
      "type": "Feature",
      "geometry": {
        "type": "Polygon",
        "coordinates": [
          [
            [
              5.447381899163621,
              43.23994391121168
            ],
            [
              5.445946625556458,
              43.23521251971658
            ],
            [
              5.450731801001721,
              43.23220090868105
            ],
            [
              5.456952609661087,
              43.23392056622891
            ],
            [
              5.4583886047398344,
              43.23865205464743
            ],
            [
              5.453603069705054,
              43.24166378861256
            ],
            [
              5.447381899163621,
              43.23994391121168
            ]
          ]
        ]
      },
      "properties": {
        "uuid": "dd272139-443a-4a1f-89e9-e409b9bf9bad",
        "h3_index": "8839680767fffff",
        "city_code": "13055",
        "city_name": "Marseille",
        "latitude": 43.23693242979717,
        "longitude": 5.452167345779783,
        "manual_surge": 0,
        "available": true,
        "status": "active",
        "dept_code": "13",
        "id": "MAR-13-13055"
      }
    },
    {
      "type": "Feature",
      "geometry": {
        "type": "Polygon",
        "coordinates": [
          [
            [
              5.483300516976528,
              43.30186551555567
            ],
            [
              5.481861738706125,
              43.29713617618315
            ],
            [
              5.486650434146903,
              43.29412536330855
            ],
            [
              5.49287826714899,
              43.295843766738635
            ],
            [
              5.494317767921908,
              43.300573202368795
            ],
            [
              5.489528713207807,
              43.303584138329136
            ],
            [
              5.483300516976528,
              43.30186551555567
            ]
          ]
        ]
      },
      "properties": {
        "uuid": "bd9c2a90-af9c-4a15-a0ff-c459eaad1842",
        "h3_index": "8839681597fffff",
        "city_code": "13055",
        "city_name": "Marseille",
        "latitude": 43.29885483243438,
        "longitude": 5.488089483828752,
        "manual_surge": 0,
        "available": true,
        "status": "active",
        "dept_code": "13",
        "id": "MAR-13-13055"
      }
    },
    {
      "type": "Feature",
      "geometry": {
        "type": "Polygon",
        "coordinates": [
          [
            [
              5.388061924086716,
              43.232192409720454
            ],
            [
              5.3866307943684895,
              43.22746101884513
            ],
            [
              5.391415621822061,
              43.224452191397916
            ],
            [
              5.3976319399404264,
              43.22617463233466
            ],
            [
              5.399063791075014,
              43.23090612091868
            ],
            [
              5.394278602692012,
              43.233915070875106
            ],
            [
              5.388061924086716,
              43.232192409720454
            ]
          ]
        ]
      },
      "properties": {
        "uuid": "6a6ba577-c489-4223-b4df-d390d6e3c5e3",
        "h3_index": "88396802a7fffff",
        "city_code": "13055",
        "city_name": "Marseille",
        "latitude": 43.22918371210398,
        "longitude": 5.392847022932467,
        "manual_surge": 0,
        "available": true,
        "status": "active",
        "dept_code": "13",
        "id": "MAR-13-13055"
      }
    },
    {
      "type": "Feature",
      "geometry": {
        "type": "Polygon",
        "coordinates": [
          [
            [
              5.3727699050084174,
              43.21928316269606
            ],
            [
              5.371340032185368,
              43.214551384307576
            ],
            [
              5.37612413740577,
              43.21154280174434
            ],
            [
              5.382338476645193,
              43.21326587516785
            ],
            [
              5.383769070679384,
              43.21799775150363
            ],
            [
              5.378984604280043,
              43.22100645648645
            ],
            [
              5.3727699050084174,
              43.21928316269606
            ]
          ]
        ]
      },
      "properties": {
        "uuid": "44c1cea8-228b-4313-8c4a-860633b235a0",
        "h3_index": "8839680011fffff",
        "city_code": "13055",
        "city_name": "Marseille",
        "latitude": 43.2162747099681,
        "longitude": 5.377554281606124,
        "manual_surge": 0,
        "available": true,
        "status": "active",
        "dept_code": "13",
        "id": "MAR-13-13055"
      }
    },
    {
      "type": "Feature",
      "geometry": {
        "type": "Polygon",
        "coordinates": [
          [
            [
              5.440680457485881,
              43.25542750467089
            ],
            [
              5.439245368166115,
              43.25069669727805
            ],
            [
              5.444031451361869,
              43.247686109954564
            ],
            [
              5.45025298377815,
              43.24940620718787
            ],
            [
              5.451688794848976,
              43.254137111538576
            ],
            [
              5.446902351769809,
              43.257147821716
            ],
            [
              5.440680457485881,
              43.25542750467089
            ]
          ]
        ]
      },
      "properties": {
        "uuid": "ac4eaade-e5b4-4099-861d-4eeda39fc121",
        "h3_index": "8839680769fffff",
        "city_code": "13055",
        "city_name": "Marseille",
        "latitude": 43.25241704706639,
        "longitude": 5.44546681198491,
        "manual_surge": 0,
        "available": true,
        "status": "active",
        "dept_code": "13",
        "id": "MAR-13-13055"
      }
    },
    {
      "type": "Feature",
      "geometry": {
        "type": "Polygon",
        "coordinates": [
          [
            [
              5.478019907915281,
              43.265745124345244
            ],
            [
              5.47658211522299,
              43.26101451442421
            ],
            [
              5.481368728270582,
              43.25800241140174
            ],
            [
              5.487593493113132,
              43.259720795209496
            ],
            [
              5.489032007684256,
              43.26445150157599
            ],
            [
              5.4842450355515,
              43.26746372770717
            ],
            [
              5.478019907915281,
              43.265745124345244
            ]
          ]
        ]
      },
      "properties": {
        "uuid": "9d2737c5-b2f2-4097-a285-2ac1dcfa445c",
        "h3_index": "8839680755fffff",
        "city_code": "13055",
        "city_name": "Marseille",
        "latitude": 43.26273315093441,
        "longitude": 5.48280679216158,
        "manual_surge": 0,
        "available": true,
        "status": "active",
        "dept_code": "13",
        "id": "MAR-13-13055"
      }
    },
    {
      "type": "Feature",
      "geometry": {
        "type": "Polygon",
        "coordinates": [
          [
            [
              5.438282620497812,
              43.285097573292056
            ],
            [
              5.4368471781499155,
              43.280367838631896
            ],
            [
              5.441634983683408,
              43.277358664953425
            ],
            [
              5.4478585917809905,
              43.27907910316732
            ],
            [
              5.449294756401546,
              43.283808934717285
            ],
            [
              5.444506590669253,
              43.28681823118144
            ],
            [
              5.438282620497812,
              43.285097573292056
            ]
          ]
        ]
      },
      "properties": {
        "uuid": "4432ed05-f475-4143-a7e7-df66633c3334",
        "h3_index": "88396815a1fffff",
        "city_code": "13055",
        "city_name": "Marseille",
        "latitude": 43.28208852947678,
        "longitude": 5.44307069754045,
        "manual_surge": 0,
        "available": true,
        "status": "active",
        "dept_code": "13",
        "id": "MAR-13-13055"
      }
    },
    {
      "type": "Feature",
      "geometry": {
        "type": "Polygon",
        "coordinates": [
          [
            [
              5.419106228020455,
              43.35342944224125
            ],
            [
              5.41767089522005,
              43.34870224990059
            ],
            [
              5.4224626976173225,
              43.34569705584791
            ],
            [
              5.42869019408421,
              43.34741893162347
            ],
            [
              5.4301262503799546,
              43.352146220870175
            ],
            [
              5.425334086730785,
              43.35515153745316
            ],
            [
              5.419106228020455,
              43.35342944224125
            ]
          ]
        ]
      },
      "properties": {
        "uuid": "4efaf650-b351-490d-ac3b-948eee80bacd",
        "h3_index": "8839681405fffff",
        "city_code": "13055",
        "city_name": "Marseille",
        "latitude": 43.35042437843857,
        "longitude": 5.4238983024649645,
        "manual_surge": 0,
        "available": true,
        "status": "active",
        "dept_code": "13",
        "id": "MAR-13-13055"
      }
    },
    {
      "type": "Feature",
      "geometry": {
        "type": "Polygon",
        "coordinates": [
          [
            [
              5.441634983683408,
              43.277358664953425
            ],
            [
              5.440199449066332,
              43.27262863767645
            ],
            [
              5.444986800396674,
              43.26961895172278
            ],
            [
              5.451210046413169,
              43.27133917024059
            ],
            [
              5.452646303163023,
              43.27606929439026
            ],
            [
              5.4478585917809905,
              43.27907910316732
            ],
            [
              5.441634983683408,
              43.277358664953425
            ]
          ]
        ]
      },
      "properties": {
        "uuid": "d2a395b0-34a2-49f0-87cf-086a449f164b",
        "h3_index": "88396815a7fffff",
        "city_code": "13055",
        "city_name": "Marseille",
        "latitude": 43.27434910881412,
        "longitude": 5.446422606456619,
        "manual_surge": 0,
        "available": true,
        "status": "active",
        "dept_code": "13",
        "id": "MAR-13-13055"
      }
    },
    {
      "type": "Feature",
      "geometry": {
        "type": "Polygon",
        "coordinates": [
          [
            [
              5.489999804736199,
              43.28638440589647
            ],
            [
              5.488560843032663,
              43.28165448081464
            ],
            [
              5.493348628855295,
              43.27864264355767
            ],
            [
              5.499575735378214,
              43.28036060823963
            ],
            [
              5.501015419303958,
              43.28509062954494
            ],
            [
              5.4962272745021705,
              43.28810258996272
            ],
            [
              5.489999804736199,
              43.28638440589647
            ]
          ]
        ]
      },
      "properties": {
        "uuid": "294cdb88-045e-4093-af85-d27907c3b5ab",
        "h3_index": "8839680665fffff",
        "city_code": "13055",
        "city_name": "Marseille",
        "latitude": 43.2833726982952,
        "longitude": 5.49478786183756,
        "manual_surge": 0,
        "available": true,
        "status": "active",
        "dept_code": "13",
        "id": "MAR-13-13055"
      }
    },
    {
      "type": "Feature",
      "geometry": {
        "type": "Polygon",
        "coordinates": [
          [
            [
              5.416259952765861,
              43.28767133050118
            ],
            [
              5.414825955075988,
              43.282941790030556
            ],
            [
              5.419613947807168,
              43.279933886514314
            ],
            [
              5.42583629899013,
              43.28165540086631
            ],
            [
              5.427271019027755,
              43.28638503850002
            ],
            [
              5.422482665551908,
              43.289393064636535
            ],
            [
              5.416259952765861,
              43.28767133050118
            ]
          ]
        ]
      },
      "properties": {
        "uuid": "316ee897-7dd1-44e4-8f04-2e3b28f11930",
        "h3_index": "88396802dbfffff",
        "city_code": "13055",
        "city_name": "Marseille",
        "latitude": 43.28466355695062,
        "longitude": 5.421048217124397,
        "manual_surge": 0,
        "available": true,
        "status": "active",
        "dept_code": "13",
        "id": "MAR-13-13055"
      }
    },
    {
      "type": "Feature",
      "geometry": {
        "type": "Polygon",
        "coordinates": [
          [
            [
              5.355426576469576,
              43.33146524897974
            ],
            [
              5.353995934967527,
              43.32673756405943
            ],
            [
              5.358786566589733,
              43.323734765851185
            ],
            [
              5.365008202303405,
              43.32545953048103
            ],
            [
              5.3664395669998655,
              43.3301873131955
            ],
            [
              5.361648572805284,
              43.33319023350387
            ],
            [
              5.355426576469576,
              43.33146524897974
            ]
          ]
        ]
      },
      "properties": {
        "uuid": "4c2cd5c9-e455-4358-badd-9b65b6671ac0",
        "h3_index": "8839681541fffff",
        "city_code": "13055",
        "city_name": "Marseille",
        "latitude": 43.328462581185285,
        "longitude": 5.360217480286221,
        "manual_surge": 0,
        "available": true,
        "status": "active",
        "dept_code": "13",
        "id": "MAR-13-13055"
      }
    },
    {
      "type": "Feature",
      "geometry": {
        "type": "Polygon",
        "coordinates": [
          [
            [
              5.391415621822061,
              43.224452191397916
            ],
            [
              5.389984399329161,
              43.219720508822064
            ],
            [
              5.394768773660503,
              43.21671116947369
            ],
            [
              5.4009847312843045,
              43.21843339017175
            ],
            [
              5.402416675054178,
              43.223165170439046
            ],
            [
              5.3976319399404264,
              43.22617463233466
            ],
            [
              5.391415621822061,
              43.224452191397916
            ]
          ]
        ]
      },
      "properties": {
        "uuid": "325b505f-ff1b-42a2-80ca-cd26d3d7174b",
        "h3_index": "88396800cdfffff",
        "city_code": "13055",
        "city_name": "Marseille",
        "latitude": 43.22144298183125,
        "longitude": 5.396200267479452,
        "manual_surge": 0,
        "available": true,
        "status": "active",
        "dept_code": "13",
        "id": "MAR-13-13055"
      }
    },
    {
      "type": "Feature",
      "geometry": {
        "type": "Polygon",
        "coordinates": [
          [
            [
              5.505335549639841,
              43.29927971448256
            ],
            [
              5.503895326402928,
              43.294550182731484
            ],
            [
              5.508683830057137,
              43.29153809910798
            ],
            [
              5.51491291569151,
              43.29325542400288
            ],
            [
              5.5163538613537515,
              43.297985051738124
            ],
            [
              5.511564998973936,
              43.30099725861224
            ],
            [
              5.505335549639841,
              43.29927971448256
            ]
          ]
        ]
      },
      "properties": {
        "uuid": "1aacbe78-fc57-4bd3-83b6-78879264933f",
        "h3_index": "883968066bfffff",
        "city_code": "13055",
        "city_name": "Marseille",
        "latitude": 43.29626776050984,
        "longitude": 5.510124324586306,
        "manual_surge": 0,
        "available": true,
        "status": "active",
        "dept_code": "13",
        "id": "MAR-13-13055"
      }
    },
    {
      "type": "Feature",
      "geometry": {
        "type": "Polygon",
        "coordinates": [
          [
            [
              5.401894065298142,
              43.29669235568556
            ],
            [
              5.400460882740953,
              43.29196320531192
            ],
            [
              5.405249422486423,
              43.28895644945585
            ],
            [
              5.411471505971,
              43.29067872149153
            ],
            [
              5.412905411053,
              43.29540796918188
            ],
            [
              5.4081165101428414,
              43.298414847537714
            ],
            [
              5.401894065298142,
              43.29669235568556
            ]
          ]
        ]
      },
      "properties": {
        "uuid": "99954829-84ec-4f9f-8eb0-be04a3cd2560",
        "h3_index": "8839681533fffff",
        "city_code": "13055",
        "city_name": "Marseille",
        "latitude": 43.29368572989514,
        "longitude": 5.406682876796254,
        "manual_surge": 0,
        "available": true,
        "status": "active",
        "dept_code": "13",
        "id": "MAR-13-13055"
      }
    },
    {
      "type": "Feature",
      "geometry": {
        "type": "Polygon",
        "coordinates": [
          [
            [
              5.404728908301244,
              43.36244233531157
            ],
            [
              5.403294391893799,
              43.35771553392022
            ],
            [
              5.408086742301698,
              43.354711488963076
            ],
            [
              5.414313970807264,
              43.356434123005194
            ],
            [
              5.415749210887582,
              43.36116102145598
            ],
            [
              5.41095649880674,
              43.364165188823115
            ],
            [
              5.404728908301244,
              43.36244233531157
            ]
          ]
        ]
      },
      "properties": {
        "uuid": "5e3c2920-7632-449b-8e09-42bbcc6b348d",
        "h3_index": "883968146bfffff",
        "city_code": "13055",
        "city_name": "Marseille",
        "latitude": 43.359438420704066,
        "longitude": 5.409521530881982,
        "manual_surge": 0,
        "available": true,
        "status": "active",
        "dept_code": "13",
        "id": "MAR-13-13055"
      }
    },
    {
      "type": "Feature",
      "geometry": {
        "type": "Polygon",
        "coordinates": [
          [
            [
              5.423917293121473,
              43.294122409507004
            ],
            [
              5.422482665551908,
              43.289393064636535
            ],
            [
              5.427271019027755,
              43.28638503850002
            ],
            [
              5.433494360709472,
              43.28810623458656
            ],
            [
              5.434929710729219,
              43.29283567650056
            ],
            [
              5.430140996634344,
              43.295843825302384
            ],
            [
              5.423917293121473,
              43.294122409507004
            ]
          ]
        ]
      },
      "properties": {
        "uuid": "327e75d5-cb09-4f13-a393-8c6212f1fc7f",
        "h3_index": "88396815e7fffff",
        "city_code": "13055",
        "city_name": "Marseille",
        "latitude": 43.29111451333372,
        "longitude": 5.428705918231887,
        "manual_surge": 0,
        "available": true,
        "status": "active",
        "dept_code": "13",
        "id": "MAR-13-13055"
      }
    },
    {
      "type": "Feature",
      "geometry": {
        "type": "Polygon",
        "coordinates": [
          [
            [
              5.44689903989033,
              43.31347255945943
            ],
            [
              5.445462521582037,
              43.30874380277971
            ],
            [
              5.450251956537481,
              43.30573540851208
            ],
            [
              5.456478270059924,
              43.30745564814152
            ],
            [
              5.457915511125293,
              43.31218450150599
            ],
            [
              5.4531257159285635,
              43.31519301857416
            ],
            [
              5.44689903989033,
              43.31347255945943
            ]
          ]
        ]
      },
      "properties": {
        "uuid": "55a37ad6-64cd-4e8b-9532-f6ebf241a0dc",
        "h3_index": "8839681589fffff",
        "city_code": "13055",
        "city_name": "Marseille",
        "latitude": 43.31046429514756,
        "longitude": 5.451688746501784,
        "manual_surge": 0,
        "available": true,
        "status": "active",
        "dept_code": "13",
        "id": "MAR-13-13055"
      }
    },
    {
      "type": "Feature",
      "geometry": {
        "type": "Polygon",
        "coordinates": [
          [
            [
              5.434929710729219,
              43.29283567650056
            ],
            [
              5.433494360709472,
              43.28810623458656
            ],
            [
              5.438282620497812,
              43.285097573292056
            ],
            [
              5.444506590669253,
              43.28681823118144
            ],
            [
              5.445942663101542,
              43.29154777000234
            ],
            [
              5.441154042967205,
              43.29455655404485
            ],
            [
              5.434929710729219,
              43.29283567650056
            ]
          ]
        ]
      },
      "properties": {
        "uuid": "aff3680b-5e5a-49a1-8052-486e47c6d45a",
        "h3_index": "88396815a9fffff",
        "city_code": "13055",
        "city_name": "Marseille",
        "latitude": 43.28982714511805,
        "longitude": 5.439718242092977,
        "manual_surge": 0,
        "available": true,
        "status": "active",
        "dept_code": "13",
        "id": "MAR-13-13055"
      }
    },
    {
      "type": "Feature",
      "geometry": {
        "type": "Polygon",
        "coordinates": [
          [
            [
              5.448338070748326,
              43.261878433838355
            ],
            [
              5.446902351769809,
              43.257147821716
            ],
            [
              5.451688794848976,
              43.254137111538576
            ],
            [
              5.457911316681635,
              43.25585689060256
            ],
            [
              5.459347757513238,
              43.26058759956329
            ],
            [
              5.454560954676493,
              43.263598432639526
            ],
            [
              5.448338070748326,
              43.261878433838355
            ]
          ]
        ]
      },
      "properties": {
        "uuid": "2c4f0fbf-a786-4aa0-a4c2-8f703baf3e0e",
        "h3_index": "8839680745fffff",
        "city_code": "13055",
        "city_name": "Marseille",
        "latitude": 43.25886785337751,
        "longitude": 5.45312478513783,
        "manual_surge": 0,
        "available": true,
        "status": "active",
        "dept_code": "13",
        "id": "MAR-13-13055"
      }
    },
    {
      "type": "Feature",
      "geometry": {
        "type": "Polygon",
        "coordinates": [
          [
            [
              5.335255136473351,
              43.37783119577394
            ],
            [
              5.333825056638112,
              43.37310527374155
            ],
            [
              5.338618412654218,
              43.37010555724911
            ],
            [
              5.344842211981606,
              43.3718316409326
            ],
            [
              5.346273015850317,
              43.376557660860016
            ],
            [
              5.341479296375164,
              43.37955749922684
            ],
            [
              5.335255136473351,
              43.37783119577394
            ]
          ]
        ]
      },
      "properties": {
        "uuid": "66d73dfe-eb26-4753-a7f1-4d932541e1fa",
        "h3_index": "8839681747fffff",
        "city_code": "13055",
        "city_name": "Marseille",
        "latitude": 43.37483160998605,
        "longitude": 5.340048765082203,
        "manual_surge": 0,
        "available": true,
        "status": "active",
        "dept_code": "13",
        "id": "MAR-13-13055"
      }
    },
    {
      "type": "Feature",
      "geometry": {
        "type": "Polygon",
        "coordinates": [
          [
            [
              5.404304665845191,
              43.267030042621414
            ],
            [
              5.402871834654771,
              43.262299819219116
            ],
            [
              5.407658651802564,
              43.259291648466665
            ],
            [
              5.413878661006322,
              43.261013578566356
            ],
            [
              5.415312214199795,
              43.26574389935361
            ],
            [
              5.4105250362036745,
              43.26875219267409
            ],
            [
              5.404304665845191,
              43.267030042621414
            ]
          ]
        ]
      },
      "properties": {
        "uuid": "1105bb70-476f-412b-8697-2002a3befd70",
        "h3_index": "883968028bfffff",
        "city_code": "13055",
        "city_name": "Marseille",
        "latitude": 43.26402200179064,
        "longitude": 5.409091754539562,
        "manual_surge": 0,
        "available": true,
        "status": "active",
        "dept_code": "13",
        "id": "MAR-13-13055"
      }
    },
    {
      "type": "Feature",
      "geometry": {
        "type": "Polygon",
        "coordinates": [
          [
            [
              5.444501643558781,
              43.343127973111166
            ],
            [
              5.443064771424727,
              43.33840029336759
            ],
            [
              5.447855931177345,
              43.33539331476681
            ],
            [
              5.454084323638673,
              43.3371138931943
            ],
            [
              5.455521919052502,
              43.341841669553816
            ],
            [
              5.45073039874267,
              43.34484877088784
            ],
            [
              5.444501643558781,
              43.343127973111166
            ]
          ]
        ]
      },
      "properties": {
        "uuid": "fb51dd84-053c-4fe7-a199-cea1448ec5f7",
        "h3_index": "8839681431fffff",
        "city_code": "13055",
        "city_name": "Marseille",
        "latitude": 43.34012112460953,
        "longitude": 5.449293075173674,
        "manual_surge": 0,
        "available": true,
        "status": "active",
        "dept_code": "13",
        "id": "MAR-13-13055"
      }
    },
    {
      "type": "Feature",
      "geometry": {
        "type": "Polygon",
        "coordinates": [
          [
            [
              5.489032007684256,
              43.26445150157599
            ],
            [
              5.487593493113132,
              43.259720795209496
            ],
            [
              5.492380010713658,
              43.25670805719727
            ],
            [
              5.498605401714648,
              43.2584259023783
            ],
            [
              5.500044638126232,
              43.26315670505352
            ],
            [
              5.495257761713925,
              43.26616956625689
            ],
            [
              5.489032007684256,
              43.26445150157599
            ]
          ]
        ]
      },
      "properties": {
        "uuid": "e2d17b06-61d7-4832-ac5c-57d731cab26a",
        "h3_index": "8839680757fffff",
        "city_code": "13055",
        "city_name": "Marseille",
        "latitude": 43.2614388931241,
        "longitude": 5.493818796424076,
        "manual_surge": 0,
        "available": true,
        "status": "active",
        "dept_code": "13",
        "id": "MAR-13-13055"
      }
    },
    {
      "type": "Feature",
      "geometry": {
        "type": "Polygon",
        "coordinates": [
          [
            [
              5.393709143463666,
              43.3637224745549
            ],
            [
              5.392275350766328,
              43.35899577035953
            ],
            [
              5.3970677939996285,
              43.35599236119679
            ],
            [
              5.403294391893799,
              43.35771553392022
            ],
            [
              5.404728908301244,
              43.36244233531157
            ],
            [
              5.399936103121651,
              43.36544586680141
            ],
            [
              5.393709143463666,
              43.3637224745549
            ]
          ]
        ]
      },
      "properties": {
        "uuid": "7cac0c86-7633-47e7-a71d-72e66f93676c",
        "h3_index": "8839681469fffff",
        "city_code": "13055",
        "city_name": "Marseille",
        "latitude": 43.36071919579292,
        "longitude": 5.398501858928921,
        "manual_surge": 0,
        "available": true,
        "status": "active",
        "dept_code": "13",
        "id": "MAR-13-13055"
      }
    },
    {
      "type": "Feature",
      "geometry": {
        "type": "Polygon",
        "coordinates": [
          [
            [
              5.473707068134814,
              43.25155280651646
            ],
            [
              5.4722698136753625,
              43.246821708660036
            ],
            [
              5.477055613273045,
              43.24380921689579
            ],
            [
              5.483279026412249,
              43.245527699904265
            ],
            [
              5.48471700250893,
              43.250258894308466
            ],
            [
              5.4799308438466605,
              43.253271509174304
            ],
            [
              5.473707068134814,
              43.25155280651646
            ]
          ]
        ]
      },
      "properties": {
        "uuid": "fecdbaa6-4f90-4e45-b6ec-e33d9c359131",
        "h3_index": "8839680701fffff",
        "city_code": "13055",
        "city_name": "Marseille",
        "latitude": 43.248540444317285,
        "longitude": 5.4784931388580915,
        "manual_surge": 0,
        "available": true,
        "status": "active",
        "dept_code": "13",
        "id": "MAR-13-13055"
      }
    },
    {
      "type": "Feature",
      "geometry": {
        "type": "Polygon",
        "coordinates": [
          [
            [
              5.338618412654218,
              43.37010555724911
            ],
            [
              5.337188239059477,
              43.36537934108078
            ],
            [
              5.341981140881542,
              43.36237911069974
            ],
            [
              5.348204579626472,
              43.36410497459299
            ],
            [
              5.349635477114784,
              43.36883128863959
            ],
            [
              5.344842211981606,
              43.3718316409326
            ],
            [
              5.338618412654218,
              43.37010555724911
            ]
          ]
        ]
      },
      "properties": {
        "uuid": "269eb118-d4b3-4968-a1b0-fd18187a65fd",
        "h3_index": "883968170dfffff",
        "city_code": "13055",
        "city_name": "Marseille",
        "latitude": 43.36710545752424,
        "longitude": 5.343411587002593,
        "manual_surge": 0,
        "available": true,
        "status": "active",
        "dept_code": "13",
        "id": "MAR-13-13055"
      }
    },
    {
      "type": "Feature",
      "geometry": {
        "type": "Polygon",
        "coordinates": [
          [
            [
              5.46700833959445,
              43.26703757352006
            ],
            [
              5.465571268819191,
              43.26230706018122
            ],
            [
              5.470357976945505,
              43.25929559213745
            ],
            [
              5.47658211522299,
              43.26101451442421
            ],
            [
              5.478019907915281,
              43.265745124345244
            ],
            [
              5.473232840430533,
              43.268756715415215
            ],
            [
              5.46700833959445,
              43.26703757352006
            ]
          ]
        ]
      },
      "properties": {
        "uuid": "5a190409-5424-4c1f-9cb0-a35a3e04cb22",
        "h3_index": "8839680743fffff",
        "city_code": "13055",
        "city_name": "Marseille",
        "latitude": 43.26402623513924,
        "longitude": 5.471795318978839,
        "manual_surge": 0,
        "available": true,
        "status": "active",
        "dept_code": "13",
        "id": "MAR-13-13055"
      }
    },
    {
      "type": "Feature",
      "geometry": {
        "type": "Polygon",
        "coordinates": [
          [
            [
              5.408604232959043,
              43.28121973783204
            ],
            [
              5.407170864965623,
              43.27649000199297
            ],
            [
              5.41195849682663,
              43.27348222105194
            ],
            [
              5.418179857568494,
              43.27520405339266
            ],
            [
              5.419613947807168,
              43.279933886514314
            ],
            [
              5.414825955075988,
              43.282941790030556
            ],
            [
              5.408604232959043,
              43.28121973783204
            ]
          ]
        ]
      },
      "properties": {
        "uuid": "66404f03-304d-4c06-abe4-0fcbe95b85f2",
        "h3_index": "88396802d1fffff",
        "city_code": "13055",
        "city_name": "Marseille",
        "latitude": 43.27821208685913,
        "longitude": 5.4133921364401605,
        "manual_surge": 0,
        "available": true,
        "status": "active",
        "dept_code": "13",
        "id": "MAR-13-13055"
      }
    },
    {
      "type": "Feature",
      "geometry": {
        "type": "Polygon",
        "coordinates": [
          [
            [
              5.348704953918392,
              43.34692379447166
            ],
            [
              5.347274499401306,
              43.34219669666629
            ],
            [
              5.352066038949358,
              43.33919492526545
            ],
            [
              5.358288395899238,
              43.34092012966307
            ],
            [
              5.3597195738903265,
              43.345647325296305
            ],
            [
              5.354927671474546,
              43.34864921872197
            ],
            [
              5.348704953918392,
              43.34692379447166
            ]
          ]
        ]
      },
      "properties": {
        "uuid": "14e91a4b-bfea-4c84-af5c-596fa3b62bfc",
        "h3_index": "8839681723fffff",
        "city_code": "13055",
        "city_name": "Marseille",
        "latitude": 43.34392215358164,
        "longitude": 5.353496765793577,
        "manual_surge": 0,
        "available": true,
        "status": "active",
        "dept_code": "13",
        "id": "MAR-13-13055"
      }
    },
    {
      "type": "Feature",
      "geometry": {
        "type": "Polygon",
        "coordinates": [
          [
            [
              5.381352890483884,
              43.2476704346056
            ],
            [
              5.37992194649202,
              43.242939627520464
            ],
            [
              5.3847076803441105,
              43.23993182420255
            ],
            [
              5.3909247194287415,
              43.24165470555437
            ],
            [
              5.3923563851158685,
              43.24638561038266
            ],
            [
              5.387570290040232,
              43.24939353613383
            ],
            [
              5.381352890483884,
              43.2476704346056
            ]
          ]
        ]
      },
      "properties": {
        "uuid": "54b145f7-4dbf-44a5-9f82-7dcf4f033445",
        "h3_index": "88396802a9fffff",
        "city_code": "13055",
        "city_name": "Marseille",
        "latitude": 43.244662761216375,
        "longitude": 5.386138895860452,
        "manual_surge": 0,
        "available": true,
        "status": "active",
        "dept_code": "13",
        "id": "MAR-13-13055"
      }
    },
    {
      "type": "Feature",
      "geometry": {
        "type": "Polygon",
        "coordinates": [
          [
            [
              5.408086742301698,
              43.354711488963076
            ],
            [
              5.406652133034056,
              43.34998439366503
            ],
            [
              5.411444028721946,
              43.34697983534858
            ],
            [
              5.41767089522005,
              43.34870224990059
            ],
            [
              5.419106228020455,
              43.35342944224125
            ],
            [
              5.414313970807264,
              43.356434123005194
            ],
            [
              5.408086742301698,
              43.354711488963076
            ]
          ]
        ]
      },
      "properties": {
        "uuid": "f42f3a3e-cfe3-44b2-8057-934cdea19ea6",
        "h3_index": "8839681463fffff",
        "city_code": "13055",
        "city_name": "Marseille",
        "latitude": 43.35170706094778,
        "longitude": 5.4128789100959835,
        "manual_surge": 0,
        "available": true,
        "status": "active",
        "dept_code": "13",
        "id": "MAR-13-13055"
      }
    },
    {
      "type": "Feature",
      "geometry": {
        "type": "Polygon",
        "coordinates": [
          [
            [
              5.279262116233868,
              43.36228163524878
            ],
            [
              5.277836097737089,
              43.35755542112614
            ],
            [
              5.2826286306125105,
              43.354557976555434
            ],
            [
              5.288847546650283,
              43.35628662463756
            ],
            [
              5.290274288976017,
              43.361012937423084
            ],
            [
              5.285481391451776,
              43.36401050348146
            ],
            [
              5.279262116233868,
              43.36228163524878
            ]
          ]
        ]
      },
      "properties": {
        "uuid": "c160c8d0-9bcd-4178-8c2b-e7d97911503f",
        "h3_index": "88396812bdfffff",
        "city_code": "13055",
        "city_name": "Marseille",
        "latitude": 43.35928432154366,
        "longitude": 5.284054921853822,
        "manual_surge": 0,
        "available": true,
        "status": "active",
        "dept_code": "13",
        "id": "MAR-13-13055"
      }
    },
    {
      "type": "Feature",
      "geometry": {
        "type": "Polygon",
        "coordinates": [
          [
            [
              5.44642624123376,
              43.2180053721804
            ],
            [
              5.444991412727446,
              43.2132732025135
            ],
            [
              5.449775321207289,
              43.21026069116332
            ],
            [
              5.4559944176323985,
              43.21198022653731
            ],
            [
              5.457429967229098,
              43.216712493212455
            ],
            [
              5.452645699327678,
              43.219725127523255
            ],
            [
              5.44642624123376,
              43.2180053721804
            ]
          ]
        ]
      },
      "properties": {
        "uuid": "469a8d79-5538-4566-ba5e-11776485aa73",
        "h3_index": "8839680099fffff",
        "city_code": "13055",
        "city_name": "Marseille",
        "latitude": 43.2149929903554,
        "longitude": 5.451210420745088,
        "manual_surge": 0,
        "available": true,
        "status": "active",
        "dept_code": "13",
        "id": "MAR-13-13055"
      }
    },
    {
      "type": "Feature",
      "geometry": {
        "type": "Polygon",
        "coordinates": [
          [
            [
              5.363079844178692,
              43.3379177227421
            ],
            [
              5.361648572805284,
              43.33319023350387
            ],
            [
              5.3664395669998655,
              43.3301873131955
            ],
            [
              5.372662195032352,
              43.33191175999773
            ],
            [
              5.37409418970342,
              43.33663934691053
            ],
            [
              5.369302833061408,
              43.33964238936441
            ],
            [
              5.363079844178692,
              43.3379177227421
            ]
          ]
        ]
      },
      "properties": {
        "uuid": "ac84eb9f-99fc-4139-81d6-117b4656e3e0",
        "h3_index": "883968154bfffff",
        "city_code": "13055",
        "city_name": "Marseille",
        "latitude": 43.334914932844924,
        "longitude": 5.36787111057528,
        "manual_surge": 0,
        "available": true,
        "status": "active",
        "dept_code": "13",
        "id": "MAR-13-13055"
      }
    },
    {
      "type": "Feature",
      "geometry": {
        "type": "Polygon",
        "coordinates": [
          [
            [
              5.419613947807168,
              43.279933886514314
            ],
            [
              5.418179857568494,
              43.27520405339266
            ],
            [
              5.4229673962875475,
              43.27219563745915
            ],
            [
              5.4291893858600515,
              43.2739169320072
            ],
            [
              5.430624198306657,
              43.27864686227482
            ],
            [
              5.42583629899013,
              43.28165540086631
            ],
            [
              5.419613947807168,
              43.279933886514314
            ]
          ]
        ]
      },
      "properties": {
        "uuid": "cf49fd1c-056f-484d-915b-728aaa2e83a1",
        "h3_index": "88396802d3fffff",
        "city_code": "13055",
        "city_name": "Marseille",
        "latitude": 43.27692560049767,
        "longitude": 5.424401758087328,
        "manual_surge": 0,
        "available": true,
        "status": "active",
        "dept_code": "13",
        "id": "MAR-13-13055"
      }
    },
    {
      "type": "Feature",
      "geometry": {
        "type": "Polygon",
        "coordinates": [
          [
            [
              5.436375726811918,
              43.24123459531989
            ],
            [
              5.434941174714037,
              43.23650330088486
            ],
            [
              5.439726444146561,
              43.23349232449779
            ],
            [
              5.445946625556458,
              43.23521251971658
            ],
            [
              5.447381899163621,
              43.23994391121168
            ],
            [
              5.442596269868945,
              43.24295501044575
            ],
            [
              5.436375726811918,
              43.24123459531989
            ]
          ]
        ]
      },
      "properties": {
        "uuid": "23e312f3-303b-482b-9c01-2a8858163d9e",
        "h3_index": "8839680765fffff",
        "city_code": "13055",
        "city_name": "Marseille",
        "latitude": 43.2382237486051,
        "longitude": 5.441161267474407,
        "manual_surge": 0,
        "available": true,
        "status": "active",
        "dept_code": "13",
        "id": "MAR-13-13055"
      }
    },
    {
      "type": "Feature",
      "geometry": {
        "type": "Polygon",
        "coordinates": [
          [
            [
              5.412905411053,
              43.29540796918188
            ],
            [
              5.411471505971,
              43.29067872149153
            ],
            [
              5.416259952765861,
              43.28767133050118
            ],
            [
              5.422482665551908,
              43.289393064636535
            ],
            [
              5.423917293121473,
              43.294122409507004
            ],
            [
              5.419128485434709,
              43.2971299230799
            ],
            [
              5.412905411053,
              43.29540796918188
            ]
          ]
        ]
      },
      "properties": {
        "uuid": "f2fe1431-8c29-4fad-bdd0-752f411282d1",
        "h3_index": "88396815e5fffff",
        "city_code": "13055",
        "city_name": "Marseille",
        "latitude": 43.29240070820598,
        "longitude": 5.417694129541512,
        "manual_surge": 0,
        "available": true,
        "status": "active",
        "dept_code": "13",
        "id": "MAR-13-13055"
      }
    },
    {
      "type": "Feature",
      "geometry": {
        "type": "Polygon",
        "coordinates": [
          [
            [
              5.37409418970342,
              43.33663934691053
            ],
            [
              5.372662195032352,
              43.33191175999773
            ],
            [
              5.377453097493277,
              43.328908204226785
            ],
            [
              5.3836763568171255,
              43.330632113158
            ],
            [
              5.385109074749164,
              43.33535979760887
            ],
            [
              5.3803178101135165,
              43.33836347560834
            ],
            [
              5.37409418970342,
              43.33663934691053
            ]
          ]
        ]
      },
      "properties": {
        "uuid": "defad8f8-21cb-43f2-96fd-c55fa2c8cd83",
        "h3_index": "883968155dfffff",
        "city_code": "13055",
        "city_name": "Marseille",
        "latitude": 43.33363592149965,
        "longitude": 5.378885364307542,
        "manual_surge": 0,
        "available": true,
        "status": "active",
        "dept_code": "13",
        "id": "MAR-13-13055"
      }
    },
    {
      "type": "Feature",
      "geometry": {
        "type": "Polygon",
        "coordinates": [
          [
            [
              5.450731801001721,
              43.23220090868105
            ],
            [
              5.449296435339189,
              43.22746922532941
            ],
            [
              5.454081156986715,
              43.22445710260159
            ],
            [
              5.460301603756818,
              43.22617654027588
            ],
            [
              5.461737690751268,
              43.23090832053368
            ],
            [
              5.456952609661087,
              43.23392056622891
            ],
            [
              5.450731801001721,
              43.23220090868105
            ]
          ]
        ]
      },
      "properties": {
        "uuid": "0849c31e-f858-4553-87cc-069f31a457b4",
        "h3_index": "883968072dfffff",
        "city_code": "13055",
        "city_name": "Marseille",
        "latitude": 43.22918891552522,
        "longitude": 5.4555167937539455,
        "manual_surge": 0,
        "available": true,
        "status": "active",
        "dept_code": "13",
        "id": "MAR-13-13055"
      }
    },
    {
      "type": "Feature",
      "geometry": {
        "type": "Polygon",
        "coordinates": [
          [
            [
              5.3055704767722105,
              43.37392132189162
            ],
            [
              5.304142475074665,
              43.369195400176466
            ],
            [
              5.30893564762056,
              43.3661970769076
            ],
            [
              5.315157186009436,
              43.367924553709514
            ],
            [
              5.316585911708621,
              43.3726505737121
            ],
            [
              5.311792375034161,
              43.37564901864326
            ],
            [
              5.3055704767722105,
              43.37392132189162
            ]
          ]
        ]
      },
      "properties": {
        "uuid": "990496fd-3474-4672-b56d-8058f16e8d51",
        "h3_index": "8839681297fffff",
        "city_code": "13055",
        "city_name": "Marseille",
        "latitude": 43.37092312943205,
        "longitude": 5.310363922020206,
        "manual_surge": 0,
        "available": true,
        "status": "active",
        "dept_code": "13",
        "id": "MAR-13-13055"
      }
    },
    {
      "type": "Feature",
      "geometry": {
        "type": "Polygon",
        "coordinates": [
          [
            [
              5.444986800396674,
              43.26961895172278
            ],
            [
              5.443551173569425,
              43.264888631958385
            ],
            [
              5.448338070748326,
              43.261878433838355
            ],
            [
              5.454560954676493,
              43.263598432639526
            ],
            [
              5.455997303496688,
              43.268328849259504
            ],
            [
              5.451210046413169,
              43.27133917024059
            ],
            [
              5.444986800396674,
              43.26961895172278
            ]
          ]
        ]
      },
      "properties": {
        "uuid": "42d6cf0d-e6d9-416e-9fce-8caf40a88396",
        "h3_index": "883968074dfffff",
        "city_code": "13055",
        "city_name": "Marseille",
        "latitude": 43.26660888336825,
        "longitude": 5.449773968952184,
        "manual_surge": 0,
        "available": true,
        "status": "active",
        "dept_code": "13",
        "id": "MAR-13-13055"
      }
    },
    {
      "type": "Feature",
      "geometry": {
        "type": "Polygon",
        "coordinates": [
          [
            [
              5.345343321266024,
              43.354651856361876
            ],
            [
              5.343912960330383,
              43.349925052306986
            ],
            [
              5.348704953918392,
              43.34692379447166
            ],
            [
              5.354927671474546,
              43.34864921872197
            ],
            [
              5.356358756024029,
              43.353376120621554
            ],
            [
              5.351566399420546,
              43.35637750044405
            ],
            [
              5.345343321266024,
              43.354651856361876
            ]
          ]
        ]
      },
      "properties": {
        "uuid": "0ca8c1f5-470e-44d0-b0d8-125e93fca497",
        "h3_index": "883968172bfffff",
        "city_code": "13055",
        "city_name": "Marseille",
        "latitude": 43.35165072908585,
        "longitude": 5.350135587247563,
        "manual_surge": 0,
        "available": true,
        "status": "active",
        "dept_code": "13",
        "id": "MAR-13-13055"
      }
    },
    {
      "type": "Feature",
      "geometry": {
        "type": "Polygon",
        "coordinates": [
          [
            [
              5.390883256631109,
              43.29797556917872
            ],
            [
              5.38945079663578,
              43.29324651625836
            ],
            [
              5.394239428963443,
              43.29024039552447
            ],
            [
              5.400460882740953,
              43.29196320531192
            ],
            [
              5.401894065298142,
              43.29669235568556
            ],
            [
              5.397105071533147,
              43.299698598836365
            ],
            [
              5.390883256631109,
              43.29797556917872
            ]
          ]
        ]
      },
      "properties": {
        "uuid": "59d18051-3f20-4981-ad76-b44fc84a7718",
        "h3_index": "8839681531fffff",
        "city_code": "13055",
        "city_name": "Marseille",
        "latitude": 43.29496957856169,
        "longitude": 5.39567216077035,
        "manual_surge": 0,
        "available": true,
        "status": "active",
        "dept_code": "13",
        "id": "MAR-13-13055"
      }
    },
    {
      "type": "Feature",
      "geometry": {
        "type": "Polygon",
        "coordinates": [
          [
            [
              5.499074378667211,
              43.24121875649551
            ],
            [
              5.497635589497583,
              43.23648717365048
            ],
            [
              5.502420743812841,
              43.233472900650476
            ],
            [
              5.50864504568659,
              43.235190087209254
            ],
            [
              5.51008455627677,
              43.239921766311305
            ],
            [
              5.505299043590227,
              43.24293616261547
            ],
            [
              5.499074378667211,
              43.24121875649551
            ]
          ]
        ]
      },
      "properties": {
        "uuid": "d387bbcc-4850-4610-bf31-e8ac9aff26d0",
        "h3_index": "883968073bfffff",
        "city_code": "13055",
        "city_name": "Marseille",
        "latitude": 43.238204612908895,
        "longitude": 5.503859803923002,
        "manual_surge": 0,
        "available": true,
        "status": "active",
        "dept_code": "13",
        "id": "MAR-13-13055"
      }
    },
    {
      "type": "Feature",
      "geometry": {
        "type": "Polygon",
        "coordinates": [
          [
            [
              5.364570745554677,
              43.286351417095474
            ],
            [
              5.36314026691211,
              43.281622071752274
            ],
            [
              5.367928267659019,
              43.27861683066104
            ],
            [
              5.374147109025271,
              43.280340812687136
            ],
            [
              5.3755783100607,
              43.28507025585911
            ],
            [
              5.370789947354073,
              43.288075619194096
            ],
            [
              5.364570745554677,
              43.286351417095474
            ]
          ]
        ]
      },
      "properties": {
        "uuid": "a534fbf8-6180-409a-9ffa-07d42688ee46",
        "h3_index": "8839681527fffff",
        "city_code": "13055",
        "city_name": "Marseille",
        "latitude": 43.28334630617717,
        "longitude": 5.36935901815702,
        "manual_surge": 0,
        "available": true,
        "status": "active",
        "dept_code": "13",
        "id": "MAR-13-13055"
      }
    },
    {
      "type": "Feature",
      "geometry": {
        "type": "Polygon",
        "coordinates": [
          [
            [
              5.41815695926528,
              43.33151410726844
            ],
            [
              5.416722071772193,
              43.32678613102248
            ],
            [
              5.421512603610094,
              43.323780033276684
            ],
            [
              5.427738384041093,
              43.325501789234714
            ],
            [
              5.4291739946467,
              43.33022986247263
            ],
            [
              5.424383101726094,
              43.33323608277844
            ],
            [
              5.41815695926528,
              43.33151410726844
            ]
          ]
        ]
      },
      "properties": {
        "uuid": "fb621fd4-d523-4600-871e-a4b1df432035",
        "h3_index": "8839681427fffff",
        "city_code": "13055",
        "city_name": "Marseille",
        "latitude": 43.32850813967812,
        "longitude": 5.422947763010366,
        "manual_surge": 0,
        "available": true,
        "status": "active",
        "dept_code": "13",
        "id": "MAR-13-13055"
      }
    },
    {
      "type": "Feature",
      "geometry": {
        "type": "Polygon",
        "coordinates": [
          [
            [
              5.399481775272351,
              43.326346466089376
            ],
            [
              5.398048241212754,
              43.321618390811416
            ],
            [
              5.402838504778285,
              43.31861305100969
            ],
            [
              5.409062663902102,
              43.32033566407188
            ],
            [
              5.410496921008819,
              43.32506383659796
            ],
            [
              5.4057062959618465,
              43.328069298831636
            ],
            [
              5.399481775272351,
              43.326346466089376
            ]
          ]
        ]
      },
      "properties": {
        "uuid": "c2922f24-be26-4e7a-a0b0-ff9bd582953d",
        "h3_index": "8839681519fffff",
        "city_code": "13055",
        "city_name": "Marseille",
        "latitude": 43.323341256496846,
        "longitude": 5.4042723107968484,
        "manual_surge": 0,
        "available": true,
        "status": "active",
        "dept_code": "13",
        "id": "MAR-13-13055"
      }
    },
    {
      "type": "Feature",
      "geometry": {
        "type": "Polygon",
        "coordinates": [
          [
            [
              5.427271019027755,
              43.28638503850002
            ],
            [
              5.42583629899013,
              43.28165540086631
            ],
            [
              5.430624198306657,
              43.27864686227482
            ],
            [
              5.4368471781499155,
              43.280367838631896
            ],
            [
              5.438282620497812,
              43.285097573292056
            ],
            [
              5.433494360709472,
              43.28810623458656
            ],
            [
              5.427271019027755,
              43.28638503850002
            ]
          ]
        ]
      },
      "properties": {
        "uuid": "c058be27-d087-4245-8cc6-c254c7807964",
        "h3_index": "88396815adfffff",
        "city_code": "13055",
        "city_name": "Marseille",
        "latitude": 43.283376629822946,
        "longitude": 5.43205918991255,
        "manual_surge": 0,
        "available": true,
        "status": "active",
        "dept_code": "13",
        "id": "MAR-13-13055"
      }
    },
    {
      "type": "Feature",
      "geometry": {
        "type": "Polygon",
        "coordinates": [
          [
            [
              5.48471700250893,
              43.250258894308466
            ],
            [
              5.483279026412249,
              43.245527699904265
            ],
            [
              5.48806473074106,
              43.24251457330423
            ],
            [
              5.494288769975462,
              43.24423251794223
            ],
            [
              5.495727467671064,
              43.24896380875748
            ],
            [
              5.490941404550874,
              43.25197705854158
            ],
            [
              5.48471700250893,
              43.250258894308466
            ]
          ]
        ]
      },
      "properties": {
        "uuid": "bbb2ae93-304e-4da3-aa5f-50bb69a1d762",
        "h3_index": "8839680703fffff",
        "city_code": "13055",
        "city_name": "Marseille",
        "latitude": 43.247245897222165,
        "longitude": 5.489502977903945,
        "manual_surge": 0,
        "available": true,
        "status": "active",
        "dept_code": "13",
        "id": "MAR-13-13055"
      }
    },
    {
      "type": "Feature",
      "geometry": {
        "type": "Polygon",
        "coordinates": [
          [
            [
              5.3765154517668465,
              43.30699124496948
            ],
            [
              5.375083807456533,
              43.30226258259945
            ],
            [
              5.379872985825794,
              43.29925760982223
            ],
            [
              5.386094170379734,
              43.300981177136606
            ],
            [
              5.38752653742855,
              43.30570993711344
            ],
            [
              5.38273699720201,
              43.30871503218696
            ],
            [
              5.3765154517668465,
              43.30699124496948
            ]
          ]
        ]
      },
      "properties": {
        "uuid": "228c4da8-0662-4acc-b250-b072d2e6cfb2",
        "h3_index": "8839681507fffff",
        "city_code": "13055",
        "city_name": "Marseille",
        "latitude": 43.30398640240898,
        "longitude": 5.381304902072811,
        "manual_surge": 0,
        "available": true,
        "status": "active",
        "dept_code": "13",
        "id": "MAR-13-13055"
      }
    },
    {
      "type": "Feature",
      "geometry": {
        "type": "Polygon",
        "coordinates": [
          [
            [
              5.379872985825794,
              43.29925760982223
            ],
            [
              5.378441248429235,
              43.29452865449166
            ],
            [
              5.3832299729707405,
              43.29152316886781
            ],
            [
              5.38945079663578,
              43.29324651625836
            ],
            [
              5.390883256631109,
              43.29797556917872
            ],
            [
              5.386094170379734,
              43.300981177136606
            ],
            [
              5.379872985825794,
              43.29925760982223
            ]
          ]
        ]
      },
      "properties": {
        "uuid": "883c6708-2165-4d2f-b70a-21cfef18161a",
        "h3_index": "883968153dfffff",
        "city_code": "13055",
        "city_name": "Marseille",
        "latitude": 43.2962522543664,
        "longitude": 5.38466198223772,
        "manual_surge": 0,
        "available": true,
        "status": "active",
        "dept_code": "13",
        "id": "MAR-13-13055"
      }
    },
    {
      "type": "Feature",
      "geometry": {
        "type": "Polygon",
        "coordinates": [
          [
            [
              5.428222251000109,
              43.30830946657554
            ],
            [
              5.4267870858138,
              43.303580610541516
            ],
            [
              5.4315762542668935,
              43.30057297434098
            ],
            [
              5.437800948564148,
              43.30229407151961
            ],
            [
              5.43923683644293,
              43.30702302449462
            ],
            [
              5.434447307349318,
              43.31003078336791
            ],
            [
              5.428222251000109,
              43.30830946657554
            ]
          ]
        ]
      },
      "properties": {
        "uuid": "ea826dd4-346d-4f07-bb02-92146c1d0605",
        "h3_index": "88396815ebfffff",
        "city_code": "13055",
        "city_name": "Marseille",
        "latitude": 43.30530196038449,
        "longitude": 5.433011691161284,
        "manual_surge": 0,
        "available": true,
        "status": "active",
        "dept_code": "13",
        "id": "MAR-13-13055"
      }
    },
    {
      "type": "Feature",
      "geometry": {
        "type": "Polygon",
        "coordinates": [
          [
            [
              5.36401418134958,
              43.3598279325841
            ],
            [
              5.362582466583733,
              43.355101226821674
            ],
            [
              5.367374731742326,
              43.35209921132578
            ],
            [
              5.373599074301648,
              43.35382377949452
            ],
            [
              5.375031512748204,
              43.35855058284559
            ],
            [
              5.370238884971853,
              43.361552720457205
            ],
            [
              5.36401418134958,
              43.3598279325841
            ]
          ]
        ]
      },
      "properties": {
        "uuid": "9f045293-fa1b-4aae-8dd6-f373ae2014bc",
        "h3_index": "8839681739fffff",
        "city_code": "13055",
        "city_name": "Marseille",
        "latitude": 43.35682604759383,
        "longitude": 5.368806718850521,
        "manual_surge": 0,
        "available": true,
        "status": "active",
        "dept_code": "13",
        "id": "MAR-13-13055"
      }
    },
    {
      "type": "Feature",
      "geometry": {
        "type": "Polygon",
        "coordinates": [
          [
            [
              5.350773188681824,
              43.22185047321009
            ],
            [
              5.349344758390452,
              43.21711889112585
            ],
            [
              5.354129046101855,
              43.21411157709212
            ],
            [
              5.360342125843485,
              43.215835722906704
            ],
            [
              5.361771277418885,
              43.22056740321134
            ],
            [
              5.356986627985606,
              43.22357483949882
            ],
            [
              5.350773188681824,
              43.22185047321009
            ]
          ]
        ]
      },
      "properties": {
        "uuid": "44d97c46-8c46-47c9-85ee-782c6a4269b5",
        "h3_index": "883968000bfffff",
        "city_code": "13055",
        "city_name": "Marseille",
        "latitude": 43.21884328911415,
        "longitude": 5.35555774788762,
        "manual_surge": 0,
        "available": true,
        "status": "active",
        "dept_code": "13",
        "id": "MAR-13-13055"
      }
    },
    {
      "type": "Feature",
      "geometry": {
        "type": "Polygon",
        "coordinates": [
          [
            [
              5.327601890594029,
              43.37137865221898
            ],
            [
              5.326172440929039,
              43.36665253406533
            ],
            [
              5.330965433361432,
              43.36365293940168
            ],
            [
              5.337188239059477,
              43.36537934108078
            ],
            [
              5.338618412654218,
              43.37010555724911
            ],
            [
              5.333825056638112,
              43.37310527374155
            ],
            [
              5.327601890594029,
              43.37137865221898
            ]
          ]
        ]
      },
      "properties": {
        "uuid": "66f5be31-0d94-4d2b-9efa-5d9384694c59",
        "h3_index": "883968176bfffff",
        "city_code": "13055",
        "city_name": "Marseille",
        "latitude": 43.368379188262544,
        "longitude": 5.332395155611386,
        "manual_surge": 0,
        "available": true,
        "status": "active",
        "dept_code": "13",
        "id": "MAR-13-13055"
      }
    },
    {
      "type": "Feature",
      "geometry": {
        "type": "Polygon",
        "coordinates": [
          [
            [
              5.3664395669998655,
              43.3301873131955
            ],
            [
              5.365008202303405,
              43.32545953048103
            ],
            [
              5.369798742464499,
              43.32245609689325
            ],
            [
              5.3760210096389764,
              43.324180323854655
            ],
            [
              5.377453097493277,
              43.328908204226785
            ],
            [
              5.372662195032352,
              43.33191175999773
            ],
            [
              5.3664395669998655,
              43.3301873131955
            ]
          ]
        ]
      },
      "properties": {
        "uuid": "a42dd5d0-541f-474f-a8f5-99c2cb508e1c",
        "h3_index": "8839681543fffff",
        "city_code": "13055",
        "city_name": "Marseille",
        "latitude": 43.327184009970345,
        "longitude": 5.371230379296648,
        "manual_surge": 0,
        "available": true,
        "status": "active",
        "dept_code": "13",
        "id": "MAR-13-13055"
      }
    },
    {
      "type": "Feature",
      "geometry": {
        "type": "Polygon",
        "coordinates": [
          [
            [
              5.2945555865587695,
              43.375190896920934
            ],
            [
              5.293128308898541,
              43.37046507362952
            ],
            [
              5.297921570947687,
              43.367467386037816
            ],
            [
              5.304142475074665,
              43.369195400176466
            ],
            [
              5.3055704767722105,
              43.37392132189162
            ],
            [
              5.300776850322277,
              43.3769191310623
            ],
            [
              5.2945555865587695,
              43.375190896920934
            ]
          ]
        ]
      },
      "properties": {
        "uuid": "96f9c5c8-be3c-44c4-bbe5-50f2bebff98e",
        "h3_index": "8839681295fffff",
        "city_code": "13055",
        "city_name": "Marseille",
        "latitude": 43.37219334018955,
        "longitude": 5.299349121368472,
        "manual_surge": 0,
        "available": true,
        "status": "active",
        "dept_code": "13",
        "id": "MAR-13-13055"
      }
    },
    {
      "type": "Feature",
      "geometry": {
        "type": "Polygon",
        "coordinates": [
          [
            [
              5.3832299729707405,
              43.29152316886781
            ],
            [
              5.381798142547086,
              43.28679392070581
            ],
            [
              5.386586413312267,
              43.28378792234374
            ],
            [
              5.3928068760807335,
              43.28551104978972
            ],
            [
              5.394239428963443,
              43.29024039552447
            ],
            [
              5.38945079663578,
              43.29324651625836
            ],
            [
              5.3832299729707405,
              43.29152316886781
            ]
          ]
        ]
      },
      "properties": {
        "uuid": "de4124e3-8090-4a00-a323-33753306149b",
        "h3_index": "8839681535fffff",
        "city_code": "13055",
        "city_name": "Marseille",
        "latitude": 43.28851730062501,
        "longitude": 5.388018515540064,
        "manual_surge": 0,
        "available": true,
        "status": "active",
        "dept_code": "13",
        "id": "MAR-13-13055"
      }
    },
    {
      "type": "Feature",
      "geometry": {
        "type": "Polygon",
        "coordinates": [
          [
            [
              5.407658651802564,
              43.259291648466665
            ],
            [
              5.406225727961002,
              43.2545611327673
            ],
            [
              5.411012091442557,
              43.251552449781975
            ],
            [
              5.417231739484089,
              43.253274159908
            ],
            [
              5.418665385189065,
              43.25800477297515
            ],
            [
              5.413878661006322,
              43.261013578566356
            ],
            [
              5.407658651802564,
              43.259291648466665
            ]
          ]
        ]
      },
      "properties": {
        "uuid": "053db35c-59fd-4e76-85db-b99c56f3839c",
        "h3_index": "8839680283fffff",
        "city_code": "13055",
        "city_name": "Marseille",
        "latitude": 43.25628309535413,
        "longitude": 5.412445286764467,
        "manual_surge": 0,
        "available": true,
        "status": "active",
        "dept_code": "13",
        "id": "MAR-13-13055"
      }
    },
    {
      "type": "Feature",
      "geometry": {
        "type": "Polygon",
        "coordinates": [
          [
            [
              5.361771277418885,
              43.22056740321134
            ],
            [
              5.360342125843485,
              43.215835722906704
            ],
            [
              5.365126322493006,
              43.212827774614276
            ],
            [
              5.371340032185368,
              43.214551384307576
            ],
            [
              5.3727699050084174,
              43.21928316269606
            ],
            [
              5.367985346908449,
              43.22229123332521
            ],
            [
              5.361771277418885,
              43.22056740321134
            ]
          ]
        ]
      },
      "properties": {
        "uuid": "d1f0f38a-6202-48f8-9ef0-a60bca744b0a",
        "h3_index": "883968001dfffff",
        "city_code": "13055",
        "city_name": "Marseille",
        "latitude": 43.21755958480541,
        "longitude": 5.3665557455042645,
        "manual_surge": 0,
        "available": true,
        "status": "active",
        "dept_code": "13",
        "id": "MAR-13-13055"
      }
    },
    {
      "type": "Feature",
      "geometry": {
        "type": "Polygon",
        "coordinates": [
          [
            [
              5.447855931177345,
              43.33539331476681
            ],
            [
              5.446418966721865,
              43.33066534142462
            ],
            [
              5.4512096715706875,
              43.327657849892965
            ],
            [
              5.457437701302209,
              43.32937820895075
            ],
            [
              5.458875388897269,
              43.33410627889196
            ],
            [
              5.454084323638673,
              43.3371138931943
            ],
            [
              5.447855931177345,
              43.33539331476681
            ]
          ]
        ]
      },
      "properties": {
        "uuid": "86c87ea3-37b8-4ec2-99e2-1435983f54a5",
        "h3_index": "8839681437fffff",
        "city_code": "13055",
        "city_name": "Marseille",
        "latitude": 43.33238595328571,
        "longitude": 5.45264690782202,
        "manual_surge": 0,
        "available": true,
        "status": "active",
        "dept_code": "13",
        "id": "MAR-13-13055"
      }
    },
    {
      "type": "Feature",
      "geometry": {
        "type": "Polygon",
        "coordinates": [
          [
            [
              5.4253700884581875,
              43.24252410713135
            ],
            [
              5.423936257907134,
              43.2377929098931
            ],
            [
              5.4287216209590685,
              43.23478256814308
            ],
            [
              5.434941174714037,
              43.23650330088486
            ],
            [
              5.436375726811918,
              43.24123459531989
            ],
            [
              5.431590003625284,
              43.244245059834206
            ],
            [
              5.4253700884581875,
              43.24252410713135
            ]
          ]
        ]
      },
      "properties": {
        "uuid": "e542a99f-6c0f-4844-9caa-397df92e6094",
        "h3_index": "88396802b3fffff",
        "city_code": "13055",
        "city_name": "Marseille",
        "latitude": 43.23951389510494,
        "longitude": 5.430155722799138,
        "manual_surge": 0,
        "available": true,
        "status": "active",
        "dept_code": "13",
        "id": "MAR-13-13055"
      }
    },
    {
      "type": "Feature",
      "geometry": {
        "type": "Polygon",
        "coordinates": [
          [
            [
              5.36270393213181,
              43.24249942336043
            ],
            [
              5.361274338468869,
              43.23776852017688
            ],
            [
              5.366059802481692,
              43.23476147374275
            ],
            [
              5.372275221794592,
              43.236485208204556
            ],
            [
              5.3737055370866145,
              43.24121620938711
            ],
            [
              5.368919711453684,
              43.2442233781267
            ],
            [
              5.36270393213181,
              43.24249942336043
            ]
          ]
        ]
      },
      "properties": {
        "uuid": "333d3b10-28ea-40de-b44a-784421040736",
        "h3_index": "883968005bfffff",
        "city_code": "13055",
        "city_name": "Marseille",
        "latitude": 43.23949250690852,
        "longitude": 5.367489667720251,
        "manual_surge": 0,
        "available": true,
        "status": "active",
        "dept_code": "13",
        "id": "MAR-13-13055"
      }
    },
    {
      "type": "Feature",
      "geometry": {
        "type": "Polygon",
        "coordinates": [
          [
            [
              5.3783912476462366,
              43.35082112831239
            ],
            [
              5.376958715978586,
              43.34609403113272
            ],
            [
              5.381750434942975,
              43.34309086648795
            ],
            [
              5.387975047789292,
              43.344814676804475
            ],
            [
              5.38940830296093,
              43.34954187141949
            ],
            [
              5.3846162217994165,
              43.35254515830053
            ],
            [
              5.3783912476462366,
              43.35082112831239
            ]
          ]
        ]
      },
      "properties": {
        "uuid": "bdbdfbc7-1d8a-4b88-8bc0-d17819cd239e",
        "h3_index": "8839681733fffff",
        "city_code": "13055",
        "city_name": "Marseille",
        "latitude": 43.34781809407365,
        "longitude": 5.383183238827676,
        "manual_surge": 0,
        "available": true,
        "status": "active",
        "dept_code": "13",
        "id": "MAR-13-13055"
      }
    },
    {
      "type": "Feature",
      "geometry": {
        "type": "Polygon",
        "coordinates": [
          [
            [
              5.385646794419661,
              43.26186188292912
            ],
            [
              5.384215314416048,
              43.257131562375044
            ],
            [
              5.389001862915103,
              43.25412414888978
            ],
            [
              5.395220252680693,
              43.25584693353619
            ],
            [
              5.39665245462176,
              43.26057735173121
            ],
            [
              5.391865544876932,
              43.26358488765673
            ],
            [
              5.385646794419661,
              43.26186188292912
            ]
          ]
        ]
      },
      "properties": {
        "uuid": "9c0a7b11-337b-454b-af15-99640fa05dd4",
        "h3_index": "883968028dfffff",
        "city_code": "13055",
        "city_name": "Marseille",
        "latitude": 43.258854599419124,
        "longitude": 5.390433614516776,
        "manual_surge": 0,
        "available": true,
        "status": "active",
        "dept_code": "13",
        "id": "MAR-13-13055"
      }
    },
    {
      "type": "Feature",
      "geometry": {
        "type": "Polygon",
        "coordinates": [
          [
            [
              5.4301262503799546,
              43.352146220870175
            ],
            [
              5.42869019408421,
              43.34741893162347
            ],
            [
              5.433481902821617,
              43.34441310182235
            ],
            [
              5.439710028850497,
              43.34613443867277
            ],
            [
              5.441146808603995,
              43.35086182468891
            ],
            [
              5.436354738888255,
              43.353867777103126
            ],
            [
              5.4301262503799546,
              43.352146220870175
            ]
          ]
        ]
      },
      "properties": {
        "uuid": "ed069151-8659-4055-9740-308ea14c283b",
        "h3_index": "8839681407fffff",
        "city_code": "13055",
        "city_name": "Marseille",
        "latitude": 43.34914052126792,
        "longitude": 5.434918231105378,
        "manual_surge": 0,
        "available": true,
        "status": "active",
        "dept_code": "13",
        "id": "MAR-13-13055"
      }
    },
    {
      "type": "Feature",
      "geometry": {
        "type": "Polygon",
        "coordinates": [
          [
            [
              5.48709797348799,
              43.22057362642575
            ],
            [
              5.4856603523662555,
              43.215841361091
            ],
            [
              5.490444335528458,
              43.212826823197084
            ],
            [
              5.496666298307365,
              43.21454442740312
            ],
            [
              5.498104640507004,
              43.21927678921653
            ],
            [
              5.493320298867388,
              43.22229145036312
            ],
            [
              5.48709797348799,
              43.22057362642575
            ]
          ]
        ]
      },
      "properties": {
        "uuid": "3a331138-2801-4823-a6b0-98f16b70cae3",
        "h3_index": "883968054bfffff",
        "city_code": "13055",
        "city_name": "Marseille",
        "latitude": 43.217559217900714,
        "longitude": 5.49188222751097,
        "manual_surge": 0,
        "available": true,
        "status": "active",
        "dept_code": "13",
        "id": "MAR-13-13055"
      }
    },
    {
      "type": "Feature",
      "geometry": {
        "type": "Polygon",
        "coordinates": [
          [
            [
              5.420563020477177,
              43.301858975057925
            ],
            [
              5.419128485434709,
              43.2971299230799
            ],
            [
              5.423917293121473,
              43.294122409507004
            ],
            [
              5.430140996634344,
              43.295843825302384
            ],
            [
              5.4315762542668935,
              43.30057297434098
            ],
            [
              5.4267870858138,
              43.303580610541516
            ],
            [
              5.420563020477177,
              43.301858975057925
            ]
          ]
        ]
      },
      "properties": {
        "uuid": "07fdee31-8938-496d-8fb3-487341f43763",
        "h3_index": "88396815e1fffff",
        "city_code": "13055",
        "city_name": "Marseille",
        "latitude": 43.298851591497,
        "longitude": 5.425352099864852,
        "manual_surge": 0,
        "available": true,
        "status": "active",
        "dept_code": "13",
        "id": "MAR-13-13055"
      }
    },
    {
      "type": "Feature",
      "geometry": {
        "type": "Polygon",
        "coordinates": [
          [
            [
              5.51008455627677,
              43.239921766311305
            ],
            [
              5.50864504568659,
              43.235190087209254
            ],
            [
              5.513430103901815,
              43.232175179423514
            ],
            [
              5.5196550308226895,
              43.233891827371195
            ],
            [
              5.521095262794728,
              43.238623602593464
            ],
            [
              5.516309846481651,
              43.24163863376572
            ],
            [
              5.51008455627677,
              43.239921766311305
            ]
          ]
        ]
      },
      "properties": {
        "uuid": "f596bc92-189f-45ef-bc01-41757975785b",
        "h3_index": "883968046dfffff",
        "city_code": "13055",
        "city_name": "Marseille",
        "latitude": 43.23690698788756,
        "longitude": 5.514869885372973,
        "manual_surge": 0,
        "available": true,
        "status": "active",
        "dept_code": "13",
        "id": "MAR-13-13055"
      }
    },
    {
      "type": "Feature",
      "geometry": {
        "type": "Polygon",
        "coordinates": [
          [
            [
              5.411012091442557,
              43.251552449781975
            ],
            [
              5.409579075008834,
              43.246821641915055
            ],
            [
              5.414364984875654,
              43.243812446805705
            ],
            [
              5.42058427174753,
              43.245533936937406
            ],
            [
              5.422018009905022,
              43.2502648421549
            ],
            [
              5.417231739484089,
              43.253274159908
            ],
            [
              5.411012091442557,
              43.251552449781975
            ]
          ]
        ]
      },
      "properties": {
        "uuid": "9dc0a9d2-a084-421f-b3e1-a61a88354f64",
        "h3_index": "88396802b9fffff",
        "city_code": "13055",
        "city_name": "Marseille",
        "latitude": 43.24854338449648,
        "longitude": 5.415798272723535,
        "manual_surge": 0,
        "available": true,
        "status": "active",
        "dept_code": "13",
        "id": "MAR-13-13055"
      }
    },
    {
      "type": "Feature",
      "geometry": {
        "type": "Polygon",
        "coordinates": [
          [
            [
              5.3970677939996285,
              43.35599236119679
            ],
            [
              5.395633908301996,
              43.35126536307789
            ],
            [
              5.40042589691128,
              43.348261440485366
            ],
            [
              5.406652133034056,
              43.34998439366503
            ],
            [
              5.408086742301698,
              43.354711488963076
            ],
            [
              5.403294391893799,
              43.35771553392022
            ],
            [
              5.3970677939996285,
              43.35599236119679
            ]
          ]
        ]
      },
      "properties": {
        "uuid": "03a5b55e-292c-4678-ada0-88221e026288",
        "h3_index": "8839681461fffff",
        "city_code": "13055",
        "city_name": "Marseille",
        "latitude": 43.35298856895654,
        "longitude": 5.401860054774418,
        "manual_surge": 0,
        "available": true,
        "status": "active",
        "dept_code": "13",
        "id": "MAR-13-13055"
      }
    },
    {
      "type": "Feature",
      "geometry": {
        "type": "Polygon",
        "coordinates": [
          [
            [
              5.486650434146903,
              43.29412536330855
            ],
            [
              5.485211564130467,
              43.28939573101671
            ],
            [
              5.489999804736199,
              43.28638440589647
            ],
            [
              5.4962272745021705,
              43.28810258996272
            ],
            [
              5.497666866880947,
              43.29283231849511
            ],
            [
              5.49287826714899,
              43.295843766738635
            ],
            [
              5.486650434146903,
              43.29412536330855
            ]
          ]
        ]
      },
      "properties": {
        "uuid": "d57410ba-f0f1-4e6a-83a0-37e72ebee3fa",
        "h3_index": "883968066dfffff",
        "city_code": "13055",
        "city_name": "Marseille",
        "latitude": 43.291114167892836,
        "longitude": 5.49143894609771,
        "manual_surge": 0,
        "available": true,
        "status": "active",
        "dept_code": "13",
        "id": "MAR-13-13055"
      }
    },
    {
      "type": "Feature",
      "geometry": {
        "type": "Polygon",
        "coordinates": [
          [
            [
              5.367374731742326,
              43.35209921132578
            ],
            [
              5.365942923615447,
              43.347372211717904
            ],
            [
              5.370734734490011,
              43.34436968268907
            ],
            [
              5.376958715978586,
              43.34609403113272
            ],
            [
              5.3783912476462366,
              43.35082112831239
            ],
            [
              5.373599074301648,
              43.35382377949452
            ],
            [
              5.367374731742326,
              43.35209921132578
            ]
          ]
        ]
      },
      "properties": {
        "uuid": "325482f9-3949-449a-8bc4-fe34e56ed654",
        "h3_index": "8839681731fffff",
        "city_code": "13055",
        "city_name": "Marseille",
        "latitude": 43.349096812754055,
        "longitude": 5.372166814892827,
        "manual_surge": 0,
        "available": true,
        "status": "active",
        "dept_code": "13",
        "id": "MAR-13-13055"
      }
    },
    {
      "type": "Feature",
      "geometry": {
        "type": "Polygon",
        "coordinates": [
          [
            [
              5.323314077728227,
              43.35719980782589
            ],
            [
              5.321885164128894,
              43.35247319986966
            ],
            [
              5.326677338954698,
              43.34947321317588
            ],
            [
              5.332898790957155,
              43.351199712635356
            ],
            [
              5.3343284282426815,
              43.35592641870911
            ],
            [
              5.329535889856491,
              43.358926527223765
            ],
            [
              5.323314077728227,
              43.35719980782589
            ]
          ]
        ]
      },
      "properties": {
        "uuid": "067555be-155e-4906-a817-83354e624229",
        "h3_index": "8839681767fffff",
        "city_code": "13055",
        "city_name": "Marseille",
        "latitude": 43.35419995179355,
        "longitude": 5.328106525064812,
        "manual_surge": 0,
        "available": true,
        "status": "active",
        "dept_code": "13",
        "id": "MAR-13-13055"
      }
    },
    {
      "type": "Feature",
      "geometry": {
        "type": "Polygon",
        "coordinates": [
          [
            [
              5.386586413312267,
              43.28378792234374
            ],
            [
              5.385154489920637,
              43.27905838147953
            ],
            [
              5.389942306960922,
              43.276051870487706
            ],
            [
              5.3961624088251785,
              43.27777477796839
            ],
            [
              5.397595054536193,
              43.28250441638832
            ],
            [
              5.3928068760807335,
              43.28551104978972
            ],
            [
              5.386586413312267,
              43.28378792234374
            ]
          ]
        ]
      },
      "properties": {
        "uuid": "15ec5ee3-a079-4d92-8434-4ff4712c57da",
        "h3_index": "88396802cbfffff",
        "city_code": "13055",
        "city_name": "Marseille",
        "latitude": 43.280781541422456,
        "longitude": 5.391374502090455,
        "manual_surge": 0,
        "available": true,
        "status": "active",
        "dept_code": "13",
        "id": "MAR-13-13055"
      }
    },
    {
      "type": "Feature",
      "geometry": {
        "type": "Polygon",
        "coordinates": [
          [
            [
              5.443076615583683,
              43.22574925003829
            ],
            [
              5.441641879154647,
              43.221017371985496
            ],
            [
              5.44642624123376,
              43.2180053721804
            ],
            [
              5.452645699327678,
              43.219725127523255
            ],
            [
              5.454081156986715,
              43.22445710260159
            ],
            [
              5.449296435339189,
              43.22746922532941
            ],
            [
              5.443076615583683,
              43.22574925003829
            ]
          ]
        ]
      },
      "properties": {
        "uuid": "2bf487e5-4cb8-4f61-a6b0-b964a9e55b61",
        "h3_index": "88396800d3fffff",
        "city_code": "13055",
        "city_name": "Marseille",
        "latitude": 43.222737379807434,
        "longitude": 5.447861248760438,
        "manual_surge": 0,
        "available": true,
        "status": "active",
        "dept_code": "13",
        "id": "MAR-13-13055"
      }
    },
    {
      "type": "Feature",
      "geometry": {
        "type": "Polygon",
        "coordinates": [
          [
            [
              5.497666866880947,
              43.29283231849511
            ],
            [
              5.4962272745021705,
              43.28810258996272
            ],
            [
              5.501015419303958,
              43.28509062954494
            ],
            [
              5.507243515354581,
              43.286808274471774
            ],
            [
              5.508683830057137,
              43.29153809910798
            ],
            [
              5.503895326402928,
              43.294550182731484
            ],
            [
              5.497666866880947,
              43.29283231849511
            ]
          ]
        ]
      },
      "properties": {
        "uuid": "4356d239-a134-4337-a8a6-741aabdb04b8",
        "h3_index": "8839680661fffff",
        "city_code": "13055",
        "city_name": "Marseille",
        "latitude": 43.289820487730594,
        "longitude": 5.502455282968255,
        "manual_surge": 0,
        "available": true,
        "status": "active",
        "dept_code": "13",
        "id": "MAR-13-13055"
      }
    },
    {
      "type": "Feature",
      "geometry": {
        "type": "Polygon",
        "coordinates": [
          [
            [
              5.3343284282426815,
              43.35592641870911
            ],
            [
              5.332898790957155,
              43.351199712635356
            ],
            [
              5.337690875348502,
              43.34819909037735
            ],
            [
              5.343912960330383,
              43.349925052306986
            ],
            [
              5.345343321266024,
              43.354651856361876
            ],
            [
              5.340550873586667,
              43.35765260052391
            ],
            [
              5.3343284282426815,
              43.35592641870911
            ]
          ]
        ]
      },
      "properties": {
        "uuid": "8e83fa1c-db20-4340-8c5e-0811ab33c382",
        "h3_index": "8839681729fffff",
        "city_code": "13055",
        "city_name": "Marseille",
        "latitude": 43.3529259270615,
        "longitude": 5.339120785086227,
        "manual_surge": 0,
        "available": true,
        "status": "active",
        "dept_code": "13",
        "id": "MAR-13-13055"
      }
    },
    {
      "type": "Feature",
      "geometry": {
        "type": "Polygon",
        "coordinates": [
          [
            [
              5.426320298317636,
              43.264456583573825
            ],
            [
              5.424886023158357,
              43.259726165538254
            ],
            [
              5.429672654008001,
              43.25671672509653
            ],
            [
              5.435893920337411,
              43.258437579974725
            ],
            [
              5.437328917425084,
              43.263168095122
            ],
            [
              5.432541926272261,
              43.26617765829725
            ],
            [
              5.426320298317636,
              43.264456583573825
            ]
          ]
        ]
      },
      "properties": {
        "uuid": "7ec5d3e8-e70c-4d2d-a081-55ca59869347",
        "h3_index": "8839680291fffff",
        "city_code": "13055",
        "city_name": "Marseille",
        "latitude": 43.261447272951244,
        "longitude": 5.431107200595866,
        "manual_surge": 0,
        "available": true,
        "status": "active",
        "dept_code": "13",
        "id": "MAR-13-13055"
      }
    },
    {
      "type": "Feature",
      "geometry": {
        "type": "Polygon",
        "coordinates": [
          [
            [
              5.470357976945505,
              43.25929559213745
            ],
            [
              5.468920814298705,
              43.25456478647501
            ],
            [
              5.473707068134814,
              43.25155280651646
            ],
            [
              5.4799308438466605,
              43.253271509174304
            ],
            [
              5.481368728270582,
              43.25800241140174
            ],
            [
              5.47658211522299,
              43.26101451442421
            ],
            [
              5.470357976945505,
              43.25929559213745
            ]
          ]
        ]
      },
      "properties": {
        "uuid": "fba47a87-3397-4cf7-a99f-cd6ff0dc8c16",
        "h3_index": "8839680709fffff",
        "city_code": "13055",
        "city_name": "Marseille",
        "latitude": 43.256283741792906,
        "longitude": 5.475144501973419,
        "manual_surge": 0,
        "available": true,
        "status": "active",
        "dept_code": "13",
        "id": "MAR-13-13055"
      }
    },
    {
      "type": "Feature",
      "geometry": {
        "type": "Polygon",
        "coordinates": [
          [
            [
              5.372608229814767,
              43.388184733072514
            ],
            [
              5.371175440641379,
              43.3834590088015
            ],
            [
              5.375969340224038,
              43.380457776568015
            ],
            [
              5.382196391660192,
              43.38218214649167
            ],
            [
              5.383629905001023,
              43.38690796814546
            ],
            [
              5.378835642755434,
              43.389909322510725
            ],
            [
              5.372608229814767,
              43.388184733072514
            ]
          ]
        ]
      },
      "properties": {
        "uuid": "fb4d52db-eba8-4261-b599-e66fac10b4ef",
        "h3_index": "8839681753fffff",
        "city_code": "13055",
        "city_name": "Marseille",
        "latitude": 43.385183631436064,
        "longitude": 5.377402401887775,
        "manual_surge": 0,
        "available": true,
        "status": "active",
        "dept_code": "13",
        "id": "MAR-13-13055"
      }
    },
    {
      "type": "Feature",
      "geometry": {
        "type": "Polygon",
        "coordinates": [
          [
            [
              5.5163538613537515,
              43.297985051738124
            ],
            [
              5.51491291569151,
              43.29325542400288
            ],
            [
              5.519701322899117,
              43.29024270498848
            ],
            [
              5.525931034238179,
              43.291959490394234
            ],
            [
              5.527372702286915,
              43.29668921397687
            ],
            [
              5.522583936627777,
              43.29970205632426
            ],
            [
              5.5163538613537515,
              43.297985051738124
            ]
          ]
        ]
      },
      "properties": {
        "uuid": "f6946496-b9c8-455e-b471-4430dc6ef17f",
        "h3_index": "883968060dfffff",
        "city_code": "13055",
        "city_name": "Marseille",
        "latitude": 43.294972462323194,
        "longitude": 5.521142539793934,
        "manual_surge": 0,
        "available": true,
        "status": "active",
        "dept_code": "13",
        "id": "MAR-13-13055"
      }
    },
    {
      "type": "Feature",
      "geometry": {
        "type": "Polygon",
        "coordinates": [
          [
            [
              5.4258186197891085,
              43.337963862512716
            ],
            [
              5.424383101726094,
              43.33323608277844
            ],
            [
              5.4291739946467,
              43.33022986247263
            ],
            [
              5.435400766604492,
              43.33195129931373
            ],
            [
              5.43683700788258,
              43.336679175920274
            ],
            [
              5.432045754005142,
              43.33968551883135
            ],
            [
              5.4258186197891085,
              43.337963862512716
            ]
          ]
        ]
      },
      "properties": {
        "uuid": "0388c69b-68cb-4850-ba89-5182596c3607",
        "h3_index": "8839681423fffff",
        "city_code": "13055",
        "city_name": "Marseille",
        "latitude": 43.3349577723598,
        "longitude": 5.430609784624103,
        "manual_surge": 0,
        "available": true,
        "status": "active",
        "dept_code": "13",
        "id": "MAR-13-13055"
      }
    },
    {
      "type": "Feature",
      "geometry": {
        "type": "Polygon",
        "coordinates": [
          [
            [
              5.356922056401997,
              43.27989755267667
            ],
            [
              5.355492206861171,
              43.275168012674534
            ],
            [
              5.3602798455236345,
              43.27216289378195
            ],
            [
              5.366497695828392,
              43.27388719271073
            ],
            [
              5.367928267659019,
              43.27861683066104
            ],
            [
              5.36314026691211,
              43.281622071752274
            ],
            [
              5.356922056401997,
              43.27989755267667
            ]
          ]
        ]
      },
      "properties": {
        "uuid": "2ccde126-0c8e-4584-af0d-c9b02d2b6060",
        "h3_index": "883968021bfffff",
        "city_code": "13055",
        "city_name": "Marseille",
        "latitude": 43.27689256395942,
        "longitude": 5.36170996691233,
        "manual_surge": 0,
        "available": true,
        "status": "active",
        "dept_code": "13",
        "id": "MAR-13-13055"
      }
    },
    {
      "type": "Feature",
      "geometry": {
        "type": "Polygon",
        "coordinates": [
          [
            [
              5.394239428963443,
              43.29024039552447
            ],
            [
              5.3928068760807335,
              43.28551104978972
            ],
            [
              5.397595054536193,
              43.28250441638832
            ],
            [
              5.403816147181572,
              43.28422700628488
            ],
            [
              5.405249422486423,
              43.28895644945585
            ],
            [
              5.400460882740953,
              43.29196320531192
            ],
            [
              5.394239428963443,
              43.29024039552447
            ]
          ]
        ]
      },
      "properties": {
        "uuid": "803a42d7-936e-487e-b939-8a9d1ebd8bdd",
        "h3_index": "8839681537fffff",
        "city_code": "13055",
        "city_name": "Marseille",
        "latitude": 43.28723389219116,
        "longitude": 5.399027879164201,
        "manual_surge": 0,
        "available": true,
        "status": "active",
        "dept_code": "13",
        "id": "MAR-13-13055"
      }
    },
    {
      "type": "Feature",
      "geometry": {
        "type": "Polygon",
        "coordinates": [
          [
            [
              5.414364984875654,
              43.243812446805705
            ],
            [
              5.412931875908777,
              43.23908134690085
            ],
            [
              5.417717332212355,
              43.23607163977643
            ],
            [
              5.423936257907134,
              43.2377929098931
            ],
            [
              5.4253700884581875,
              43.24252410713135
            ],
            [
              5.42058427174753,
              43.245533936937406
            ],
            [
              5.414364984875654,
              43.243812446805705
            ]
          ]
        ]
      },
      "properties": {
        "uuid": "bb020f85-8f95-447f-921d-48bc082e30ed",
        "h3_index": "88396802b1fffff",
        "city_code": "13055",
        "city_name": "Marseille",
        "latitude": 43.24080286945618,
        "longitude": 5.4191507125272045,
        "manual_surge": 0,
        "available": true,
        "status": "active",
        "dept_code": "13",
        "id": "MAR-13-13055"
      }
    },
    {
      "type": "Feature",
      "geometry": {
        "type": "Polygon",
        "coordinates": [
          [
            [
              5.341052774789547,
              43.340470954642676
            ],
            [
              5.339622950120875,
              43.33574366116294
            ],
            [
              5.344414126676442,
              43.332742011741466
            ],
            [
              5.350635490910132,
              43.33446753383825
            ],
            [
              5.352066038949358,
              43.33919492526545
            ],
            [
              5.347274499401306,
              43.34219669666629
            ],
            [
              5.341052774789547,
              43.340470954642676
            ]
          ]
        ]
      },
      "properties": {
        "uuid": "e443d4ca-acd4-4707-ad01-589dc8120ba1",
        "h3_index": "8839681727fffff",
        "city_code": "13055",
        "city_name": "Marseille",
        "latitude": 43.33746943573461,
        "longitude": 5.345844223664566,
        "manual_surge": 0,
        "available": true,
        "status": "active",
        "dept_code": "13",
        "id": "MAR-13-13055"
      }
    },
    {
      "type": "Feature",
      "geometry": {
        "type": "Polygon",
        "coordinates": [
          [
            [
              5.5019867226207495,
              43.307020524630936
            ],
            [
              5.500546590908385,
              43.30229128589429
            ],
            [
              5.505335549639841,
              43.29927971448256
            ],
            [
              5.511564998973936,
              43.30099725861224
            ],
            [
              5.513005853251902,
              43.30572659335012
            ],
            [
              5.5082165356478,
              43.30873828797502
            ],
            [
              5.5019867226207495,
              43.307020524630936
            ]
          ]
        ]
      },
      "properties": {
        "uuid": "809dd05e-2039-4b37-8d9b-898cc126a63c",
        "h3_index": "8839680645fffff",
        "city_code": "13055",
        "city_name": "Marseille",
        "latitude": 43.30400908291875,
        "longitude": 5.506775952710821,
        "manual_surge": 0,
        "available": true,
        "status": "active",
        "dept_code": "13",
        "id": "MAR-13-13055"
      }
    },
    {
      "type": "Feature",
      "geometry": {
        "type": "Polygon",
        "coordinates": [
          [
            [
              5.368310399705004,
              43.3740070690927
            ],
            [
              5.3668781478784515,
              43.369280853784424
            ],
            [
              5.371671230138068,
              43.366279229851116
            ],
            [
              5.377896926881787,
              43.3680036991203
            ],
            [
              5.3793299026323975,
              43.37273001191432
            ],
            [
              5.374536457732374,
              43.37573175797131
            ],
            [
              5.368310399705004,
              43.3740070690927
            ]
          ]
        ]
      },
      "properties": {
        "uuid": "5eb5625c-a08d-448a-b8de-15c8b9d97a2c",
        "h3_index": "883968171dfffff",
        "city_code": "13055",
        "city_name": "Marseille",
        "latitude": 43.37100557571075,
        "longitude": 5.373103754380977,
        "manual_surge": 0,
        "available": true,
        "status": "active",
        "dept_code": "13",
        "id": "MAR-13-13055"
      }
    },
    {
      "type": "Feature",
      "geometry": {
        "type": "Polygon",
        "coordinates": [
          [
            [
              5.444031451361869,
              43.247686109954564
            ],
            [
              5.442596269868945,
              43.24295501044575
            ],
            [
              5.447381899163621,
              43.23994391121168
            ],
            [
              5.453603069705054,
              43.24166378861256
            ],
            [
              5.4550389728092945,
              43.24639498506203
            ],
            [
              5.45025298377815,
              43.24940620718787
            ],
            [
              5.444031451361869,
              43.247686109954564
            ]
          ]
        ]
      },
      "properties": {
        "uuid": "db25c54f-d3f3-41d4-bcd3-a2c09bd590c9",
        "h3_index": "8839680761fffff",
        "city_code": "13055",
        "city_name": "Marseille",
        "latitude": 43.244675140390505,
        "longitude": 5.448817351893611,
        "manual_surge": 0,
        "available": true,
        "status": "active",
        "dept_code": "13",
        "id": "MAR-13-13055"
      }
    },
    {
      "type": "Feature",
      "geometry": {
        "type": "Polygon",
        "coordinates": [
          [
            [
              5.468434225458905,
              43.215418442165
            ],
            [
              5.4669979548095915,
              43.2106860786183
            ],
            [
              5.471781674376197,
              43.20767229838864
            ],
            [
              5.478002023485956,
              43.20939075859786
            ],
            [
              5.479439015149845,
              43.214123218879365
            ],
            [
              5.474654936706857,
              43.2171371222347
            ],
            [
              5.468434225458905,
              43.215418442165
            ]
          ]
        ]
      },
      "properties": {
        "uuid": "fefaf38a-7b10-4c5f-b096-80480e51b242",
        "h3_index": "883968054dfffff",
        "city_code": "13055",
        "city_name": "Marseille",
        "latitude": 43.212404791357805,
        "longitude": 5.4732182159386795,
        "manual_surge": 0,
        "available": true,
        "status": "active",
        "dept_code": "13",
        "id": "MAR-13-13055"
      }
    },
    {
      "type": "Feature",
      "geometry": {
        "type": "Polygon",
        "coordinates": [
          [
            [
              5.291189054043921,
              43.38291359943334
            ],
            [
              5.289761870702433,
              43.378188070344756
            ],
            [
              5.2945555865587695,
              43.375190896920934
            ],
            [
              5.300776850322277,
              43.3769191310623
            ],
            [
              5.302204757840828,
              43.38164475859134
            ],
            [
              5.297410677435634,
              43.38464205355647
            ],
            [
              5.291189054043921,
              43.38291359943334
            ]
          ]
        ]
      },
      "properties": {
        "uuid": "83fb4990-ec1f-465a-974a-d7ce0eea39cc",
        "h3_index": "883968129dfffff",
        "city_code": "13055",
        "city_name": "Marseille",
        "latitude": 43.379916556918175,
        "longitude": 5.295983042727239,
        "manual_surge": 0,
        "available": true,
        "status": "active",
        "dept_code": "13",
        "id": "MAR-13-13055"
      }
    },
    {
      "type": "Feature",
      "geometry": {
        "type": "Polygon",
        "coordinates": [
          [
            [
              5.435389602975724,
              43.388237064978156
            ],
            [
              5.433952561890845,
              43.383511052811656
            ],
            [
              5.438746358235157,
              43.38050651794188
            ],
            [
              5.444977556850645,
              43.3822278726648
            ],
            [
              5.446415322019357,
              43.38695398141165
            ],
            [
              5.441621164506159,
              43.3899586388732
            ],
            [
              5.435389602975724,
              43.388237064978156
            ]
          ]
        ]
      },
      "properties": {
        "uuid": "273a8bff-6c2b-4b73-b155-b1b319e8ed33",
        "h3_index": "8839681459fffff",
        "city_code": "13055",
        "city_name": "Marseille",
        "latitude": 43.38523266044728,
        "longitude": 5.440183671521849,
        "manual_surge": 0,
        "available": true,
        "status": "active",
        "dept_code": "13",
        "id": "MAR-13-13055"
      }
    },
    {
      "type": "Feature",
      "geometry": {
        "type": "Polygon",
        "coordinates": [
          [
            [
              5.382689917150755,
              43.3650014393475
            ],
            [
              5.3812568482005325,
              43.36027483248462
            ],
            [
              5.386049383889982,
              43.35727205910377
            ],
            [
              5.392275350766328,
              43.35899577035953
            ],
            [
              5.393709143463666,
              43.3637224745549
            ],
            [
              5.388916245554724,
              43.36672537017993
            ],
            [
              5.382689917150755,
              43.3650014393475
            ]
          ]
        ]
      },
      "properties": {
        "uuid": "0ac30ba8-76f1-416a-82f2-4aafd7a67fc9",
        "h3_index": "8839681717fffff",
        "city_code": "13055",
        "city_name": "Marseille",
        "latitude": 43.361998796418504,
        "longitude": 5.387482725131148,
        "manual_surge": 0,
        "available": true,
        "status": "active",
        "dept_code": "13",
        "id": "MAR-13-13055"
      }
    },
    {
      "type": "Feature",
      "geometry": {
        "type": "Polygon",
        "coordinates": [
          [
            [
              5.498104640507004,
              43.21927678921653
            ],
            [
              5.496666298307365,
              43.21454442740312
            ],
            [
              5.501450185820988,
              43.21152925495996
            ],
            [
              5.507672773756199,
              43.21324632101299
            ],
            [
              5.509111836995298,
              43.21797877916823
            ],
            [
              5.504327591277299,
              43.220994074946475
            ],
            [
              5.498104640507004,
              43.21927678921653
            ]
          ]
        ]
      },
      "properties": {
        "uuid": "83330eea-778b-46c1-be08-2f6d27b21d4a",
        "h3_index": "883968055dfffff",
        "city_code": "13055",
        "city_name": "Marseille",
        "latitude": 43.216261746090844,
        "longitude": 5.502888798822003,
        "manual_surge": 0,
        "available": true,
        "status": "active",
        "dept_code": "13",
        "id": "MAR-13-13055"
      }
    },
    {
      "type": "Feature",
      "geometry": {
        "type": "Polygon",
        "coordinates": [
          [
            [
              5.3822911795190995,
              43.269598812262466
            ],
            [
              5.380859792445795,
              43.26486878403972
            ],
            [
              5.385646794419661,
              43.26186188292912
            ],
            [
              5.391865544876932,
              43.26358488765673
            ],
            [
              5.39329765402725,
              43.268315013537546
            ],
            [
              5.38851029066041,
              43.271322037050524
            ],
            [
              5.3822911795190995,
              43.269598812262466
            ]
          ]
        ]
      },
      "properties": {
        "uuid": "9248406f-5386-4650-b7d1-1aca7836bc3c",
        "h3_index": "88396802c7fffff",
        "city_code": "13055",
        "city_name": "Marseille",
        "latitude": 43.266592041175976,
        "longitude": 5.387078453157222,
        "manual_surge": 0,
        "available": true,
        "status": "active",
        "dept_code": "13",
        "id": "MAR-13-13055"
      }
    },
    {
      "type": "Feature",
      "geometry": {
        "type": "Polygon",
        "coordinates": [
          [
            [
              5.413852834531595,
              43.31732968884088
            ],
            [
              5.4124184847205195,
              43.312601223035124
            ],
            [
              5.417208200984111,
              43.30959473491506
            ],
            [
              5.423432628137116,
              43.31131659006626
            ],
            [
              5.424867700818102,
              43.3160451529666
            ],
            [
              5.4200776234935,
              43.319051763639045
            ],
            [
              5.413852834531595,
              43.31732968884088
            ]
          ]
        ]
      },
      "properties": {
        "uuid": "487e8f0d-0608-4866-b836-713f4a4c6590",
        "h3_index": "8839681513fffff",
        "city_code": "13055",
        "city_name": "Marseille",
        "latitude": 43.314323330830184,
        "longitude": 5.41864282262876,
        "manual_surge": 0,
        "available": true,
        "status": "active",
        "dept_code": "13",
        "id": "MAR-13-13055"
      }
    },
    {
      "type": "Feature",
      "geometry": {
        "type": "Polygon",
        "coordinates": [
          [
            [
              5.417208200984111,
              43.30959473491506
            ],
            [
              5.4157737585277985,
              43.30486597595864
            ],
            [
              5.420563020477177,
              43.301858975057925
            ],
            [
              5.4267870858138,
              43.303580610541516
            ],
            [
              5.428222251000109,
              43.30830946657554
            ],
            [
              5.423432628137116,
              43.31131659006626
            ],
            [
              5.417208200984111,
              43.30959473491506
            ]
          ]
        ]
      },
      "properties": {
        "uuid": "a94dd30d-c309-44ee-ae1b-e6c74ed802a5",
        "h3_index": "88396815e9fffff",
        "city_code": "13055",
        "city_name": "Marseille",
        "latitude": 43.30658786407504,
        "longitude": 5.421997734700723,
        "manual_surge": 0,
        "available": true,
        "status": "active",
        "dept_code": "13",
        "id": "MAR-13-13055"
      }
    },
    {
      "type": "Feature",
      "geometry": {
        "type": "Polygon",
        "coordinates": [
          [
            [
              5.4287216209590685,
              43.23478256814308
            ],
            [
              5.427287698073377,
              43.2300510790138
            ],
            [
              5.432072607518156,
              43.227040225428915
            ],
            [
              5.438291799853655,
              43.22876073818898
            ],
            [
              5.439726444146561,
              43.23349232449779
            ],
            [
              5.434941174714037,
              43.23650330088486
            ],
            [
              5.4287216209590685,
              43.23478256814308
            ]
          ]
        ]
      },
      "properties": {
        "uuid": "7683ec14-d7ee-4297-aad7-ccbe4ad163a9",
        "h3_index": "88396800d9fffff",
        "city_code": "13055",
        "city_name": "Marseille",
        "latitude": 43.23177184423283,
        "longitude": 5.433506801626694,
        "manual_surge": 0,
        "available": true,
        "status": "active",
        "dept_code": "13",
        "id": "MAR-13-13055"
      }
    },
    {
      "type": "Feature",
      "geometry": {
        "type": "Polygon",
        "coordinates": [
          [
            [
              5.377060594298346,
              43.233477527274985
            ],
            [
              5.375630186033267,
              43.228746234244944
            ],
            [
              5.380415105459178,
              43.22573804123428
            ],
            [
              5.3866307943684895,
              43.22746101884513
            ],
            [
              5.388061924086716,
              43.232192409720454
            ],
            [
              5.383276643459558,
              43.23520072515749
            ],
            [
              5.377060594298346,
              43.233477527274985
            ]
          ]
        ]
      },
      "properties": {
        "uuid": "5896a4ea-409b-4263-a03c-8015da9ece4e",
        "h3_index": "88396802a5fffff",
        "city_code": "13055",
        "city_name": "Marseille",
        "latitude": 43.230469464146346,
        "longitude": 5.38184578517512,
        "manual_surge": 0,
        "available": true,
        "status": "active",
        "dept_code": "13",
        "id": "MAR-13-13055"
      }
    },
    {
      "type": "Feature",
      "geometry": {
        "type": "Polygon",
        "coordinates": [
          [
            [
              5.4497712589054865,
              43.379222701657014
            ],
            [
              5.448333401341098,
              43.37449629857337
            ],
            [
              5.453126647989499,
              43.371490614127296
            ],
            [
              5.459358112966929,
              43.373211210071034
            ],
            [
              5.460796694436844,
              43.37793770958168
            ],
            [
              5.45600308704129,
              43.380943516739535
            ],
            [
              5.4497712589054865,
              43.379222701657014
            ]
          ]
        ]
      },
      "properties": {
        "uuid": "622e0583-eb24-4a3e-88db-697d58b25225",
        "h3_index": "8839681453fffff",
        "city_code": "13055",
        "city_name": "Marseille",
        "latitude": 43.37621714745032,
        "longitude": 5.454564777629775,
        "manual_surge": 0,
        "available": true,
        "status": "active",
        "dept_code": "13",
        "id": "MAR-13-13055"
      }
    },
    {
      "type": "Feature",
      "geometry": {
        "type": "Polygon",
        "coordinates": [
          [
            [
              5.454562864849701,
              43.319921578726884
            ],
            [
              5.4531257159285635,
              43.31519301857416
            ],
            [
              5.457915511125293,
              43.31218450150599
            ],
            [
              5.464142815375673,
              43.313904421762814
            ],
            [
              5.465580687156025,
              43.3186330784806
            ],
            [
              5.4607905318442445,
              43.32164171839443
            ],
            [
              5.454562864849701,
              43.319921578726884
            ]
          ]
        ]
      },
      "properties": {
        "uuid": "a15abfd1-db68-47e6-9c86-7aaae2821fe3",
        "h3_index": "88396815d5fffff",
        "city_code": "13055",
        "city_name": "Marseille",
        "latitude": 43.316913191611945,
        "longitude": 5.459352931709458,
        "manual_surge": 0,
        "available": true,
        "status": "active",
        "dept_code": "13",
        "id": "MAR-13-13055"
      }
    },
    {
      "type": "Feature",
      "geometry": {
        "type": "Polygon",
        "coordinates": [
          [
            [
              5.3597195738903265,
              43.345647325296305
            ],
            [
              5.358288395899238,
              43.34092012966307
            ],
            [
              5.363079844178692,
              43.3379177227421
            ],
            [
              5.369302833061408,
              43.33964238936441
            ],
            [
              5.370734734490011,
              43.34436968268907
            ],
            [
              5.365942923615447,
              43.347372211717904
            ],
            [
              5.3597195738903265,
              43.345647325296305
            ]
          ]
        ]
      },
      "properties": {
        "uuid": "6fb7be96-2b34-4e7f-bbf4-517bb27fe183",
        "h3_index": "8839681735fffff",
        "city_code": "13055",
        "city_name": "Marseille",
        "latitude": 43.34264504883507,
        "longitude": 5.364511294438155,
        "manual_surge": 0,
        "available": true,
        "status": "active",
        "dept_code": "13",
        "id": "MAR-13-13055"
      }
    },
    {
      "type": "Feature",
      "geometry": {
        "type": "Polygon",
        "coordinates": [
          [
            [
              5.4013705266096625,
              43.370172374157484
            ],
            [
              5.399936103121651,
              43.36544586680141
            ],
            [
              5.404728908301244,
              43.36244233531157
            ],
            [
              5.41095649880674,
              43.364165188823115
            ],
            [
              5.412391646107793,
              43.368891793255436
            ],
            [
              5.4075984791075715,
              43.37189544711785
            ],
            [
              5.4013705266096625,
              43.370172374157484
            ]
          ]
        ]
      },
      "properties": {
        "uuid": "846a20dc-c196-4711-9c93-ed4564b8bb1f",
        "h3_index": "8839681445fffff",
        "city_code": "13055",
        "city_name": "Marseille",
        "latitude": 43.36716897306571,
        "longitude": 5.406163604028545,
        "manual_surge": 0,
        "available": true,
        "status": "active",
        "dept_code": "13",
        "id": "MAR-13-13055"
      }
    },
    {
      "type": "Feature",
      "geometry": {
        "type": "Polygon",
        "coordinates": [
          [
            [
              5.4166981645871335,
              43.383070623783674
            ],
            [
              5.415262478966128,
              43.37834451080051
            ],
            [
              5.420056007661221,
              43.37534073452006
            ],
            [
              5.426285583563556,
              43.377062948777215
            ],
            [
              5.427721993203307,
              43.381789158597094
            ],
            [
              5.422928102939301,
              43.38479305734104
            ],
            [
              5.4166981645871335,
              43.383070623783674
            ]
          ]
        ]
      },
      "properties": {
        "uuid": "ac4889a9-d1ff-4fda-9a97-4c02d7073f79",
        "h3_index": "883968144bfffff",
        "city_code": "13055",
        "city_name": "Marseille",
        "latitude": 43.38006697789593,
        "longitude": 5.421491965536129,
        "manual_surge": 0,
        "available": true,
        "status": "active",
        "dept_code": "13",
        "id": "MAR-13-13055"
      }
    },
    {
      "type": "Feature",
      "geometry": {
        "type": "Polygon",
        "coordinates": [
          [
            [
              5.431079018612756,
              43.37405853645377
            ],
            [
              5.429642516355772,
              43.369332032391966
            ],
            [
              5.4344354962419965,
              43.36632710659694
            ],
            [
              5.440665339550014,
              43.368048562297965
            ],
            [
              5.442102565647865,
              43.37277516304313
            ],
            [
              5.437309224614213,
              43.37578021142183
            ],
            [
              5.431079018612756,
              43.37405853645377
            ]
          ]
        ]
      },
      "properties": {
        "uuid": "a11b9332-6b8f-4d86-84eb-67a3ff415a89",
        "h3_index": "8839681455fffff",
        "city_code": "13055",
        "city_name": "Marseille",
        "latitude": 43.371053740951915,
        "longitude": 5.4358722706271125,
        "manual_surge": 0,
        "available": true,
        "status": "active",
        "dept_code": "13",
        "id": "MAR-13-13055"
      }
    },
    {
      "type": "Feature",
      "geometry": {
        "type": "Polygon",
        "coordinates": [
          [
            [
              5.400006708854954,
              43.252838885306865
            ],
            [
              5.398574414182166,
              43.24810817492714
            ],
            [
              5.403360416837287,
              43.245099614502784
            ],
            [
              5.409579075008834,
              43.246821641915055
            ],
            [
              5.411012091442557,
              43.251552449781975
            ],
            [
              5.406225727961002,
              43.2545611327673
            ],
            [
              5.400006708854954,
              43.252838885306865
            ]
          ]
        ]
      },
      "properties": {
        "uuid": "e40376e9-1492-48bd-85f2-8ce2c33a28f7",
        "h3_index": "8839680287fffff",
        "city_code": "13055",
        "city_name": "Marseille",
        "latitude": 43.24983045475763,
        "longitude": 5.404792982983126,
        "manual_surge": 0,
        "available": true,
        "status": "active",
        "dept_code": "13",
        "id": "MAR-13-13055"
      }
    },
    {
      "type": "Feature",
      "geometry": {
        "type": "Polygon",
        "coordinates": [
          [
            [
              5.465580687156025,
              43.3186330784806
            ],
            [
              5.464142815375673,
              43.313904421762814
            ],
            [
              5.468932515791912,
              43.310895269205986
            ],
            [
              5.4751604478474345,
              43.31261465045668
            ],
            [
              5.476599042448935,
              43.31734340360291
            ],
            [
              5.4718089821912725,
              43.32035267908797
            ],
            [
              5.465580687156025,
              43.3186330784806
            ]
          ]
        ]
      },
      "properties": {
        "uuid": "2c91c4c2-8050-48d4-8b72-7222171b3c39",
        "h3_index": "88396815d7fffff",
        "city_code": "13055",
        "city_name": "Marseille",
        "latitude": 43.315624055825836,
        "longitude": 5.470370659175902,
        "manual_surge": 0,
        "available": true,
        "status": "active",
        "dept_code": "13",
        "id": "MAR-13-13055"
      }
    },
    {
      "type": "Feature",
      "geometry": {
        "type": "Polygon",
        "coordinates": [
          [
            [
              5.383769070679384,
              43.21799775150363
            ],
            [
              5.382338476645193,
              43.21326587516785
            ],
            [
              5.387122490069244,
              43.21025665832189
            ],
            [
              5.393337458451869,
              43.21197919532713
            ],
            [
              5.394768773660503,
              43.21671116947369
            ],
            [
              5.389984399329161,
              43.219720508822064
            ],
            [
              5.383769070679384,
              43.21799775150363
            ]
          ]
        ]
      },
      "properties": {
        "uuid": "d9dd6a3e-914d-4196-bbb7-ceffebd38c18",
        "h3_index": "8839680013fffff",
        "city_code": "13055",
        "city_name": "Marseille",
        "latitude": 43.21498866444168,
        "longitude": 5.388553355422096,
        "manual_surge": 0,
        "available": true,
        "status": "active",
        "dept_code": "13",
        "id": "MAR-13-13055"
      }
    },
    {
      "type": "Feature",
      "geometry": {
        "type": "Polygon",
        "coordinates": [
          [
            [
              5.437328917425084,
              43.263168095122
            ],
            [
              5.435893920337411,
              43.258437579974725
            ],
            [
              5.440680457485881,
              43.25542750467089
            ],
            [
              5.446902351769809,
              43.257147821716
            ],
            [
              5.448338070748326,
              43.261878433838355
            ],
            [
              5.443551173569425,
              43.264888631958385
            ],
            [
              5.437328917425084,
              43.263168095122
            ]
          ]
        ]
      },
      "properties": {
        "uuid": "1c9abd0e-9114-4873-86f9-dfd2ee20d738",
        "h3_index": "8839680293fffff",
        "city_code": "13055",
        "city_name": "Marseille",
        "latitude": 43.26015814958603,
        "longitude": 5.44211572594306,
        "manual_surge": 0,
        "available": true,
        "status": "active",
        "dept_code": "13",
        "id": "MAR-13-13055"
      }
    },
    {
      "type": "Feature",
      "geometry": {
        "type": "Polygon",
        "coordinates": [
          [
            [
              5.4583886047398344,
              43.23865205464743
            ],
            [
              5.456952609661087,
              43.23392056622891
            ],
            [
              5.461737690751268,
              43.23090832053368
            ],
            [
              5.467959126254414,
              43.23262744026272
            ],
            [
              5.469395842766904,
              43.23735902546797
            ],
            [
              5.464610402359957,
              43.240371394175334
            ],
            [
              5.4583886047398344,
              43.23865205464743
            ]
          ]
        ]
      },
      "properties": {
        "uuid": "909e36e5-68d9-4023-9896-bc48f644d28d",
        "h3_index": "8839680729fffff",
        "city_code": "13055",
        "city_name": "Marseille",
        "latitude": 43.235639938521906,
        "longitude": 5.463173956941733,
        "manual_surge": 0,
        "available": true,
        "status": "active",
        "dept_code": "13",
        "id": "MAR-13-13055"
      }
    },
    {
      "type": "Feature",
      "geometry": {
        "type": "Polygon",
        "coordinates": [
          [
            [
              5.421512603610094,
              43.323780033276684
            ],
            [
              5.4200776234935,
              43.319051763639045
            ],
            [
              5.424867700818102,
              43.3160451529666
            ],
            [
              5.431093119211883,
              43.3177666893521
            ],
            [
              5.432528822300978,
              43.322495055964716
            ],
            [
              5.427738384041093,
              43.325501789234714
            ],
            [
              5.421512603610094,
              43.323780033276684
            ]
          ]
        ]
      },
      "properties": {
        "uuid": "8608fa53-89a1-432a-96b5-a0d3498f2b32",
        "h3_index": "88396815cdfffff",
        "city_code": "13055",
        "city_name": "Marseille",
        "latitude": 43.32077355271106,
        "longitude": 5.426302952775492,
        "manual_surge": 0,
        "available": true,
        "status": "active",
        "dept_code": "13",
        "id": "MAR-13-13055"
      }
    },
    {
      "type": "Feature",
      "geometry": {
        "type": "Polygon",
        "coordinates": [
          [
            [
              5.2801738960772555,
              43.384181267166156
            ],
            [
              5.278747436948324,
              43.379455836654316
            ],
            [
              5.2835412418420145,
              43.37645929896364
            ],
            [
              5.289761870702433,
              43.378188070344756
            ],
            [
              5.291189054043921,
              43.38291359943334
            ],
            [
              5.286394884329221,
              43.38591025858196
            ],
            [
              5.2801738960772555,
              43.384181267166156
            ]
          ]
        ]
      },
      "properties": {
        "uuid": "a5e1fff9-657a-4b70-a57b-792124bf367e",
        "h3_index": "883968128bfffff",
        "city_code": "13055",
        "city_name": "Marseille",
        "latitude": 43.381184860435106,
        "longitude": 5.284967973856308,
        "manual_surge": 0,
        "available": true,
        "status": "active",
        "dept_code": "13",
        "id": "MAR-13-13055"
      }
    },
    {
      "type": "Feature",
      "geometry": {
        "type": "Polygon",
        "coordinates": [
          [
            [
              5.41195849682663,
              43.27348222105194
            ],
            [
              5.4105250362036745,
              43.26875219267409
            ],
            [
              5.415312214199795,
              43.26574389935361
            ],
            [
              5.421533213559066,
              43.26746551181585
            ],
            [
              5.4229673962875475,
              43.27219563745915
            ],
            [
              5.418179857568494,
              43.27520405339266
            ],
            [
              5.41195849682663,
              43.27348222105194
            ]
          ]
        ]
      },
      "properties": {
        "uuid": "8074df5f-299e-41ab-84e7-b5fa67efce2c",
        "h3_index": "88396802d7fffff",
        "city_code": "13055",
        "city_name": "Marseille",
        "latitude": 43.27047405765074,
        "longitude": 5.416745946376598,
        "manual_surge": 0,
        "available": true,
        "status": "active",
        "dept_code": "13",
        "id": "MAR-13-13055"
      }
    },
    {
      "type": "Feature",
      "geometry": {
        "type": "Polygon",
        "coordinates": [
          [
            [
              5.426770050446645,
              43.35987853282685
            ],
            [
              5.425334086730785,
              43.35515153745316
            ],
            [
              5.4301262503799546,
              43.352146220870175
            ],
            [
              5.436354738888255,
              43.353867777103126
            ],
            [
              5.4377914262020735,
              43.3585948692631
            ],
            [
              5.43299890142699,
              43.36160030842174
            ],
            [
              5.426770050446645,
              43.35987853282685
            ]
          ]
        ]
      },
      "properties": {
        "uuid": "5520e129-a32c-41e8-95bc-8c5dd28a3ca6",
        "h3_index": "8839681401fffff",
        "city_code": "13055",
        "city_name": "Marseille",
        "latitude": 43.35687334649121,
        "longitude": 5.431562486150263,
        "manual_surge": 0,
        "available": true,
        "status": "active",
        "dept_code": "13",
        "id": "MAR-13-13055"
      }
    },
    {
      "type": "Feature",
      "geometry": {
        "type": "Polygon",
        "coordinates": [
          [
            [
              5.386049383889982,
              43.35727205910377
            ],
            [
              5.3846162217994165,
              43.35254515830053
            ],
            [
              5.38940830296093,
              43.34954187141949
            ],
            [
              5.395633908301996,
              43.35126536307789
            ],
            [
              5.3970677939996285,
              43.35599236119679
            ],
            [
              5.392275350766328,
              43.35899577035953
            ],
            [
              5.386049383889982,
              43.35727205910377
            ]
          ]
        ]
      },
      "properties": {
        "uuid": "0b18ce97-41b9-4615-8a27-9e47ff259a7c",
        "h3_index": "883968146dfffff",
        "city_code": "13055",
        "city_name": "Marseille",
        "latitude": 43.35426890262612,
        "longitude": 5.39084173727602,
        "manual_surge": 0,
        "available": true,
        "status": "active",
        "dept_code": "13",
        "id": "MAR-13-13055"
      }
    },
    {
      "type": "Feature",
      "geometry": {
        "type": "Polygon",
        "coordinates": [
          [
            [
              5.44354557630604,
              43.321208904501546
            ],
            [
              5.442109150282075,
              43.31648044105058
            ],
            [
              5.44689903989033,
              43.31347255945943
            ],
            [
              5.4531257159285635,
              43.31519301857416
            ],
            [
              5.454562864849701,
              43.319921578726884
            ],
            [
              5.44977261485285,
              43.322929583081034
            ],
            [
              5.44354557630604,
              43.321208904501546
            ]
          ]
        ]
      },
      "properties": {
        "uuid": "0ed2715f-c332-4d99-a06f-1a7fdd2af368",
        "h3_index": "88396815c3fffff",
        "city_code": "13055",
        "city_name": "Marseille",
        "latitude": 43.31820115291486,
        "longitude": 5.448335737636674,
        "manual_surge": 0,
        "available": true,
        "status": "active",
        "dept_code": "13",
        "id": "MAR-13-13055"
      }
    },
    {
      "type": "Feature",
      "geometry": {
        "type": "Polygon",
        "coordinates": [
          [
            [
              5.500044638126232,
              43.26315670505352
            ],
            [
              5.498605401714648,
              43.2584259023783
            ],
            [
              5.503391823499744,
              43.25541252936539
            ],
            [
              5.509617840252304,
              43.25712983577205
            ],
            [
              5.511057798465796,
              43.261860734619226
            ],
            [
              5.506271018142423,
              43.26487423090568
            ],
            [
              5.500044638126232,
              43.26315670505352
            ]
          ]
        ]
      },
      "properties": {
        "uuid": "8595cf4f-e480-444c-b45f-042b7e04873a",
        "h3_index": "8839680719fffff",
        "city_code": "13055",
        "city_name": "Marseille",
        "latitude": 43.26014346154962,
        "longitude": 5.504831330991118,
        "manual_surge": 0,
        "available": true,
        "status": "active",
        "dept_code": "13",
        "id": "MAR-13-13055"
      }
    },
    {
      "type": "Feature",
      "geometry": {
        "type": "Polygon",
        "coordinates": [
          [
            [
              5.405769013180258,
              43.21542341644603
            ],
            [
              5.40433697683402,
              43.21069134462531
            ],
            [
              5.409120805563544,
              43.20768085917862
            ],
            [
              5.415337031020096,
              43.20940232290246
            ],
            [
              5.416769788466914,
              43.21413449226075
            ],
            [
              5.411985599373767,
              43.21714510037544
            ],
            [
              5.405769013180258,
              43.21542341644603
            ]
          ]
        ]
      },
      "properties": {
        "uuid": "a54f5d9d-6a82-4b87-bd77-bef6fa3ff611",
        "h3_index": "88396800c7fffff",
        "city_code": "13055",
        "city_name": "Marseille",
        "latitude": 43.21241306068072,
        "longitude": 5.410553113110969,
        "manual_surge": 0,
        "available": true,
        "status": "active",
        "dept_code": "13",
        "id": "MAR-13-13055"
      }
    },
    {
      "type": "Feature",
      "geometry": {
        "type": "Polygon",
        "coordinates": [
          [
            [
              5.358415686427383,
              43.228306228180934
            ],
            [
              5.356986627985606,
              43.22357483949882
            ],
            [
              5.361771277418885,
              43.22056740321134
            ],
            [
              5.367985346908449,
              43.22229123332521
            ],
            [
              5.369415126737139,
              43.22702272010844
            ],
            [
              5.364630115706363,
              43.23003027869453
            ],
            [
              5.358415686427383,
              43.228306228180934
            ]
          ]
        ]
      },
      "properties": {
        "uuid": "67a7f93c-cbd2-417a-a464-3050cfcecb6d",
        "h3_index": "8839680057fffff",
        "city_code": "13055",
        "city_name": "Marseille",
        "latitude": 43.22529892182899,
        "longitude": 5.363200607362626,
        "manual_surge": 0,
        "available": true,
        "status": "active",
        "dept_code": "13",
        "id": "MAR-13-13055"
      }
    },
    {
      "type": "Feature",
      "geometry": {
        "type": "Polygon",
        "coordinates": [
          [
            [
              5.40042589691128,
              43.348261440485366
            ],
            [
              5.398991918272576,
              43.34353414857155
            ],
            [
              5.403783452309475,
              43.34052971265722
            ],
            [
              5.410009326653298,
              43.34225244627247
            ],
            [
              5.411444028721946,
              43.34697983534858
            ],
            [
              5.406652133034056,
              43.34998439366503
            ],
            [
              5.40042589691128,
              43.348261440485366
            ]
          ]
        ]
      },
      "properties": {
        "uuid": "e7ab54e6-7757-4a0f-9370-bd93e5e17fec",
        "h3_index": "8839681467fffff",
        "city_code": "13055",
        "city_name": "Marseille",
        "latitude": 43.3452571348748,
        "longitude": 5.405217703047249,
        "manual_surge": 0,
        "available": true,
        "status": "active",
        "dept_code": "13",
        "id": "MAR-13-13055"
      }
    },
    {
      "type": "Feature",
      "geometry": {
        "type": "Polygon",
        "coordinates": [
          [
            [
              5.353563720567143,
              43.2876314062141
            ],
            [
              5.352133964353925,
              43.28290215883613
            ],
            [
              5.356922056401997,
              43.27989755267667
            ],
            [
              5.36314026691211,
              43.281622071752274
            ],
            [
              5.364570745554677,
              43.286351417095474
            ],
            [
              5.359782291274788,
              43.28935614541571
            ],
            [
              5.353563720567143,
              43.2876314062141
            ]
          ]
        ]
      },
      "properties": {
        "uuid": "9bfd9451-1814-4fae-8d2d-ceef2b893aea",
        "h3_index": "8839681525fffff",
        "city_code": "13055",
        "city_name": "Marseille",
        "latitude": 43.28462693027872,
        "longitude": 5.358352084529297,
        "manual_surge": 0,
        "available": true,
        "status": "active",
        "dept_code": "13",
        "id": "MAR-13-13055"
      }
    },
    {
      "type": "Feature",
      "geometry": {
        "type": "Polygon",
        "coordinates": [
          [
            [
              5.3529973904691035,
              43.361104108481406
            ],
            [
              5.351566399420546,
              43.35637750044405
            ],
            [
              5.356358756024029,
              43.353376120621554
            ],
            [
              5.362582466583733,
              43.355101226821674
            ],
            [
              5.36401418134958,
              43.3598279325841
            ],
            [
              5.359221461855523,
              43.36282943443928
            ],
            [
              5.3529973904691035,
              43.361104108481406
            ]
          ]
        ]
      },
      "properties": {
        "uuid": "1e27d2e7-b91e-45ec-864c-494b492f714f",
        "h3_index": "8839681707fffff",
        "city_code": "13055",
        "city_name": "Marseille",
        "latitude": 43.3581028592156,
        "longitude": 5.357790019473756,
        "manual_surge": 0,
        "available": true,
        "status": "active",
        "dept_code": "13",
        "id": "MAR-13-13055"
      }
    },
    {
      "type": "Feature",
      "geometry": {
        "type": "Polygon",
        "coordinates": [
          [
            [
              5.448813337377331,
              43.35731003060396
            ],
            [
              5.447375926503218,
              43.352582841794245
            ],
            [
              5.4521679019162,
              43.349576253536846
            ],
            [
              5.458397648799121,
              43.35129673136597
            ],
            [
              5.45983578319564,
              43.35602401668881
            ],
            [
              5.455043447204257,
              43.35903072768732
            ],
            [
              5.448813337377331,
              43.35731003060396
            ]
          ]
        ]
      },
      "properties": {
        "uuid": "8273f832-6671-4772-ab93-3a60e2e23571",
        "h3_index": "8839681415fffff",
        "city_code": "13055",
        "city_name": "Marseille",
        "latitude": 43.35430357249164,
        "longitude": 5.453605584726096,
        "manual_surge": 0,
        "available": true,
        "status": "active",
        "dept_code": "13",
        "id": "MAR-13-13055"
      }
    },
    {
      "type": "Feature",
      "geometry": {
        "type": "Polygon",
        "coordinates": [
          [
            [
              5.4291739946467,
              43.33022986247263
            ],
            [
              5.427738384041093,
              43.325501789234714
            ],
            [
              5.432528822300978,
              43.322495055964716
            ],
            [
              5.438755231993185,
              43.32421627330772
            ],
            [
              5.440191565673753,
              43.32894444340093
            ],
            [
              5.435400766604492,
              43.33195129931373
            ],
            [
              5.4291739946467,
              43.33022986247263
            ]
          ]
        ]
      },
      "properties": {
        "uuid": "209cf80e-f495-497f-8de8-52acfb693735",
        "h3_index": "88396815c9fffff",
        "city_code": "13055",
        "city_name": "Marseille",
        "latitude": 43.32722325930691,
        "longitude": 5.433964704754564,
        "manual_surge": 0,
        "available": true,
        "status": "active",
        "dept_code": "13",
        "id": "MAR-13-13055"
      }
    },
    {
      "type": "Feature",
      "geometry": {
        "type": "Polygon",
        "coordinates": [
          [
            [
              5.397595054536193,
              43.28250441638832
            ],
            [
              5.3961624088251785,
              43.27777477796839
            ],
            [
              5.400950133459931,
              43.27476763200799
            ],
            [
              5.407170864965623,
              43.27649000199297
            ],
            [
              5.408604232959043,
              43.28121973783204
            ],
            [
              5.403816147181572,
              43.28422700628488
            ],
            [
              5.397595054536193,
              43.28250441638832
            ]
          ]
        ]
      },
      "properties": {
        "uuid": "f5acf681-e478-4d1e-9926-9d0a608bf4c9",
        "h3_index": "88396802ddfffff",
        "city_code": "13055",
        "city_name": "Marseille",
        "latitude": 43.279497400447234,
        "longitude": 5.4023830508499895,
        "manual_surge": 0,
        "available": true,
        "status": "active",
        "dept_code": "13",
        "id": "MAR-13-13055"
      }
    },
    {
      "type": "Feature",
      "geometry": {
        "type": "Polygon",
        "coordinates": [
          [
            [
              5.481368728270582,
              43.25800241140174
            ],
            [
              5.4799308438466605,
              43.253271509174304
            ],
            [
              5.48471700250893,
              43.250258894308466
            ],
            [
              5.490941404550874,
              43.25197705854158
            ],
            [
              5.492380010713658,
              43.25670805719727
            ],
            [
              5.487593493113132,
              43.259720795209496
            ],
            [
              5.481368728270582,
              43.25800241140174
            ]
          ]
        ]
      },
      "properties": {
        "uuid": "7a1ede8a-405d-4869-a5a2-22871234eda1",
        "h3_index": "883968070bfffff",
        "city_code": "13055",
        "city_name": "Marseille",
        "latitude": 43.25498992609859,
        "longitude": 5.486155158065291,
        "manual_surge": 0,
        "available": true,
        "status": "active",
        "dept_code": "13",
        "id": "MAR-13-13055"
      }
    },
    {
      "type": "Feature",
      "geometry": {
        "type": "Polygon",
        "coordinates": [
          [
            [
              5.4234133029107285,
              43.36761003745566
            ],
            [
              5.421977431833953,
              43.36288333608363
            ],
            [
              5.426770050446645,
              43.35987853282685
            ],
            [
              5.43299890142699,
              43.36160030842174
            ],
            [
              5.4344354962419965,
              43.36632710659694
            ],
            [
              5.429642516355772,
              43.369332032391966
            ],
            [
              5.4234133029107285,
              43.36761003745566
            ]
          ]
        ]
      },
      "properties": {
        "uuid": "ef8e4dcc-8e4f-4eac-a9bd-01847c104f23",
        "h3_index": "8839681409fffff",
        "city_code": "13055",
        "city_name": "Marseille",
        "latitude": 43.364605364494714,
        "longitude": 5.428206193644349,
        "manual_surge": 0,
        "available": true,
        "status": "active",
        "dept_code": "13",
        "id": "MAR-13-13055"
      }
    },
    {
      "type": "Feature",
      "geometry": {
        "type": "Polygon",
        "coordinates": [
          [
            [
              5.3737055370866145,
              43.24121620938711
            ],
            [
              5.372275221794592,
              43.236485208204556
            ],
            [
              5.377060594298346,
              43.233477527274985
            ],
            [
              5.383276643459558,
              43.23520072515749
            ],
            [
              5.3847076803441105,
              43.23993182420255
            ],
            [
              5.37992194649202,
              43.242939627520464
            ],
            [
              5.3737055370866145,
              43.24121620938711
            ]
          ]
        ]
      },
      "properties": {
        "uuid": "35c483d1-e8ad-4641-b3bc-89e778deceb3",
        "h3_index": "88396802adfffff",
        "city_code": "13055",
        "city_name": "Marseille",
        "latitude": 43.238208658388544,
        "longitude": 5.37849118110737,
        "manual_surge": 0,
        "available": true,
        "status": "active",
        "dept_code": "13",
        "id": "MAR-13-13055"
      }
    },
    {
      "type": "Feature",
      "geometry": {
        "type": "Polygon",
        "coordinates": [
          [
            [
              5.30893564762056,
              43.3661970769076
            ],
            [
              5.307507551803489,
              43.361470861134656
            ],
            [
              5.312300270496518,
              43.35847202387505
            ],
            [
              5.318521449004118,
              43.360199280706354
            ],
            [
              5.319950268683074,
              43.36492559474997
            ],
            [
              5.315157186009436,
              43.367924553709514
            ],
            [
              5.30893564762056,
              43.3661970769076
            ]
          ]
        ]
      },
      "properties": {
        "uuid": "f5c8c921-1b46-48aa-b81c-73db23552b18",
        "h3_index": "883968176dfffff",
        "city_code": "13055",
        "city_name": "Marseille",
        "latitude": 43.36319837040893,
        "longitude": 5.313728638949317,
        "manual_surge": 0,
        "available": true,
        "status": "active",
        "dept_code": "13",
        "id": "MAR-13-13055"
      }
    },
    {
      "type": "Feature",
      "geometry": {
        "type": "Polygon",
        "coordinates": [
          [
            [
              5.479439015149845,
              43.214123218879365
            ],
            [
              5.478002023485956,
              43.20939075859786
            ],
            [
              5.482785648044517,
              43.206376343912055
            ],
            [
              5.4890066228881045,
              43.208094266317524
            ],
            [
              5.490444335528458,
              43.212826823197084
            ],
            [
              5.4856603523662555,
              43.215841361091
            ],
            [
              5.479439015149845,
              43.214123218879365
            ]
          ]
        ]
      },
      "properties": {
        "uuid": "5fcbee9c-aa67-4267-a36c-d1782626fa64",
        "h3_index": "8839680541fffff",
        "city_code": "13055",
        "city_name": "Marseille",
        "latitude": 43.211108933564674,
        "longitude": 5.484222910562331,
        "manual_surge": 0,
        "available": true,
        "status": "active",
        "dept_code": "13",
        "id": "MAR-13-13055"
      }
    },
    {
      "type": "Feature",
      "geometry": {
        "type": "Polygon",
        "coordinates": [
          [
            [
              5.429672654008001,
              43.25671672509653
            ],
            [
              5.428238286476903,
              43.25198601479821
            ],
            [
              5.433024463469248,
              43.248976062265704
            ],
            [
              5.439245368166115,
              43.25069669727805
            ],
            [
              5.440680457485881,
              43.25542750467089
            ],
            [
              5.435893920337411,
              43.258437579974725
            ],
            [
              5.429672654008001,
              43.25671672509653
            ]
          ]
        ]
      },
      "properties": {
        "uuid": "66924595-f6a1-43b1-b88d-ca0a863dad35",
        "h3_index": "8839680297fffff",
        "city_code": "13055",
        "city_name": "Marseille",
        "latitude": 43.25370690233426,
        "longitude": 5.434459102362705,
        "manual_surge": 0,
        "available": true,
        "status": "active",
        "dept_code": "13",
        "id": "MAR-13-13055"
      }
    },
    {
      "type": "Feature",
      "geometry": {
        "type": "Polygon",
        "coordinates": [
          [
            [
              5.297921570947687,
              43.367467386037816
            ],
            [
              5.296494199028224,
              43.362741268671876
            ],
            [
              5.301287007321298,
              43.35974306701968
            ],
            [
              5.307507551803489,
              43.361470861134656
            ],
            [
              5.30893564762056,
              43.3661970769076
            ],
            [
              5.304142475074665,
              43.369195400176466
            ],
            [
              5.297921570947687,
              43.367467386037816
            ]
          ]
        ]
      },
      "properties": {
        "uuid": "75a8f2b1-bbdb-4844-abb4-ec1a9dbb4796",
        "h3_index": "88396812bbfffff",
        "city_code": "13055",
        "city_name": "Marseille",
        "latitude": 43.36446931519755,
        "longitude": 5.302714651934934,
        "manual_surge": 0,
        "available": true,
        "status": "active",
        "dept_code": "13",
        "id": "MAR-13-13055"
      }
    },
    {
      "type": "Feature",
      "geometry": {
        "type": "Polygon",
        "coordinates": [
          [
            [
              5.441146808603995,
              43.35086182468891
            ],
            [
              5.439710028850497,
              43.34613443867277
            ],
            [
              5.444501643558781,
              43.343127973111166
            ],
            [
              5.45073039874267,
              43.34484877088784
            ],
            [
              5.4521679019162,
              43.349576253536846
            ],
            [
              5.447375926503218,
              43.352582841794245
            ],
            [
              5.441146808603995,
              43.35086182468891
            ]
          ]
        ]
      },
      "properties": {
        "uuid": "9d397587-f2f9-4007-a1c3-9a83a0b67818",
        "h3_index": "8839681439fffff",
        "city_code": "13055",
        "city_name": "Marseille",
        "latitude": 43.34785548927501,
        "longitude": 5.445938695240996,
        "manual_surge": 0,
        "available": true,
        "status": "active",
        "dept_code": "13",
        "id": "MAR-13-13055"
      }
    },
    {
      "type": "Feature",
      "geometry": {
        "type": "Polygon",
        "coordinates": [
          [
            [
              5.399063791075014,
              43.23090612091868
            ],
            [
              5.3976319399404264,
              43.22617463233466
            ],
            [
              5.402416675054178,
              43.223165170439046
            ],
            [
              5.408633621977184,
              43.22488707455331
            ],
            [
              5.410066194491218,
              43.22961866070946
            ],
            [
              5.405281098719992,
              43.23262824519709
            ],
            [
              5.399063791075014,
              43.23090612091868
            ]
          ]
        ]
      },
      "properties": {
        "uuid": "8057e051-a614-43a4-843b-824155bd5392",
        "h3_index": "88396800c9fffff",
        "city_code": "13055",
        "city_name": "Marseille",
        "latitude": 43.22789678880255,
        "longitude": 5.403848797522194,
        "manual_surge": 0,
        "available": true,
        "status": "active",
        "dept_code": "13",
        "id": "MAR-13-13055"
      }
    },
    {
      "type": "Feature",
      "geometry": {
        "type": "Polygon",
        "coordinates": [
          [
            [
              5.371285243093666,
              43.270881438956934
            ],
            [
              5.369854578134095,
              43.2661515085288
            ],
            [
              5.374641671969068,
              43.26314524222101
            ],
            [
              5.380859792445795,
              43.26486878403972
            ],
            [
              5.3822911795190995,
              43.269598812262466
            ],
            [
              5.377503724019037,
              43.27260520088976
            ],
            [
              5.371285243093666,
              43.270881438956934
            ]
          ]
        ]
      },
      "properties": {
        "uuid": "df3642ca-92f2-46f5-b448-af2b122a35c6",
        "h3_index": "88396802c5fffff",
        "city_code": "13055",
        "city_name": "Marseille",
        "latitude": 43.267875302724484,
        "longitude": 5.376072608651632,
        "manual_surge": 0,
        "available": true,
        "status": "active",
        "dept_code": "13",
        "id": "MAR-13-13055"
      }
    },
    {
      "type": "Feature",
      "geometry": {
        "type": "Polygon",
        "coordinates": [
          [
            [
              5.451688794848976,
              43.254137111538576
            ],
            [
              5.45025298377815,
              43.24940620718787
            ],
            [
              5.4550389728092945,
              43.24639498506203
            ],
            [
              5.461261132539241,
              43.248114544368256
            ],
            [
              5.462697665323345,
              43.25284554554016
            ],
            [
              5.457911316681635,
              43.25585689060256
            ],
            [
              5.451688794848976,
              43.254137111538576
            ]
          ]
        ]
      },
      "properties": {
        "uuid": "c1a247ae-14cb-46d9-9045-9f2b69f79859",
        "h3_index": "883968076bfffff",
        "city_code": "13055",
        "city_name": "Marseille",
        "latitude": 43.25112601908042,
        "longitude": 5.456475055124225,
        "manual_surge": 0,
        "available": true,
        "status": "active",
        "dept_code": "13",
        "id": "MAR-13-13055"
      }
    },
    {
      "type": "Feature",
      "geometry": {
        "type": "Polygon",
        "coordinates": [
          [
            [
              5.509657298482589,
              43.313467329586295
            ],
            [
              5.5082165356478,
              43.30873828797502
            ],
            [
              5.513005853251902,
              43.30572659335012
            ],
            [
              5.519236292454163,
              43.30744381709628
            ],
            [
              5.520677777956088,
              43.312172954589094
            ],
            [
              5.515888101606299,
              43.31518477247214
            ],
            [
              5.509657298482589,
              43.313467329586295
            ]
          ]
        ]
      },
      "properties": {
        "uuid": "998a753c-b590-4918-b9d5-7fdca4ce7165",
        "h3_index": "8839680641fffff",
        "city_code": "13055",
        "city_name": "Marseille",
        "latitude": 43.31045576465843,
        "longitude": 5.5144468874520705,
        "manual_surge": 0,
        "available": true,
        "status": "active",
        "dept_code": "13",
        "id": "MAR-13-13055"
      }
    },
    {
      "type": "Feature",
      "geometry": {
        "type": "Polygon",
        "coordinates": [
          [
            [
              5.330965433361432,
              43.36365293940168
            ],
            [
              5.329535889856491,
              43.358926527223765
            ],
            [
              5.3343284282426815,
              43.35592641870911
            ],
            [
              5.340550873586667,
              43.35765260052391
            ],
            [
              5.341981140881542,
              43.36237911069974
            ],
            [
              5.337188239059477,
              43.36537934108078
            ],
            [
              5.330965433361432,
              43.36365293940168
            ]
          ]
        ]
      },
      "properties": {
        "uuid": "69c420df-5de0-4bb1-9916-336abdceafa1",
        "h3_index": "8839681763fffff",
        "city_code": "13055",
        "city_name": "Marseille",
        "latitude": 43.36065296154585,
        "longitude": 5.335758244266227,
        "manual_surge": 0,
        "available": true,
        "status": "active",
        "dept_code": "13",
        "id": "MAR-13-13055"
      }
    },
    {
      "type": "Feature",
      "geometry": {
        "type": "Polygon",
        "coordinates": [
          [
            [
              5.312300270496518,
              43.35847202387505
            ],
            [
              5.310872080619368,
              43.35374551417272
            ],
            [
              5.315664345510743,
              43.35074616302989
            ],
            [
              5.321885164128894,
              43.35247319986966
            ],
            [
              5.323314077728227,
              43.35719980782589
            ],
            [
              5.318521449004118,
              43.360199280706354
            ],
            [
              5.312300270496518,
              43.35847202387505
            ]
          ]
        ]
      },
      "properties": {
        "uuid": "73dbb04e-d011-44cb-91b2-273dc5bc52dc",
        "h3_index": "8839681765fffff",
        "city_code": "13055",
        "city_name": "Marseille",
        "latitude": 43.35547280344474,
        "longitude": 5.317092807957259,
        "manual_surge": 0,
        "available": true,
        "status": "active",
        "dept_code": "13",
        "id": "MAR-13-13055"
      }
    },
    {
      "type": "Feature",
      "geometry": {
        "type": "Polygon",
        "coordinates": [
          [
            [
              5.445458225324904,
              43.365043000518305
            ],
            [
              5.444020906809355,
              43.36031610567655
            ],
            [
              5.448813337377331,
              43.35731003060396
            ],
            [
              5.455043447204257,
              43.35903072768732
            ],
            [
              5.456481489382529,
              43.363757719059016
            ],
            [
              5.451688698088596,
              43.36676391683534
            ],
            [
              5.445458225324904,
              43.365043000518305
            ]
          ]
        ]
      },
      "properties": {
        "uuid": "66f00846-2d23-4a96-9e0a-d88bbc845c1b",
        "h3_index": "883968141dfffff",
        "city_code": "13055",
        "city_name": "Marseille",
        "latitude": 43.36203705563928,
        "longitude": 5.450250927895154,
        "manual_surge": 0,
        "available": true,
        "status": "active",
        "dept_code": "13",
        "id": "MAR-13-13055"
      }
    },
    {
      "type": "Feature",
      "geometry": {
        "type": "Polygon",
        "coordinates": [
          [
            [
              5.513005853251902,
              43.30572659335012
            ],
            [
              5.511564998973936,
              43.30099725861224
            ],
            [
              5.5163538613537515,
              43.297985051738124
            ],
            [
              5.522583936627777,
              43.29970205632426
            ],
            [
              5.5240255134325205,
              43.30443148692662
            ],
            [
              5.519236292454163,
              43.30744381709628
            ],
            [
              5.513005853251902,
              43.30572659335012
            ]
          ]
        ]
      },
      "properties": {
        "uuid": "ed8a7475-41a5-4a16-be2c-faf33bc7c3db",
        "h3_index": "8839680647fffff",
        "city_code": "13055",
        "city_name": "Marseille",
        "latitude": 43.30271451612429,
        "longitude": 5.517794986930668,
        "manual_surge": 0,
        "available": true,
        "status": "active",
        "dept_code": "13",
        "id": "MAR-13-13055"
      }
    },
    {
      "type": "Feature",
      "geometry": {
        "type": "Polygon",
        "coordinates": [
          [
            [
              5.475634532631224,
              43.295417233707205
            ],
            [
              5.474196385015471,
              43.29068769779267
            ],
            [
              5.478984721056407,
              43.28767700795886
            ],
            [
              5.485211564130467,
              43.28939573101671
            ],
            [
              5.486650434146903,
              43.29412536330855
            ],
            [
              5.481861738706125,
              43.29713617618315
            ],
            [
              5.475634532631224,
              43.295417233707205
            ]
          ]
        ]
      },
      "properties": {
        "uuid": "b394a8f6-8055-42e3-a4d3-7f536a580406",
        "h3_index": "88396815bbfffff",
        "city_code": "13055",
        "city_name": "Marseille",
        "latitude": 43.2924066736292,
        "longitude": 5.480423140076693,
        "manual_surge": 0,
        "available": true,
        "status": "active",
        "dept_code": "13",
        "id": "MAR-13-13055"
      }
    },
    {
      "type": "Feature",
      "geometry": {
        "type": "Polygon",
        "coordinates": [
          [
            [
              5.457915511125293,
              43.31218450150599
            ],
            [
              5.456478270059924,
              43.30745564814152
            ],
            [
              5.461267610508366,
              43.30444661846788
            ],
            [
              5.4674945520074445,
              43.30616631929345
            ],
            [
              5.468932515791912,
              43.310895269205986
            ],
            [
              5.464142815375673,
              43.313904421762814
            ],
            [
              5.457915511125293,
              43.31218450150599
            ]
          ]
        ]
      },
      "properties": {
        "uuid": "d323fba8-33b6-4b6a-b0f8-bdd31bc318b6",
        "h3_index": "883968158bfffff",
        "city_code": "13055",
        "city_name": "Marseille",
        "latitude": 43.30917560173689,
        "longitude": 5.4627051231703865,
        "manual_surge": 0,
        "available": true,
        "status": "active",
        "dept_code": "13",
        "id": "MAR-13-13055"
      }
    },
    {
      "type": "Feature",
      "geometry": {
        "type": "Polygon",
        "coordinates": [
          [
            [
              5.412391646107793,
              43.368891793255436
            ],
            [
              5.41095649880674,
              43.364165188823115
            ],
            [
              5.415749210887582,
              43.36116102145598
            ],
            [
              5.421977431833953,
              43.36288333608363
            ],
            [
              5.4234133029107285,
              43.36761003745566
            ],
            [
              5.418620229282731,
              43.37061432727823
            ],
            [
              5.412391646107793,
              43.368891793255436
            ]
          ]
        ]
      },
      "properties": {
        "uuid": "f4f8f9ec-32fb-42a7-839f-90530e03d70c",
        "h3_index": "8839681447fffff",
        "city_code": "13055",
        "city_name": "Marseille",
        "latitude": 43.36588775623526,
        "longitude": 5.417184630368789,
        "manual_surge": 0,
        "available": true,
        "status": "active",
        "dept_code": "13",
        "id": "MAR-13-13055"
      }
    },
    {
      "type": "Feature",
      "geometry": {
        "type": "Polygon",
        "coordinates": [
          [
            [
              5.402838504778285,
              43.31861305100969
            ],
            [
              5.401404877874416,
              43.31388468243512
            ],
            [
              5.406194687169903,
              43.31087882967366
            ],
            [
              5.4124184847205195,
              43.312601223035124
            ],
            [
              5.413852834531595,
              43.31732968884088
            ],
            [
              5.409062663902102,
              43.32033566407188
            ],
            [
              5.402838504778285,
              43.31861305100969
            ]
          ]
        ]
      },
      "properties": {
        "uuid": "837ca5b5-e8f7-4b95-b1cd-c645e6c09cd6",
        "h3_index": "8839681511fffff",
        "city_code": "13055",
        "city_name": "Marseille",
        "latitude": 43.31560732840881,
        "longitude": 5.4076285859664015,
        "manual_surge": 0,
        "available": true,
        "status": "active",
        "dept_code": "13",
        "id": "MAR-13-13055"
      }
    },
    {
      "type": "Feature",
      "geometry": {
        "type": "Polygon",
        "coordinates": [
          [
            [
              5.3961244985413295,
              43.33407907467553
            ],
            [
              5.394691057385178,
              43.32935129282309
            ],
            [
              5.399481775272351,
              43.326346466089376
            ],
            [
              5.4057062959618465,
              43.328069298831636
            ],
            [
              5.407140460305054,
              43.33279717794911
            ],
            [
              5.402349380788931,
              43.33580212707719
            ],
            [
              5.3961244985413295,
              43.33407907467553
            ]
          ]
        ]
      },
      "properties": {
        "uuid": "34175eb8-b655-43f4-bee4-377183e5f9d0",
        "h3_index": "8839681553fffff",
        "city_code": "13055",
        "city_name": "Marseille",
        "latitude": 43.331074378199595,
        "longitude": 5.4009154884538155,
        "manual_surge": 0,
        "available": true,
        "status": "active",
        "dept_code": "13",
        "id": "MAR-13-13055"
      }
    },
    {
      "type": "Feature",
      "geometry": {
        "type": "Polygon",
        "coordinates": [
          [
            [
              5.357291437185883,
              43.37528295202046
            ],
            [
              5.355859909320002,
              43.37055683433441
            ],
            [
              5.360653083201033,
              43.367555846227745
            ],
            [
              5.3668781478784515,
              43.369280853784424
            ],
            [
              5.368310399705004,
              43.3740070690927
            ],
            [
              5.363516862910576,
              43.37700817923999
            ],
            [
              5.357291437185883,
              43.37528295202046
            ]
          ]
        ]
      },
      "properties": {
        "uuid": "0adc75ae-7bcb-4f89-8658-b0e3f739e241",
        "h3_index": "883968170bfffff",
        "city_code": "13055",
        "city_name": "Marseille",
        "latitude": 43.37228209451626,
        "longitude": 5.36208488354213,
        "manual_surge": 0,
        "available": true,
        "status": "active",
        "dept_code": "13",
        "id": "MAR-13-13055"
      }
    },
    {
      "type": "Feature",
      "geometry": {
        "type": "Polygon",
        "coordinates": [
          [
            [
              5.482334362966438,
              43.27993597719531
            ],
            [
              5.480896031755217,
              43.27520585579592
            ],
            [
              5.485683458472116,
              43.272194141654865
            ],
            [
              5.491909575523535,
              43.27391242581521
            ],
            [
              5.493348628855295,
              43.27864264355767
            ],
            [
              5.488560843032663,
              43.28165448081464
            ],
            [
              5.482334362966438,
              43.27993597719531
            ]
          ]
        ]
      },
      "properties": {
        "uuid": "81a823a0-e115-4970-baa1-64ccabe7feb7",
        "h3_index": "8839680759fffff",
        "city_code": "13055",
        "city_name": "Marseille",
        "latitude": 43.2769243927124,
        "longitude": 5.487122060955231,
        "manual_surge": 0,
        "available": true,
        "status": "active",
        "dept_code": "13",
        "id": "MAR-13-13055"
      }
    },
    {
      "type": "Feature",
      "geometry": {
        "type": "Polygon",
        "coordinates": [
          [
            [
              5.352066038949358,
              43.33919492526545
            ],
            [
              5.350635490910132,
              43.33446753383825
            ],
            [
              5.355426576469576,
              43.33146524897974
            ],
            [
              5.361648572805284,
              43.33319023350387
            ],
            [
              5.363079844178692,
              43.3379177227421
            ],
            [
              5.358288395899238,
              43.34092012966307
            ],
            [
              5.352066038949358,
              43.33919492526545
            ]
          ]
        ]
      },
      "properties": {
        "uuid": "1ad33af9-fb62-4c24-b86d-5982d4ca4b2e",
        "h3_index": "8839681549fffff",
        "city_code": "13055",
        "city_name": "Marseille",
        "latitude": 43.33619277086926,
        "longitude": 5.356857396769572,
        "manual_surge": 0,
        "available": true,
        "status": "active",
        "dept_code": "13",
        "id": "MAR-13-13055"
      }
    },
    {
      "type": "Feature",
      "geometry": {
        "type": "Polygon",
        "coordinates": [
          [
            [
              5.48806473074106,
              43.24251457330423
            ],
            [
              5.486626663030461,
              43.237783086852986
            ],
            [
              5.491411913077689,
              43.23476944862805
            ],
            [
              5.497635589497583,
              43.23648717365048
            ],
            [
              5.499074378667211,
              43.24121875649551
            ],
            [
              5.494288769975462,
              43.24423251794223
            ],
            [
              5.48806473074106,
              43.24251457330423
            ]
          ]
        ]
      },
      "properties": {
        "uuid": "e7aba63e-a888-4b71-ac21-f682f6d70ec4",
        "h3_index": "8839680739fffff",
        "city_code": "13055",
        "city_name": "Marseille",
        "latitude": 43.23950106454403,
        "longitude": 5.49285025178826,
        "manual_surge": 0,
        "available": true,
        "status": "active",
        "dept_code": "13",
        "id": "MAR-13-13055"
      }
    },
    {
      "type": "Feature",
      "geometry": {
        "type": "Polygon",
        "coordinates": [
          [
            [
              5.389942306960922,
              43.276051870487706
            ],
            [
              5.38851029066041,
              43.271322037050524
            ],
            [
              5.39329765402725,
              43.268315013537546
            ],
            [
              5.399517394979677,
              43.270037701032194
            ],
            [
              5.400950133459931,
              43.27476763200799
            ],
            [
              5.3961624088251785,
              43.27777477796839
            ],
            [
              5.389942306960922,
              43.276051870487706
            ]
          ]
        ]
      },
      "properties": {
        "uuid": "e7347747-611d-4f2a-b7a6-1dc2820894a7",
        "h3_index": "88396802c3fffff",
        "city_code": "13055",
        "city_name": "Marseille",
        "latitude": 43.273044976996445,
        "longitude": 5.394729941999417,
        "manual_surge": 0,
        "available": true,
        "status": "active",
        "dept_code": "13",
        "id": "MAR-13-13055"
      }
    },
    {
      "type": "Feature",
      "geometry": {
        "type": "Polygon",
        "coordinates": [
          [
            [
              5.456481489382529,
              43.363757719059016
            ],
            [
              5.455043447204257,
              43.35903072768732
            ],
            [
              5.45983578319564,
              43.35602401668881
            ],
            [
              5.466066521834721,
              43.35774417429353
            ],
            [
              5.467505287637716,
              43.36247126205856
            ],
            [
              5.462712591194366,
              43.36547809584348
            ],
            [
              5.456481489382529,
              43.363757719059016
            ]
          ]
        ]
      },
      "properties": {
        "uuid": "e8f9ee27-1159-4016-ac6f-4ba59d193fb6",
        "h3_index": "8839681411fffff",
        "city_code": "13055",
        "city_name": "Marseille",
        "latitude": 43.36075113820293,
        "longitude": 5.461274097316733,
        "manual_surge": 0,
        "available": true,
        "status": "active",
        "dept_code": "13",
        "id": "MAR-13-13055"
      }
    },
    {
      "type": "Feature",
      "geometry": {
        "type": "Polygon",
        "coordinates": [
          [
            [
              5.485683458472116,
              43.272194141654865
            ],
            [
              5.4842450355515,
              43.26746372770717
            ],
            [
              5.489032007684256,
              43.26445150157599
            ],
            [
              5.495257761713925,
              43.26616956625689
            ],
            [
              5.496696906615019,
              43.27090007653049
            ],
            [
              5.491909575523535,
              43.27391242581521
            ],
            [
              5.485683458472116,
              43.272194141654865
            ]
          ]
        ]
      },
      "properties": {
        "uuid": "e131ca3d-f4cc-492b-b1c4-f8f756b4c7ff",
        "h3_index": "8839680751fffff",
        "city_code": "13055",
        "city_name": "Marseille",
        "latitude": 43.269182045132936,
        "longitude": 5.490470701810458,
        "manual_surge": 0,
        "available": true,
        "status": "active",
        "dept_code": "13",
        "id": "MAR-13-13055"
      }
    },
    {
      "type": "Feature",
      "geometry": {
        "type": "Polygon",
        "coordinates": [
          [
            [
              5.487617929952085,
              43.31605255393417
            ],
            [
              5.486178612567676,
              43.3113237044962
            ],
            [
              5.490968122315959,
              43.30831328092781
            ],
            [
              5.4971973087600166,
              43.31003158372203
            ],
            [
              5.498637348888907,
              43.314760529315016
            ],
            [
              5.493847479846841,
              43.317771075976694
            ],
            [
              5.487617929952085,
              43.31605255393417
            ]
          ]
        ]
      },
      "properties": {
        "uuid": "7c5883e6-0aaf-476c-99b7-6bd10e66274d",
        "h3_index": "883968159bfffff",
        "city_code": "13055",
        "city_name": "Marseille",
        "latitude": 43.31304226016533,
        "longitude": 5.492407711185019,
        "manual_surge": 0,
        "available": true,
        "status": "active",
        "dept_code": "13",
        "id": "MAR-13-13055"
      }
    },
    {
      "type": "Feature",
      "geometry": {
        "type": "Polygon",
        "coordinates": [
          [
            [
              5.410066194491218,
              43.22961866070946
            ],
            [
              5.408633621977184,
              43.22488707455331
            ],
            [
              5.413418264383654,
              43.221876978197585
            ],
            [
              5.4196358397067375,
              43.223598345341124
            ],
            [
              5.421069133563097,
              43.228330028932795
            ],
            [
              5.416284130771255,
              43.23134024796329
            ],
            [
              5.410066194491218,
              43.22961866070946
            ]
          ]
        ]
      },
      "properties": {
        "uuid": "03daca77-3313-4199-970a-ee55c945b887",
        "h3_index": "88396800cbfffff",
        "city_code": "13055",
        "city_name": "Marseille",
        "latitude": 43.22660869408193,
        "longitude": 5.414851108172251,
        "manual_surge": 0,
        "available": true,
        "status": "active",
        "dept_code": "13",
        "id": "MAR-13-13055"
      }
    },
    {
      "type": "Feature",
      "geometry": {
        "type": "Polygon",
        "coordinates": [
          [
            [
              5.400950133459931,
              43.27476763200799
            ],
            [
              5.399517394979677,
              43.270037701032194
            ],
            [
              5.404304665845191,
              43.267030042621414
            ],
            [
              5.4105250362036745,
              43.26875219267409
            ],
            [
              5.41195849682663,
              43.27348222105194
            ],
            [
              5.407170864965623,
              43.27649000199297
            ],
            [
              5.400950133459931,
              43.27476763200799
            ]
          ]
        ]
      },
      "properties": {
        "uuid": "e33fa82f-65f4-40d5-ba54-9a37c2aaaf35",
        "h3_index": "88396802d5fffff",
        "city_code": "13055",
        "city_name": "Marseille",
        "latitude": 43.27176010356774,
        "longitude": 5.405737675938248,
        "manual_surge": 0,
        "available": true,
        "status": "active",
        "dept_code": "13",
        "id": "MAR-13-13055"
      }
    },
    {
      "type": "Feature",
      "geometry": {
        "type": "Polygon",
        "coordinates": [
          [
            [
              5.367928267659019,
              43.27861683066104
            ],
            [
              5.366497695828392,
              43.27388719271073
            ],
            [
              5.371285243093666,
              43.270881438956934
            ],
            [
              5.377503724019037,
              43.27260520088976
            ],
            [
              5.378935018102943,
              43.27733493665177
            ],
            [
              5.374147109025271,
              43.280340812687136
            ],
            [
              5.367928267659019,
              43.27861683066104
            ]
          ]
        ]
      },
      "properties": {
        "uuid": "4f86e066-1a51-4817-9e51-5c2e8245d11b",
        "h3_index": "88396802cdfffff",
        "city_code": "13055",
        "city_name": "Marseille",
        "latitude": 43.2756112070314,
        "longitude": 5.372716086713496,
        "manual_surge": 0,
        "available": true,
        "status": "active",
        "dept_code": "13",
        "id": "MAR-13-13055"
      }
    },
    {
      "type": "Feature",
      "geometry": {
        "type": "Polygon",
        "coordinates": [
          [
            [
              5.506308196934766,
              43.321207260208645
            ],
            [
              5.504867525602058,
              43.31647851185314
            ],
            [
              5.509657298482589,
              43.313467329586295
            ],
            [
              5.515888101606299,
              43.31518477247214
            ],
            [
              5.517329495746492,
              43.319913616726204
            ],
            [
              5.512539363973158,
              43.3229249222138
            ],
            [
              5.506308196934766,
              43.321207260208645
            ]
          ]
        ]
      },
      "properties": {
        "uuid": "7cb2c23e-5a98-4b47-87f7-578374d9d670",
        "h3_index": "8839680649fffff",
        "city_code": "13055",
        "city_name": "Marseille",
        "latitude": 43.31819620768757,
        "longitude": 5.511098241247081,
        "manual_surge": 0,
        "available": true,
        "status": "active",
        "dept_code": "13",
        "id": "MAR-13-13055"
      }
    },
    {
      "type": "Feature",
      "geometry": {
        "type": "Polygon",
        "coordinates": [
          [
            [
              5.2835412418420145,
              43.37645929896364
            ],
            [
              5.282114688254644,
              43.37173357423227
            ],
            [
              5.28690803943805,
              43.36873652230406
            ],
            [
              5.293128308898541,
              43.37046507362952
            ],
            [
              5.2945555865587695,
              43.375190896920934
            ],
            [
              5.289761870702433,
              43.378188070344756
            ],
            [
              5.2835412418420145,
              43.37645929896364
            ]
          ]
        ]
      },
      "properties": {
        "uuid": "0a721f1e-f9e9-4b0e-b9f6-0285732fd842",
        "h3_index": "8839681283fffff",
        "city_code": "13055",
        "city_name": "Marseille",
        "latitude": 43.37346237794676,
        "longitude": 5.288334865844381,
        "manual_surge": 0,
        "available": true,
        "status": "active",
        "dept_code": "13",
        "id": "MAR-13-13055"
      }
    },
    {
      "type": "Feature",
      "geometry": {
        "type": "Polygon",
        "coordinates": [
          [
            [
              5.460307425964261,
              43.28251912261591
            ],
            [
              5.4588705391088,
              43.27778919431278
            ],
            [
              5.463658155970953,
              43.2747787504257
            ],
            [
              5.46988301935855,
              43.276498111908744
            ],
            [
              5.471320628410953,
              43.28122813682836
            ],
            [
              5.466532651896279,
              43.28423870366635
            ],
            [
              5.460307425964261,
              43.28251912261591
            ]
          ]
        ]
      },
      "properties": {
        "uuid": "dca36cba-1f3b-4f5a-a5bc-9451bfde01e1",
        "h3_index": "88396815b5fffff",
        "city_code": "13055",
        "city_name": "Marseille",
        "latitude": 43.27950880848951,
        "longitude": 5.465095314217055,
        "manual_surge": 0,
        "available": true,
        "status": "active",
        "dept_code": "13",
        "id": "MAR-13-13055"
      }
    },
    {
      "type": "Feature",
      "geometry": {
        "type": "Polygon",
        "coordinates": [
          [
            [
              5.371671230138068,
              43.366279229851116
            ],
            [
              5.370238884971853,
              43.361552720457205
            ],
            [
              5.375031512748204,
              43.35855058284559
            ],
            [
              5.3812568482005325,
              43.36027483248462
            ],
            [
              5.382689917150755,
              43.3650014393475
            ],
            [
              5.377896926881787,
              43.3680036991203
            ],
            [
              5.371671230138068,
              43.366279229851116
            ]
          ]
        ]
      },
      "properties": {
        "uuid": "935b6667-2349-45be-821c-5f51c87d529d",
        "h3_index": "8839681715fffff",
        "city_code": "13055",
        "city_name": "Marseille",
        "latitude": 43.36327722274246,
        "longitude": 5.376464130264327,
        "manual_surge": 0,
        "available": true,
        "status": "active",
        "dept_code": "13",
        "id": "MAR-13-13055"
      }
    },
    {
      "type": "Feature",
      "geometry": {
        "type": "Polygon",
        "coordinates": [
          [
            [
              5.427721993203307,
              43.381789158597094
            ],
            [
              5.426285583563556,
              43.377062948777215
            ],
            [
              5.431079018612756,
              43.37405853645377
            ],
            [
              5.437309224614213,
              43.37578021142183
            ],
            [
              5.438746358235157,
              43.38050651794188
            ],
            [
              5.433952561890845,
              43.383511052811656
            ],
            [
              5.427721993203307,
              43.381789158597094
            ]
          ]
        ]
      },
      "properties": {
        "uuid": "94595e1f-3a12-4154-87c2-a5f766794829",
        "h3_index": "883968145dfffff",
        "city_code": "13055",
        "city_name": "Marseille",
        "latitude": 43.37878487661526,
        "longitude": 5.43251570044715,
        "manual_surge": 0,
        "available": true,
        "status": "active",
        "dept_code": "13",
        "id": "MAR-13-13055"
      }
    },
    {
      "type": "Feature",
      "geometry": {
        "type": "Polygon",
        "coordinates": [
          [
            [
              5.466047027037691,
              43.24510268742878
            ],
            [
              5.464610402359957,
              43.240371394175334
            ],
            [
              5.469395842766904,
              43.23735902546797
            ],
            [
              5.47561826705981,
              43.239077826975084
            ],
            [
              5.477055613273045,
              43.24380921689579
            ],
            [
              5.4722698136753625,
              43.246821708660036
            ],
            [
              5.466047027037691,
              43.24510268742878
            ]
          ]
        ]
      },
      "properties": {
        "uuid": "9e138b8a-9272-49b9-88df-51e12b8a94a7",
        "h3_index": "8839680705fffff",
        "city_code": "13055",
        "city_name": "Marseille",
        "latitude": 43.242090448288806,
        "longitude": 5.470832738563308,
        "manual_surge": 0,
        "available": true,
        "status": "active",
        "dept_code": "13",
        "id": "MAR-13-13055"
      }
    },
    {
      "type": "Feature",
      "geometry": {
        "type": "Polygon",
        "coordinates": [
          [
            [
              5.346273015850317,
              43.376557660860016
            ],
            [
              5.344842211981606,
              43.3718316409326
            ],
            [
              5.349635477114784,
              43.36883128863959
            ],
            [
              5.355859909320002,
              43.37055683433441
            ],
            [
              5.357291437185883,
              43.37528295202046
            ],
            [
              5.352497808866443,
              43.37828342627101
            ],
            [
              5.346273015850317,
              43.376557660860016
            ]
          ]
        ]
      },
      "properties": {
        "uuid": "9725e434-fb79-4569-9543-d53479eccc97",
        "h3_index": "8839681709fffff",
        "city_code": "13055",
        "city_name": "Marseille",
        "latitude": 43.37355743922052,
        "longitude": 5.351066553517518,
        "manual_surge": 0,
        "available": true,
        "status": "active",
        "dept_code": "13",
        "id": "MAR-13-13055"
      }
    },
    {
      "type": "Feature",
      "geometry": {
        "type": "Polygon",
        "coordinates": [
          [
            [
              5.469395842766904,
              43.23735902546797
            ],
            [
              5.467959126254414,
              43.23262744026272
            ],
            [
              5.472744112621626,
              43.229614559896696
            ],
            [
              5.478966174562687,
              43.23133314165913
            ],
            [
              5.480403612470913,
              43.2360648235144
            ],
            [
              5.47561826705981,
              43.239077826975084
            ],
            [
              5.469395842766904,
              43.23735902546797
            ]
          ]
        ]
      },
      "properties": {
        "uuid": "2c7425cd-e570-47f7-ab39-4a503321909d",
        "h3_index": "883968072bfffff",
        "city_code": "13055",
        "city_name": "Marseille",
        "latitude": 43.23434627462031,
        "longitude": 5.474181100186578,
        "manual_surge": 0,
        "available": true,
        "status": "active",
        "dept_code": "13",
        "id": "MAR-13-13055"
      }
    },
    {
      "type": "Feature",
      "geometry": {
        "type": "Polygon",
        "coordinates": [
          [
            [
              5.347416785301097,
              43.229588565612566
            ],
            [
              5.345988448282513,
              43.224857275168056
            ],
            [
              5.350773188681824,
              43.22185047321009
            ],
            [
              5.356986627985606,
              43.22357483949882
            ],
            [
              5.358415686427383,
              43.228306228180934
            ],
            [
              5.35363058415914,
              43.231313152354545
            ],
            [
              5.347416785301097,
              43.229588565612566
            ]
          ]
        ]
      },
      "properties": {
        "uuid": "eda33144-c51c-4cd8-a1ee-a1bcc1b3714c",
        "h3_index": "8839680055fffff",
        "city_code": "13055",
        "city_name": "Marseille",
        "latitude": 43.22658189364138,
        "longitude": 5.352201797260853,
        "manual_surge": 0,
        "available": true,
        "status": "active",
        "dept_code": "13",
        "id": "MAR-13-13055"
      }
    },
    {
      "type": "Feature",
      "geometry": {
        "type": "Polygon",
        "coordinates": [
          [
            [
              5.275895053865026,
              43.370004485870034
            ],
            [
              5.274469129847298,
              43.365278565727046
            ],
            [
              5.279262116233868,
              43.36228163524878
            ],
            [
              5.285481391451776,
              43.36401050348146
            ],
            [
              5.28690803943805,
              43.36873652230406
            ],
            [
              5.282114688254644,
              43.37173357423227
            ],
            [
              5.275895053865026,
              43.370004485870034
            ]
          ]
        ]
      },
      "properties": {
        "uuid": "0eecad76-3205-49cb-9b04-41231445061d",
        "h3_index": "8839681287fffff",
        "city_code": "13055",
        "city_name": "Marseille",
        "latitude": 43.36700768630573,
        "longitude": 5.2806883130625,
        "manual_surge": 0,
        "available": true,
        "status": "active",
        "dept_code": "13",
        "id": "MAR-13-13055"
      }
    },
    {
      "type": "Feature",
      "geometry": {
        "type": "Polygon",
        "coordinates": [
          [
            [
              5.452646303163023,
              43.27606929439026
            ],
            [
              5.451210046413169,
              43.27133917024059
            ],
            [
              5.455997303496688,
              43.268328849259504
            ],
            [
              5.462221177126131,
              43.27004852953998
            ],
            [
              5.463658155970953,
              43.2747787504257
            ],
            [
              5.4588705391088,
              43.27778919431278
            ],
            [
              5.452646303163023,
              43.27606929439026
            ]
          ]
        ]
      },
      "properties": {
        "uuid": "b48cf852-ea33-4fc3-bf12-9696e5544afb",
        "h3_index": "8839680749fffff",
        "city_code": "13055",
        "city_name": "Marseille",
        "latitude": 43.27305910317228,
        "longitude": 5.457433831630195,
        "manual_surge": 0,
        "available": true,
        "status": "active",
        "dept_code": "13",
        "id": "MAR-13-13055"
      }
    },
    {
      "type": "Feature",
      "geometry": {
        "type": "Polygon",
        "coordinates": [
          [
            [
              5.368863253655917,
              43.30053847777717
            ],
            [
              5.3674322388948665,
              43.295809620172925
            ],
            [
              5.372221055281861,
              43.29280476964678
            ],
            [
              5.378441248429235,
              43.29452865449166
            ],
            [
              5.379872985825794,
              43.29925760982223
            ],
            [
              5.375083807456533,
              43.30226258259945
            ],
            [
              5.368863253655917,
              43.30053847777717
            ]
          ]
        ]
      },
      "properties": {
        "uuid": "bc05ee40-c8e4-4e30-a0cd-35edb050c18d",
        "h3_index": "883968152bfffff",
        "city_code": "13055",
        "city_name": "Marseille",
        "latitude": 43.297533757470234,
        "longitude": 5.37365234197212,
        "manual_surge": 0,
        "available": true,
        "status": "active",
        "dept_code": "13",
        "id": "MAR-13-13055"
      }
    },
    {
      "type": "Feature",
      "geometry": {
        "type": "Polygon",
        "coordinates": [
          [
            [
              5.38752653742855,
              43.30570993711344
            ],
            [
              5.386094170379734,
              43.300981177136606
            ],
            [
              5.390883256631109,
              43.29797556917872
            ],
            [
              5.397105071533147,
              43.299698598836365
            ],
            [
              5.3985381612835965,
              43.304427456283484
            ],
            [
              5.393748713447517,
              43.30743318662055
            ],
            [
              5.38752653742855,
              43.30570993711344
            ]
          ]
        ]
      },
      "properties": {
        "uuid": "fd997c74-cf55-4600-bc35-126a781f7741",
        "h3_index": "8839681539fffff",
        "city_code": "13055",
        "city_name": "Marseille",
        "latitude": 43.30270445932111,
        "longitude": 5.392315895557762,
        "manual_surge": 0,
        "available": true,
        "status": "active",
        "dept_code": "13",
        "id": "MAR-13-13055"
      }
    },
    {
      "type": "Feature",
      "geometry": {
        "type": "Polygon",
        "coordinates": [
          [
            [
              5.38940830296093,
              43.34954187141949
            ],
            [
              5.387975047789292,
              43.344814676804475
            ],
            [
              5.3927666744744505,
              43.34181087653117
            ],
            [
              5.398991918272576,
              43.34353414857155
            ],
            [
              5.40042589691128,
              43.348261440485366
            ],
            [
              5.395633908301996,
              43.35126536307789
            ],
            [
              5.38940830296093,
              43.34954187141949
            ]
          ]
        ]
      },
      "properties": {
        "uuid": "8bd24131-ace9-47b4-832c-e5796a6f50ba",
        "h3_index": "8839681465fffff",
        "city_code": "13055",
        "city_name": "Marseille",
        "latitude": 43.34653820150107,
        "longitude": 5.394200201804201,
        "manual_surge": 0,
        "available": true,
        "status": "active",
        "dept_code": "13",
        "id": "MAR-13-13055"
      }
    },
    {
      "type": "Feature",
      "geometry": {
        "type": "Polygon",
        "coordinates": [
          [
            [
              5.3951817103320945,
              43.312161751012056
            ],
            [
              5.393748713447517,
              43.30743318662055
            ],
            [
              5.3985381612835965,
              43.304427456283484
            ],
            [
              5.404760967480871,
              43.30615016793142
            ],
            [
              5.406194687169903,
              43.31087882967366
            ],
            [
              5.401404877874416,
              43.31388468243512
            ],
            [
              5.3951817103320945,
              43.312161751012056
            ]
          ]
        ]
      },
      "properties": {
        "uuid": "1bffd4a3-8d5a-4ff4-922a-53ee96452daa",
        "h3_index": "8839681515fffff",
        "city_code": "13055",
        "city_name": "Marseille",
        "latitude": 43.30915615083805,
        "longitude": 5.399971430053419,
        "manual_surge": 0,
        "available": true,
        "status": "active",
        "dept_code": "13",
        "id": "MAR-13-13055"
      }
    },
    {
      "type": "Feature",
      "geometry": {
        "type": "Polygon",
        "coordinates": [
          [
            [
              5.409033533570114,
              43.37662175740318
            ],
            [
              5.4075984791075715,
              43.37189544711785
            ],
            [
              5.412391646107793,
              43.368891793255436
            ],
            [
              5.418620229282731,
              43.37061432727823
            ],
            [
              5.420056007661221,
              43.37534073452006
            ],
            [
              5.415262478966128,
              43.37834451080051
            ],
            [
              5.409033533570114,
              43.37662175740318
            ]
          ]
        ]
      },
      "properties": {
        "uuid": "3f6b6289-4fac-45b8-9fb4-7f0f392adf0f",
        "h3_index": "8839681441fffff",
        "city_code": "13055",
        "city_name": "Marseille",
        "latitude": 43.373618233936156,
        "longitude": 5.413826972816985,
        "manual_surge": 0,
        "available": true,
        "status": "active",
        "dept_code": "13",
        "id": "MAR-13-13055"
      }
    },
    {
      "type": "Feature",
      "geometry": {
        "type": "Polygon",
        "coordinates": [
          [
            [
              5.369415126737139,
              43.22702272010844
            ],
            [
              5.367985346908449,
              43.22229123332521
            ],
            [
              5.3727699050084174,
              43.21928316269606
            ],
            [
              5.378984604280043,
              43.22100645648645
            ],
            [
              5.380415105459178,
              43.22573804123428
            ],
            [
              5.375630186033267,
              43.228746234244944
            ],
            [
              5.369415126737139,
              43.22702272010844
            ]
          ]
        ]
      },
      "properties": {
        "uuid": "6dcab862-81f3-42c3-a53a-27d4a74cd549",
        "h3_index": "8839680019fffff",
        "city_code": "13055",
        "city_name": "Marseille",
        "latitude": 43.22401477936358,
        "longitude": 5.374199956280513,
        "manual_surge": 0,
        "available": true,
        "status": "active",
        "dept_code": "13",
        "id": "MAR-13-13055"
      }
    },
    {
      "type": "Feature",
      "geometry": {
        "type": "Polygon",
        "coordinates": [
          [
            [
              5.430624198306657,
              43.27864686227482
            ],
            [
              5.4291893858600515,
              43.2739169320072
            ],
            [
              5.433976831068883,
              43.27090788106941
            ],
            [
              5.440199449066332,
              43.27262863767645
            ],
            [
              5.441634983683408,
              43.277358664953425
            ],
            [
              5.4368471781499155,
              43.280367838631896
            ],
            [
              5.430624198306657,
              43.27864686227482
            ]
          ]
        ]
      },
      "properties": {
        "uuid": "98c37106-40cb-4340-a11d-ce390bbd1592",
        "h3_index": "88396815a5fffff",
        "city_code": "13055",
        "city_name": "Marseille",
        "latitude": 43.27563794120267,
        "longitude": 5.435411915017525,
        "manual_surge": 0,
        "available": true,
        "status": "active",
        "dept_code": "13",
        "id": "MAR-13-13055"
      }
    },
    {
      "type": "Feature",
      "geometry": {
        "type": "Polygon",
        "coordinates": [
          [
            [
              5.424867700818102,
              43.3160451529666
            ],
            [
              5.423432628137116,
              43.31131659006626
            ],
            [
              5.428222251000109,
              43.30830946657554
            ],
            [
              5.434447307349318,
              43.31003078336791
            ],
            [
              5.435883102862772,
              43.31475944322624
            ],
            [
              5.431093119211883,
              43.3177666893521
            ],
            [
              5.424867700818102,
              43.3160451529666
            ]
          ]
        ]
      },
      "properties": {
        "uuid": "b722a76e-aecd-4643-a851-fd3df42888de",
        "h3_index": "88396815c5fffff",
        "city_code": "13055",
        "city_name": "Marseille",
        "latitude": 43.313038159534074,
        "longitude": 5.429657595455545,
        "manual_surge": 0,
        "available": true,
        "status": "active",
        "dept_code": "13",
        "id": "MAR-13-13055"
      }
    },
    {
      "type": "Feature",
      "geometry": {
        "type": "Polygon",
        "coordinates": [
          [
            [
              5.3847076803441105,
              43.23993182420255
            ],
            [
              5.383276643459558,
              43.23520072515749
            ],
            [
              5.388061924086716,
              43.232192409720454
            ],
            [
              5.394278602692012,
              43.233915070875106
            ],
            [
              5.395710361132363,
              43.23864626764613
            ],
            [
              5.3909247194287415,
              43.24165470555437
            ],
            [
              5.3847076803441105,
              43.23993182420255
            ]
          ]
        ]
      },
      "properties": {
        "uuid": "2bb3626e-7e8c-4613-9d19-aecac74eece7",
        "h3_index": "88396802a1fffff",
        "city_code": "13055",
        "city_name": "Marseille",
        "latitude": 43.23692363864526,
        "longitude": 5.389493232429575,
        "manual_surge": 0,
        "available": true,
        "status": "active",
        "dept_code": "13",
        "id": "MAR-13-13055"
      }
    },
    {
      "type": "Feature",
      "geometry": {
        "type": "Polygon",
        "coordinates": [
          [
            [
              5.433481902821617,
              43.34441310182235
            ],
            [
              5.432045754005142,
              43.33968551883135
            ],
            [
              5.43683700788258,
              43.336679175920274
            ],
            [
              5.443064771424727,
              43.33840029336759
            ],
            [
              5.444501643558781,
              43.343127973111166
            ],
            [
              5.439710028850497,
              43.34613443867277
            ],
            [
              5.433481902821617,
              43.34441310182235
            ]
          ]
        ]
      },
      "properties": {
        "uuid": "c7f15d74-8eee-4dd9-938d-f0eff7279b40",
        "h3_index": "883968143dfffff",
        "city_code": "13055",
        "city_name": "Marseille",
        "latitude": 43.34140688906158,
        "longitude": 5.4382734286206285,
        "manual_surge": 0,
        "available": true,
        "status": "active",
        "dept_code": "13",
        "id": "MAR-13-13055"
      }
    },
    {
      "type": "Feature",
      "geometry": {
        "type": "Polygon",
        "coordinates": [
          [
            [
              5.414800767672852,
              43.339247374704755
            ],
            [
              5.413365972862397,
              43.33451969197931
            ],
            [
              5.41815695926528,
              43.33151410726844
            ],
            [
              5.424383101726094,
              43.33323608277844
            ],
            [
              5.4258186197891085,
              43.337963862512716
            ],
            [
              5.421027272156043,
              43.34096956974607
            ],
            [
              5.414800767672852,
              43.339247374704755
            ]
          ]
        ]
      },
      "properties": {
        "uuid": "801af377-2601-4c4e-8759-0e91be23ac1f",
        "h3_index": "8839681421fffff",
        "city_code": "13055",
        "city_name": "Marseille",
        "latitude": 43.336241920197935,
        "longitude": 5.419592026049292,
        "manual_surge": 0,
        "available": true,
        "status": "active",
        "dept_code": "13",
        "id": "MAR-13-13055"
      }
    },
    {
      "type": "Feature",
      "geometry": {
        "type": "Polygon",
        "coordinates": [
          [
            [
              5.407140460305054,
              43.33279717794911
            ],
            [
              5.4057062959618465,
              43.328069298831636
            ],
            [
              5.410496921008819,
              43.32506383659796
            ],
            [
              5.416722071772193,
              43.32678613102248
            ],
            [
              5.41815695926528,
              43.33151410726844
            ],
            [
              5.413365972862397,
              43.33451969197931
            ],
            [
              5.407140460305054,
              43.33279717794911
            ]
          ]
        ]
      },
      "properties": {
        "uuid": "3338f3b3-6f4b-4459-99e4-fa0a33138b3a",
        "h3_index": "8839681425fffff",
        "city_code": "13055",
        "city_name": "Marseille",
        "latitude": 43.329791845922074,
        "longitude": 5.411931357318324,
        "manual_surge": 0,
        "available": true,
        "status": "active",
        "dept_code": "13",
        "id": "MAR-13-13055"
      }
    },
    {
      "type": "Feature",
      "geometry": {
        "type": "Polygon",
        "coordinates": [
          [
            [
              5.455997303496688,
              43.268328849259504
            ],
            [
              5.454560954676493,
              43.263598432639526
            ],
            [
              5.459347757513238,
              43.26058759956329
            ],
            [
              5.465571268819191,
              43.26230706018122
            ],
            [
              5.46700833959445,
              43.26703757352006
            ],
            [
              5.462221177126131,
              43.27004852953998
            ],
            [
              5.455997303496688,
              43.268328849259504
            ]
          ]
        ]
      },
      "properties": {
        "uuid": "617bde09-3f56-476a-acac-78e8395f221c",
        "h3_index": "8839680741fffff",
        "city_code": "13055",
        "city_name": "Marseille",
        "latitude": 43.26531814589746,
        "longitude": 5.460784377650812,
        "manual_surge": 0,
        "available": true,
        "status": "active",
        "dept_code": "13",
        "id": "MAR-13-13055"
      }
    },
    {
      "type": "Feature",
      "geometry": {
        "type": "Polygon",
        "coordinates": [
          [
            [
              5.5240255134325205,
              43.30443148692662
            ],
            [
              5.522583936627777,
              43.29970205632426
            ],
            [
              5.527372702286915,
              43.29668921397687
            ],
            [
              5.533603403092912,
              43.29840567887186
            ],
            [
              5.535045702385502,
              43.3031352052019
            ],
            [
              5.5302565784019855,
              43.30614817092718
            ],
            [
              5.5240255134325205,
              43.30443148692662
            ]
          ]
        ]
      },
      "properties": {
        "uuid": "3d050629-8951-4362-8a8f-eaa33100c4f1",
        "h3_index": "8839680609fffff",
        "city_code": "13055",
        "city_name": "Marseille",
        "latitude": 43.3014187741762,
        "longitude": 5.5288145503308845,
        "manual_surge": 0,
        "available": true,
        "status": "active",
        "dept_code": "13",
        "id": "MAR-13-13055"
      }
    },
    {
      "type": "Feature",
      "geometry": {
        "type": "Polygon",
        "coordinates": [
          [
            [
              5.450251956537481,
              43.30573540851208
            ],
            [
              5.44881534600389,
              43.30100635873269
            ],
            [
              5.453604326358312,
              43.29799745189715
            ],
            [
              5.459830277357774,
              43.29971747202078
            ],
            [
              5.461267610508366,
              43.30444661846788
            ],
            [
              5.456478270059924,
              43.30745564814152
            ],
            [
              5.450251956537481,
              43.30573540851208
            ]
          ]
        ]
      },
      "properties": {
        "uuid": "4e3b1918-15a3-4d23-b258-b95142b670b4",
        "h3_index": "8839681581fffff",
        "city_code": "13055",
        "city_name": "Marseille",
        "latitude": 43.30272663158357,
        "longitude": 5.455041208481518,
        "manual_surge": 0,
        "available": true,
        "status": "active",
        "dept_code": "13",
        "id": "MAR-13-13055"
      }
    },
    {
      "type": "Feature",
      "geometry": {
        "type": "Polygon",
        "coordinates": [
          [
            [
              5.46797016904036,
              43.28896843589109
            ],
            [
              5.466532651896279,
              43.28423870366635
            ],
            [
              5.471320628410953,
              43.28122813682836
            ],
            [
              5.4775464816134605,
              43.28294717923721
            ],
            [
              5.478984721056407,
              43.28767700795886
            ],
            [
              5.474196385015471,
              43.29068769779267
            ],
            [
              5.46797016904036,
              43.28896843589109
            ]
          ]
        ]
      },
      "properties": {
        "uuid": "827cb8cc-f4ec-4f0f-a72c-df44f1b627e5",
        "h3_index": "88396815b1fffff",
        "city_code": "13055",
        "city_name": "Marseille",
        "latitude": 43.285957998811355,
        "longitude": 5.472758416952653,
        "manual_surge": 0,
        "available": true,
        "status": "active",
        "dept_code": "13",
        "id": "MAR-13-13055"
      }
    },
    {
      "type": "Feature",
      "geometry": {
        "type": "Polygon",
        "coordinates": [
          [
            [
              5.491411913077689,
              43.23476944862805
            ],
            [
              5.489973753811955,
              43.23003767025952
            ],
            [
              5.49475854962944,
              43.227023520519055
            ],
            [
              5.500981863227982,
              43.22874102590546
            ],
            [
              5.502420743812841,
              43.233472900650476
            ],
            [
              5.497635589497583,
              43.23648717365048
            ],
            [
              5.491411913077689,
              43.23476944862805
            ]
          ]
        ]
      },
      "properties": {
        "uuid": "89ec7720-2ffa-47c0-867b-6e9d24531389",
        "h3_index": "8839680731fffff",
        "city_code": "13055",
        "city_name": "Marseille",
        "latitude": 43.23175542830326,
        "longitude": 5.496196979828924,
        "manual_surge": 0,
        "available": true,
        "status": "active",
        "dept_code": "13",
        "id": "MAR-13-13055"
      }
    },
    {
      "type": "Feature",
      "geometry": {
        "type": "Polygon",
        "coordinates": [
          [
            [
              5.478984721056407,
              43.28767700795886
            ],
            [
              5.4775464816134605,
              43.28294717923721
            ],
            [
              5.482334362966438,
              43.27993597719531
            ],
            [
              5.488560843032663,
              43.28165448081464
            ],
            [
              5.489999804736199,
              43.28638440589647
            ],
            [
              5.485211564130467,
              43.28939573101671
            ],
            [
              5.478984721056407,
              43.28767700795886
            ]
          ]
        ]
      },
      "properties": {
        "uuid": "130f9ed5-4534-4b71-a1c6-720087a871d1",
        "h3_index": "88396815b3fffff",
        "city_code": "13055",
        "city_name": "Marseille",
        "latitude": 43.28466593562394,
        "longitude": 5.4837728737475775,
        "manual_surge": 0,
        "available": true,
        "status": "active",
        "dept_code": "13",
        "id": "MAR-13-13055"
      }
    },
    {
      "type": "Feature",
      "geometry": {
        "type": "Polygon",
        "coordinates": [
          [
            [
              5.369798742464499,
              43.32245609689325
            ],
            [
              5.368367284504229,
              43.31772802083135
            ],
            [
              5.3731573706832725,
              43.31472407407222
            ],
            [
              5.379379276991984,
              43.316448081172055
            ],
            [
              5.380811457970299,
              43.321176254874686
            ],
            [
              5.3760210096389764,
              43.324180323854655
            ],
            [
              5.369798742464499,
              43.32245609689325
            ]
          ]
        ]
      },
      "properties": {
        "uuid": "e8692c71-ec99-42c3-b949-cfb752508721",
        "h3_index": "8839681509fffff",
        "city_code": "13055",
        "city_name": "Marseille",
        "latitude": 43.31945228044816,
        "longitude": 5.374589100712897,
        "manual_surge": 0,
        "available": true,
        "status": "active",
        "dept_code": "13",
        "id": "MAR-13-13055"
      }
    },
    {
      "type": "Feature",
      "geometry": {
        "type": "Polygon",
        "coordinates": [
          [
            [
              5.4224626976173225,
              43.34569705584791
            ],
            [
              5.421027272156043,
              43.34096956974607
            ],
            [
              5.4258186197891085,
              43.337963862512716
            ],
            [
              5.432045754005142,
              43.33968551883135
            ],
            [
              5.433481902821617,
              43.34441310182235
            ],
            [
              5.42869019408421,
              43.34741893162347
            ],
            [
              5.4224626976173225,
              43.34569705584791
            ]
          ]
        ]
      },
      "properties": {
        "uuid": "2793934e-dd48-4fe1-bfa0-db734d32ca79",
        "h3_index": "883968142bfffff",
        "city_code": "13055",
        "city_name": "Marseille",
        "latitude": 43.34269147881603,
        "longitude": 5.4272543172312115,
        "manual_surge": 0,
        "available": true,
        "status": "active",
        "dept_code": "13",
        "id": "MAR-13-13055"
      }
    },
    {
      "type": "Feature",
      "geometry": {
        "type": "Polygon",
        "coordinates": [
          [
            [
              5.456956149463631,
              43.29025868985243
            ],
            [
              5.4555193546564755,
              43.28552905426126
            ],
            [
              5.460307425964261,
              43.28251912261591
            ],
            [
              5.466532651896279,
              43.28423870366635
            ],
            [
              5.46797016904036,
              43.28896843589109
            ],
            [
              5.463181737932955,
              43.29197849044973
            ],
            [
              5.456956149463631,
              43.29025868985243
            ]
          ]
        ]
      },
      "properties": {
        "uuid": "ad6f25e1-fc51-40d8-aa8b-43222340b97c",
        "h3_index": "88396815bdfffff",
        "city_code": "13055",
        "city_name": "Marseille",
        "latitude": 43.28724888801657,
        "longitude": 5.461744492228375,
        "manual_surge": 0,
        "available": true,
        "status": "active",
        "dept_code": "13",
        "id": "MAR-13-13055"
      }
    },
    {
      "type": "Feature",
      "geometry": {
        "type": "Polygon",
        "coordinates": [
          [
            [
              5.39329765402725,
              43.268315013537546
            ],
            [
              5.391865544876932,
              43.26358488765673
            ],
            [
              5.39665245462176,
              43.26057735173121
            ],
            [
              5.402871834654771,
              43.262299819219116
            ],
            [
              5.404304665845191,
              43.267030042621414
            ],
            [
              5.399517394979677,
              43.270037701032194
            ],
            [
              5.39329765402725,
              43.268315013537546
            ]
          ]
        ]
      },
      "properties": {
        "uuid": "7d79959b-1d6f-4729-94a2-2c6c8d84dbde",
        "h3_index": "8839680289fffff",
        "city_code": "13055",
        "city_name": "Marseille",
        "latitude": 43.265307607584894,
        "longitude": 5.398084835377514,
        "manual_surge": 0,
        "available": true,
        "status": "active",
        "dept_code": "13",
        "id": "MAR-13-13055"
      }
    },
    {
      "type": "Feature",
      "geometry": {
        "type": "Polygon",
        "coordinates": [
          [
            [
              5.378935018102943,
              43.27733493665177
            ],
            [
              5.377503724019037,
              43.27260520088976
            ],
            [
              5.3822911795190995,
              43.269598812262466
            ],
            [
              5.38851029066041,
              43.271322037050524
            ],
            [
              5.389942306960922,
              43.276051870487706
            ],
            [
              5.385154489920637,
              43.27905838147953
            ],
            [
              5.378935018102943,
              43.27733493665177
            ]
          ]
        ]
      },
      "properties": {
        "uuid": "27cb6d0f-0d5e-4bd8-b6aa-7095ed15aa52",
        "h3_index": "88396802c1fffff",
        "city_code": "13055",
        "city_name": "Marseille",
        "latitude": 43.27432867809741,
        "longitude": 5.383722745333474,
        "manual_surge": 0,
        "available": true,
        "status": "active",
        "dept_code": "13",
        "id": "MAR-13-13055"
      }
    },
    {
      "type": "Feature",
      "geometry": {
        "type": "Polygon",
        "coordinates": [
          [
            [
              5.457429967229098,
              43.216712493212455
            ],
            [
              5.4559944176323985,
              43.21198022653731
            ],
            [
              5.460778231839404,
              43.20896708075286
            ],
            [
              5.4669979548095915,
              43.2106860786183
            ],
            [
              5.468434225458905,
              43.215418442165
            ],
            [
              5.4636500521028255,
              43.21843171099259
            ],
            [
              5.457429967229098,
              43.216712493212455
            ]
          ]
        ]
      },
      "properties": {
        "uuid": "f0bc2811-6d92-4448-ab3d-96ee9a09a229",
        "h3_index": "883968009bfffff",
        "city_code": "13055",
        "city_name": "Marseille",
        "latitude": 43.213699476901866,
        "longitude": 5.462214052408501,
        "manual_surge": 0,
        "available": true,
        "status": "active",
        "dept_code": "13",
        "id": "MAR-13-13055"
      }
    },
    {
      "type": "Feature",
      "geometry": {
        "type": "Polygon",
        "coordinates": [
          [
            [
              5.463658155970953,
              43.2747787504257
            ],
            [
              5.462221177126131,
              43.27004852953998
            ],
            [
              5.46700833959445,
              43.26703757352006
            ],
            [
              5.473232840430533,
              43.268756715415215
            ],
            [
              5.474670541332314,
              43.273487032900285
            ],
            [
              5.46988301935855,
              43.276498111908744
            ],
            [
              5.463658155970953,
              43.2747787504257
            ]
          ]
        ]
      },
      "properties": {
        "uuid": "63f32a0d-17fc-4ff6-87e7-c3cebddfd7ad",
        "h3_index": "883968074bfffff",
        "city_code": "13055",
        "city_name": "Marseille",
        "latitude": 43.27176792411761,
        "longitude": 5.468445589763633,
        "manual_surge": 0,
        "available": true,
        "status": "active",
        "dept_code": "13",
        "id": "MAR-13-13055"
      }
    },
    {
      "type": "Feature",
      "geometry": {
        "type": "Polygon",
        "coordinates": [
          [
            [
              5.490444335528458,
              43.212826823197084
            ],
            [
              5.4890066228881045,
              43.208094266317524
            ],
            [
              5.493790152070994,
              43.20507921716485
            ],
            [
              5.500011752242511,
              43.2067966016191
            ],
            [
              5.501450185820988,
              43.21152925495996
            ],
            [
              5.496666298307365,
              43.21454442740312
            ],
            [
              5.490444335528458,
              43.212826823197084
            ]
          ]
        ]
      },
      "properties": {
        "uuid": "b0c3d106-edb8-4559-8bd0-92b807826774",
        "h3_index": "8839680543fffff",
        "city_code": "13055",
        "city_name": "Marseille",
        "latitude": 43.20981190336415,
        "longitude": 5.495228135505939,
        "manual_surge": 0,
        "available": true,
        "status": "active",
        "dept_code": "13",
        "id": "MAR-13-13055"
      }
    },
    {
      "type": "Feature",
      "geometry": {
        "type": "Polygon",
        "coordinates": [
          [
            [
              5.422018009905022,
              43.2502648421549
            ],
            [
              5.42058427174753,
              43.245533936937406
            ],
            [
              5.4253700884581875,
              43.24252410713135
            ],
            [
              5.431590003625284,
              43.244245059834206
            ],
            [
              5.433024463469248,
              43.248976062265704
            ],
            [
              5.428238286476903,
              43.25198601479821
            ],
            [
              5.422018009905022,
              43.2502648421549
            ]
          ]
        ]
      },
      "properties": {
        "uuid": "7a6b7cc3-7971-49d3-9f7a-e0eb699ae84b",
        "h3_index": "88396802bbfffff",
        "city_code": "13055",
        "city_name": "Marseille",
        "latitude": 43.247255142121446,
        "longitude": 5.426804097970889,
        "manual_surge": 0,
        "available": true,
        "status": "active",
        "dept_code": "13",
        "id": "MAR-13-13055"
      }
    },
    {
      "type": "Feature",
      "geometry": {
        "type": "Polygon",
        "coordinates": [
          [
            [
              5.360653083201033,
              43.367555846227745
            ],
            [
              5.359221461855523,
              43.36282943443928
            ],
            [
              5.36401418134958,
              43.3598279325841
            ],
            [
              5.370238884971853,
              43.361552720457205
            ],
            [
              5.371671230138068,
              43.366279229851116
            ],
            [
              5.3668781478784515,
              43.369280853784424
            ],
            [
              5.360653083201033,
              43.367555846227745
            ]
          ]
        ]
      },
      "properties": {
        "uuid": "cbfcedf4-fae7-43b4-9be1-d51565fa5e1b",
        "h3_index": "8839681703fffff",
        "city_code": "13055",
        "city_name": "Marseille",
        "latitude": 43.36455447492665,
        "longitude": 5.365446075103896,
        "manual_surge": 0,
        "available": true,
        "status": "active",
        "dept_code": "13",
        "id": "MAR-13-13055"
      }
    },
    {
      "type": "Feature",
      "geometry": {
        "type": "Polygon",
        "coordinates": [
          [
            [
              5.454081156986715,
              43.22445710260159
            ],
            [
              5.452645699327678,
              43.219725127523255
            ],
            [
              5.457429967229098,
              43.216712493212455
            ],
            [
              5.4636500521028255,
              43.21843171099259
            ],
            [
              5.465086230954099,
              43.223163782959794
            ],
            [
              5.460301603756818,
              43.22617654027588
            ],
            [
              5.454081156986715,
              43.22445710260159
            ]
          ]
        ]
      },
      "properties": {
        "uuid": "3590ea66-8ede-476f-8a28-463aeffcf699",
        "h3_index": "8839680725fffff",
        "city_code": "13055",
        "city_name": "Marseille",
        "latitude": 43.22144459781373,
        "longitude": 5.458865695926685,
        "manual_surge": 0,
        "available": true,
        "status": "active",
        "dept_code": "13",
        "id": "MAR-13-13055"
      }
    },
    {
      "type": "Feature",
      "geometry": {
        "type": "Polygon",
        "coordinates": [
          [
            [
              5.375031512748204,
              43.35855058284559
            ],
            [
              5.373599074301648,
              43.35382377949452
            ],
            [
              5.3783912476462366,
              43.35082112831239
            ],
            [
              5.3846162217994165,
              43.35254515830053
            ],
            [
              5.386049383889982,
              43.35727205910377
            ],
            [
              5.3812568482005325,
              43.36027483248462
            ],
            [
              5.375031512748204,
              43.35855058284559
            ]
          ]
        ]
      },
      "properties": {
        "uuid": "17a189cc-f691-487f-89bc-b7693c9931fe",
        "h3_index": "883968173bfffff",
        "city_code": "13055",
        "city_name": "Marseille",
        "latitude": 43.355548062117975,
        "longitude": 5.37982395837629,
        "manual_surge": 0,
        "available": true,
        "status": "active",
        "dept_code": "13",
        "id": "MAR-13-13055"
      }
    },
    {
      "type": "Feature",
      "geometry": {
        "type": "Polygon",
        "coordinates": [
          [
            [
              5.520677777956088,
              43.312172954589094
            ],
            [
              5.519236292454163,
              43.30744381709628
            ],
            [
              5.5240255134325205,
              43.30443148692662
            ],
            [
              5.5302565784019855,
              43.30614817092718
            ],
            [
              5.531698786532139,
              43.310877404164756
            ],
            [
              5.526909207082322,
              43.31388985767493
            ],
            [
              5.520677777956088,
              43.312172954589094
            ]
          ]
        ]
      },
      "properties": {
        "uuid": "bcd83eb0-6d05-41b0-98b7-cc71d5eeb8d1",
        "h3_index": "8839680643fffff",
        "city_code": "13055",
        "city_name": "Marseille",
        "latitude": 43.309160754065196,
        "longitude": 5.525467270240095,
        "manual_surge": 0,
        "available": true,
        "status": "active",
        "dept_code": "13",
        "id": "MAR-13-13055"
      }
    },
    {
      "type": "Feature",
      "geometry": {
        "type": "Polygon",
        "coordinates": [
          [
            [
              5.349635477114784,
              43.36883128863959
            ],
            [
              5.348204579626472,
              43.36410497459299
            ],
            [
              5.3529973904691035,
              43.361104108481406
            ],
            [
              5.359221461855523,
              43.36282943443928
            ],
            [
              5.360653083201033,
              43.367555846227745
            ],
            [
              5.355859909320002,
              43.37055683433441
            ],
            [
              5.349635477114784,
              43.36883128863959
            ]
          ]
        ]
      },
      "properties": {
        "uuid": "7a00de26-e7a2-4521-8d96-a8313f8f0f33",
        "h3_index": "8839681701fffff",
        "city_code": "13055",
        "city_name": "Marseille",
        "latitude": 43.36583055313313,
        "longitude": 5.354428560425004,
        "manual_surge": 0,
        "available": true,
        "status": "active",
        "dept_code": "13",
        "id": "MAR-13-13055"
      }
    },
    {
      "type": "Feature",
      "geometry": {
        "type": "Polygon",
        "coordinates": [
          [
            [
              5.384169271245163,
              43.31344349909118
            ],
            [
              5.38273699720201,
              43.30871503218696
            ],
            [
              5.38752653742855,
              43.30570993711344
            ],
            [
              5.393748713447517,
              43.30743318662055
            ],
            [
              5.3951817103320945,
              43.312161751012056
            ],
            [
              5.390391808373428,
              43.315166968427064
            ],
            [
              5.384169271245163,
              43.31344349909118
            ]
          ]
        ]
      },
      "properties": {
        "uuid": "38fdbefb-99f5-4058-a815-d95da058ec5f",
        "h3_index": "8839681503fffff",
        "city_code": "13055",
        "city_name": "Marseille",
        "latitude": 43.31043853423191,
        "longitude": 5.388959083415869,
        "manual_surge": 0,
        "available": true,
        "status": "active",
        "dept_code": "13",
        "id": "MAR-13-13055"
      }
    },
    {
      "type": "Feature",
      "geometry": {
        "type": "Polygon",
        "coordinates": [
          [
            [
              5.472283797579998,
              43.303156654202255
            ],
            [
              5.470845741850409,
              43.2984274112241
            ],
            [
              5.475634532631224,
              43.295417233707205
            ],
            [
              5.481861738706125,
              43.29713617618315
            ],
            [
              5.483300516976528,
              43.30186551555567
            ],
            [
              5.478511366648742,
              43.3048758160758
            ],
            [
              5.472283797579998,
              43.303156654202255
            ]
          ]
        ]
      },
      "properties": {
        "uuid": "3c637171-65c0-48fa-b09e-7845f9a1420e",
        "h3_index": "8839681595fffff",
        "city_code": "13055",
        "city_name": "Marseille",
        "latitude": 43.300146606489946,
        "longitude": 5.477072859831696,
        "manual_surge": 0,
        "available": true,
        "status": "active",
        "dept_code": "13",
        "id": "MAR-13-13055"
      }
    },
    {
      "type": "Feature",
      "geometry": {
        "type": "Polygon",
        "coordinates": [
          [
            [
              5.337690875348502,
              43.34819909037735
            ],
            [
              5.336261144341734,
              43.343472090536295
            ],
            [
              5.341052774789547,
              43.340470954642676
            ],
            [
              5.347274499401306,
              43.34219669666629
            ],
            [
              5.348704953918392,
              43.34692379447166
            ],
            [
              5.343912960330383,
              43.349925052306986
            ],
            [
              5.337690875348502,
              43.34819909037735
            ]
          ]
        ]
      },
      "properties": {
        "uuid": "b610c1b0-c961-4c0a-bf3e-8eb3577ab78a",
        "h3_index": "8839681721fffff",
        "city_code": "13055",
        "city_name": "Marseille",
        "latitude": 43.345198085045645,
        "longitude": 5.342482778182132,
        "manual_surge": 0,
        "available": true,
        "status": "active",
        "dept_code": "13",
        "id": "MAR-13-13055"
      }
    },
    {
      "type": "Feature",
      "geometry": {
        "type": "Polygon",
        "coordinates": [
          [
            [
              5.36158709492667,
              43.38946032333962
            ],
            [
              5.360155029957441,
              43.38473469658784
            ],
            [
              5.364949021338159,
              43.38173410033419
            ],
            [
              5.371175440641379,
              43.3834590088015
            ],
            [
              5.372608229814767,
              43.388184733072514
            ],
            [
              5.367813875497929,
              43.3911854513749
            ],
            [
              5.36158709492667,
              43.38946032333962
            ]
          ]
        ]
      },
      "properties": {
        "uuid": "18eacac7-2eeb-401f-a3f2-56dc3c9ec296",
        "h3_index": "8839681751fffff",
        "city_code": "13055",
        "city_name": "Marseille",
        "latitude": 43.386459857734074,
        "longitude": 5.366381358856657,
        "manual_surge": 0,
        "available": true,
        "status": "active",
        "dept_code": "13",
        "id": "MAR-13-13055"
      }
    },
    {
      "type": "Feature",
      "geometry": {
        "type": "Polygon",
        "coordinates": [
          [
            [
              5.357854060894917,
              43.30181817320489
            ],
            [
              5.356423768805959,
              43.29708941346347
            ],
            [
              5.361212676670142,
              43.294085198022586
            ],
            [
              5.3674322388948665,
              43.295809620172925
            ],
            [
              5.368863253655917,
              43.30053847777717
            ],
            [
              5.364073983537191,
              43.303542815386145
            ],
            [
              5.357854060894917,
              43.30181817320489
            ]
          ]
        ]
      },
      "properties": {
        "uuid": "cdd03279-8bbb-4e55-9cbf-8252c3fa9e72",
        "h3_index": "8839681529fffff",
        "city_code": "13055",
        "city_name": "Marseille",
        "latitude": 43.298814088034405,
        "longitude": 5.362643240747036,
        "manual_surge": 0,
        "available": true,
        "status": "active",
        "dept_code": "13",
        "id": "MAR-13-13055"
      }
    },
    {
      "type": "Feature",
      "geometry": {
        "type": "Polygon",
        "coordinates": [
          [
            [
              5.402416675054178,
              43.223165170439046
            ],
            [
              5.4009847312843045,
              43.21843339017175
            ],
            [
              5.405769013180258,
              43.21542341644603
            ],
            [
              5.411985599373767,
              43.21714510037544
            ],
            [
              5.413418264383654,
              43.221876978197585
            ],
            [
              5.408633621977184,
              43.22488707455331
            ],
            [
              5.402416675054178,
              43.223165170439046
            ]
          ]
        ]
      },
      "properties": {
        "uuid": "e9a3ed0c-14c9-4867-af8d-1274c6bff515",
        "h3_index": "88396800c1fffff",
        "city_code": "13055",
        "city_name": "Marseille",
        "latitude": 43.22015532644377,
        "longitude": 5.407201228217423,
        "manual_surge": 0,
        "available": true,
        "status": "active",
        "dept_code": "13",
        "id": "MAR-13-13055"
      }
    },
    {
      "type": "Feature",
      "geometry": {
        "type": "Polygon",
        "coordinates": [
          [
            [
              5.394768773660503,
              43.21671116947369
            ],
            [
              5.393337458451869,
              43.21197919532713
            ],
            [
              5.398121379712313,
              43.208969344186656
            ],
            [
              5.40433697683402,
              43.21069134462531
            ],
            [
              5.405769013180258,
              43.21542341644603
            ],
            [
              5.4009847312843045,
              43.21843339017175
            ],
            [
              5.394768773660503,
              43.21671116947369
            ]
          ]
        ]
      },
      "properties": {
        "uuid": "4ba1a16e-3b8e-4401-bea0-c0189129df33",
        "h3_index": "88396800c5fffff",
        "city_code": "13055",
        "city_name": "Marseille",
        "latitude": 43.2137014480659,
        "longitude": 5.399552966180894,
        "manual_surge": 0,
        "available": true,
        "status": "active",
        "dept_code": "13",
        "id": "MAR-13-13055"
      }
    },
    {
      "type": "Feature",
      "geometry": {
        "type": "Polygon",
        "coordinates": [
          [
            [
              5.483751065839025,
              43.22831962661132
            ],
            [
              5.482313536294648,
              43.22358765295135
            ],
            [
              5.48709797348799,
              43.22057362642575
            ],
            [
              5.493320298867388,
              43.22229145036312
            ],
            [
              5.49475854962944,
              43.227023520519055
            ],
            [
              5.489973753811955,
              43.23003767025952
            ],
            [
              5.483751065839025,
              43.22831962661132
            ]
          ]
        ]
      },
      "properties": {
        "uuid": "3545f972-5a22-4fcc-8d1b-bf048a97c7d1",
        "h3_index": "8839680735fffff",
        "city_code": "13055",
        "city_name": "Marseille",
        "latitude": 43.22530572950368,
        "longitude": 5.4885357739593195,
        "manual_surge": 0,
        "available": true,
        "status": "active",
        "dept_code": "13",
        "id": "MAR-13-13055"
      }
    },
    {
      "type": "Feature",
      "geometry": {
        "type": "Polygon",
        "coordinates": [
          [
            [
              5.432528822300978,
              43.322495055964716
            ],
            [
              5.431093119211883,
              43.3177666893521
            ],
            [
              5.435883102862772,
              43.31475944322624
            ],
            [
              5.442109150282075,
              43.31648044105058
            ],
            [
              5.44354557630604,
              43.321208904501546
            ],
            [
              5.438755231993185,
              43.32421627330772
            ],
            [
              5.432528822300978,
              43.322495055964716
            ]
          ]
        ]
      },
      "properties": {
        "uuid": "99fe0e30-b16c-4fab-ba47-d73e826ad083",
        "h3_index": "88396815c1fffff",
        "city_code": "13055",
        "city_name": "Marseille",
        "latitude": 43.31948793989451,
        "longitude": 5.437319077733468,
        "manual_surge": 0,
        "available": true,
        "status": "active",
        "dept_code": "13",
        "id": "MAR-13-13055"
      }
    },
    {
      "type": "Feature",
      "geometry": {
        "type": "Polygon",
        "coordinates": [
          [
            [
              5.409550322557899,
              43.30314380231856
            ],
            [
              5.4081165101428414,
              43.298414847537714
            ],
            [
              5.412905411053,
              43.29540796918188
            ],
            [
              5.419128485434709,
              43.2971299230799
            ],
            [
              5.420563020477177,
              43.301858975057925
            ],
            [
              5.4157737585277985,
              43.30486597595864
            ],
            [
              5.409550322557899,
              43.30314380231856
            ]
          ]
        ]
      },
      "properties": {
        "uuid": "85ec492a-2f11-42ea-bf7a-3bcaee8fadce",
        "h3_index": "88396815edfffff",
        "city_code": "13055",
        "city_name": "Marseille",
        "latitude": 43.30013705402592,
        "longitude": 5.414339495228013,
        "manual_surge": 0,
        "available": true,
        "status": "active",
        "dept_code": "13",
        "id": "MAR-13-13055"
      }
    }
  ]
}