{
  "type": "FeatureCollection",
  "features": [
    {
      "type": "Feature",
      "geometry": {
        "type": "Polygon",
        "coordinates": [
          [
            [
              7.280145253943421,
              43.72801821142157
            ],
            [
              7.278577415995782,
              43.72329919674882
            ],
            [
              7.283383305044834,
              43.7202131148738
            ],
            [
              7.289757350296266,
              43.721845912853766
            ],
            [
              7.291325913580226,
              43.72656499930526
            ],
            [
              7.28651970630184,
              43.72965121601664
            ],
            [
              7.280145253943421,
              43.72801821142157
            ]
          ]
        ]
      },
      "properties": {
        "uuid": "7356577d-f0c9-4c7a-9067-b5848d01811a",
        "h3_index": "883969a0d9fffff",
        "city_code": "06088",
        "city_name": "Nice",
        "latitude": 43.7249322538545,
        "longitude": 7.284951407953381,
        "manual_surge": 0,
        "available": true,
        "status": "active",
        "dept_code": "06",
        "id": "NIC-06-06088"
      }
    },
    {
      "type": "Feature",
      "geometry": {
        "type": "Polygon",
        "coordinates": [
          [
            [
              7.190714768486433,
              43.739600237845224
            ],
            [
              7.189152735639993,
              43.73488180241268
            ],
            [
              7.193959878397905,
              43.73180086098767
            ],
            [
              7.200329374644416,
              43.73343822077588
            ],
            [
              7.201892133361231,
              43.73815672910041
            ],
            [
              7.197084669986204,
              43.74123780476335
            ],
            [
              7.190714768486433,
              43.739600237845224
            ]
          ]
        ]
      },
      "properties": {
        "uuid": "eaf628c1-eed1-4f09-a76d-afcb9127bb2c",
        "h3_index": "883969a237fffff",
        "city_code": "06088",
        "city_name": "Nice",
        "latitude": 43.736519421143285,
        "longitude": 7.19552217678154,
        "manual_surge": 0,
        "available": true,
        "status": "active",
        "dept_code": "06",
        "id": "NIC-06-06088"
      }
    },
    {
      "type": "Feature",
      "geometry": {
        "type": "Polygon",
        "coordinates": [
          [
            [
              7.3025069813332095,
              43.725110573697826
            ],
            [
              7.300937692780502,
              43.72039141560683
            ],
            [
              7.305743264595143,
              43.717304048682465
            ],
            [
              7.312118442619329,
              43.71893570488227
            ],
            [
              7.31368845637309,
              43.723654934473544
            ],
            [
              7.30888256692713,
              43.72674243638334
            ],
            [
              7.3025069813332095,
              43.725110573697826
            ]
          ]
        ]
      },
      "properties": {
        "uuid": "2aab7bb2-a24c-4c5a-b7a3-01dc72f4bce2",
        "h3_index": "883969a72dfffff",
        "city_code": "06088",
        "city_name": "Nice",
        "latitude": 43.72202333097752,
        "longitude": 7.307312817963976,
        "manual_surge": 0,
        "available": true,
        "status": "active",
        "dept_code": "06",
        "id": "NIC-06-06088"
      }
    },
    {
      "type": "Feature",
      "geometry": {
        "type": "Polygon",
        "coordinates": [
          [
            [
              7.198647358046037,
              43.745956011783086
            ],
            [
              7.197084669986204,
              43.74123780476335
            ],
            [
              7.201892133361231,
              43.73815672910041
            ],
            [
              7.208262605284158,
              43.73979372619451
            ],
            [
              7.209826019297582,
              43.744512005983644
            ],
            [
              7.205018235459585,
              43.74759321592788
            ],
            [
              7.198647358046037,
              43.745956011783086
            ]
          ]
        ]
      },
      "properties": {
        "uuid": "587f179a-5f98-4642-981e-72232780f61a",
        "h3_index": "883969a233fffff",
        "city_code": "06088",
        "city_name": "Nice",
        "latitude": 43.742875060839324,
        "longitude": 7.203455086954903,
        "manual_surge": 0,
        "available": true,
        "status": "active",
        "dept_code": "06",
        "id": "NIC-06-06088"
      }
    },
    {
      "type": "Feature",
      "geometry": {
        "type": "Polygon",
        "coordinates": [
          [
            [
              7.241909332837839,
              43.71821364265879
            ],
            [
              7.240344256657376,
              43.71349431436487
            ],
            [
              7.245149823299538,
              43.71040978681036
            ],
            [
              7.25152078528397,
              43.7120444529675
            ],
            [
              7.253086586770389,
              43.71676385356378
            ],
            [
              7.248280700991672,
              43.719848515719136
            ],
            [
              7.241909332837839,
              43.71821364265879
            ]
          ]
        ]
      },
      "properties": {
        "uuid": "849a4581-6748-4573-b666-b2614c6a8716",
        "h3_index": "883969a0cdfffff",
        "city_code": "06088",
        "city_name": "Nice",
        "latitude": 43.71512923952372,
        "longitude": 7.246715164592758,
        "manual_surge": 0,
        "available": true,
        "status": "active",
        "dept_code": "06",
        "id": "NIC-06-06088"
      }
    },
    {
      "type": "Feature",
      "geometry": {
        "type": "Polygon",
        "coordinates": [
          [
            [
              7.278680168617121,
              43.70605463766908
            ],
            [
              7.277112847126616,
              43.701334792062845
            ],
            [
              7.281917465114762,
              43.698247829836774
            ],
            [
              7.288289722716232,
              43.69988057837909
            ],
            [
              7.2898577691619915,
              43.70460049585349
            ],
            [
              7.285052833076413,
              43.707687592936
            ],
            [
              7.278680168617121,
              43.70605463766908
            ]
          ]
        ]
      },
      "properties": {
        "uuid": "2cd4d09d-588b-4c1e-ad4d-c48a8e163447",
        "h3_index": "883969a08bfffff",
        "city_code": "06088",
        "city_name": "Nice",
        "latitude": 43.70296779965854,
        "longitude": 7.283485051433205,
        "manual_surge": 0,
        "available": true,
        "status": "active",
        "dept_code": "06",
        "id": "NIC-06-06088"
      }
    },
    {
      "type": "Feature",
      "geometry": {
        "type": "Polygon",
        "coordinates": [
          [
            [
              7.23218458366425,
              43.74162035601142
            ],
            [
              7.2306197179427025,
              43.736901931100874
            ],
            [
              7.235426713137584,
              43.73381892749938
            ],
            [
              7.24179889364714,
              43.73545421432099
            ],
            [
              7.2433644851228856,
              43.740172711583504
            ],
            [
              7.238557170360113,
              43.74325584969102
            ],
            [
              7.23218458366425,
              43.74162035601142
            ]
          ]
        ]
      },
      "properties": {
        "uuid": "eb065bd6-95c7-485e-a407-3fa370ce4e4c",
        "h3_index": "883969a2a9fffff",
        "city_code": "06088",
        "city_name": "Nice",
        "latitude": 43.73853747697347,
        "longitude": 7.2369918441771866,
        "manual_surge": 0,
        "available": true,
        "status": "active",
        "dept_code": "06",
        "id": "NIC-06-06088"
      }
    },
    {
      "type": "Feature",
      "geometry": {
        "type": "Polygon",
        "coordinates": [
          [
            [
              7.305743264595143,
              43.717304048682465
            ],
            [
              7.30417390678641,
              43.712584589562994
            ],
            [
              7.308979001924909,
              43.70949671514108
            ],
            [
              7.315353772385497,
              43.71112816484031
            ],
            [
              7.316923855245673,
              43.71584769544345
            ],
            [
              7.312118442619329,
              43.71893570488227
            ],
            [
              7.305743264595143,
              43.717304048682465
            ]
          ]
        ]
      },
      "properties": {
        "uuid": "854fb806-b18e-4571-ba47-e0dd3351b502",
        "h3_index": "883969a725fffff",
        "city_code": "06088",
        "city_name": "Nice",
        "latitude": 43.71421629841649,
        "longitude": 7.310548624481347,
        "manual_surge": 0,
        "available": true,
        "status": "active",
        "dept_code": "06",
        "id": "NIC-06-06088"
      }
    },
    {
      "type": "Feature",
      "geometry": {
        "type": "Polygon",
        "coordinates": [
          [
            [
              7.213069912979937,
              43.73671200787967
            ],
            [
              7.2115064284588675,
              43.73199342680221
            ],
            [
              7.216313260073775,
              43.728911200228985
            ],
            [
              7.222683896255718,
              43.73054742036394
            ],
            [
              7.224248106514718,
              43.73526607405517
            ],
            [
              7.219440954878994,
              43.73834843501626
            ],
            [
              7.213069912979937,
              43.73671200787967
            ]
          ]
        ]
      },
      "properties": {
        "uuid": "3199cb50-f552-40b1-959a-f229b844a37a",
        "h3_index": "883969a05bfffff",
        "city_code": "06088",
        "city_name": "Nice",
        "latitude": 43.73362990592579,
        "longitude": 7.21787700998839,
        "manual_surge": 0,
        "available": true,
        "status": "active",
        "dept_code": "06",
        "id": "NIC-06-06088"
      }
    },
    {
      "type": "Feature",
      "geometry": {
        "type": "Polygon",
        "coordinates": [
          [
            [
              7.2401226917205115,
              43.74797404558724
            ],
            [
              7.238557170360113,
              43.74325584969102
            ],
            [
              7.2433644851228856,
              43.740172711583504
            ],
            [
              7.249737640684489,
              43.7418076348415
            ],
            [
              7.251303887881778,
              43.74652590296704
            ],
            [
              7.2464962537058435,
              43.74960917562385
            ],
            [
              7.2401226917205115,
              43.74797404558724
            ]
          ]
        ]
      },
      "properties": {
        "uuid": "c1f037aa-24c5-45e5-9566-cee0fa76300e",
        "h3_index": "883969a285fffff",
        "city_code": "06088",
        "city_name": "Nice",
        "latitude": 43.74489103203938,
        "longitude": 7.244930271797727,
        "manual_surge": 0,
        "available": true,
        "status": "active",
        "dept_code": "06",
        "id": "NIC-06-06088"
      }
    },
    {
      "type": "Feature",
      "geometry": {
        "type": "Polygon",
        "coordinates": [
          [
            [
              7.208380044143208,
              43.72255573504341
            ],
            [
              7.206817144280376,
              43.71783662449164
            ],
            [
              7.2116231798446195,
              43.714754024148725
            ],
            [
              7.217992435328011,
              43.71639039999986
            ],
            [
              7.219556060696497,
              43.721109583271485
            ],
            [
              7.214749705101044,
              43.724192317990685
            ],
            [
              7.208380044143208,
              43.72255573504341
            ]
          ]
        ]
      },
      "properties": {
        "uuid": "0f58b690-2436-4467-8680-84cc71359c38",
        "h3_index": "883969a057fffff",
        "city_code": "06088",
        "city_name": "Nice",
        "latitude": 43.71947325927566,
        "longitude": 7.213186345036027,
        "manual_surge": 0,
        "available": true,
        "status": "active",
        "dept_code": "06",
        "id": "NIC-06-06088"
      }
    },
    {
      "type": "Feature",
      "geometry": {
        "type": "Polygon",
        "coordinates": [
          [
            [
              7.23397386305952,
              43.711859078176666
            ],
            [
              7.2324094420612575,
              43.70713952143521
            ],
            [
              7.237214689412233,
              43.7040551284384
            ],
            [
              7.24358467707788,
              43.70569015764392
            ],
            [
              7.245149823299538,
              43.71040978681036
            ],
            [
              7.240344256657376,
              43.71349431436487
            ],
            [
              7.23397386305952,
              43.711859078176666
            ]
          ]
        ]
      },
      "properties": {
        "uuid": "be503832-275e-4657-aaaf-37f6527da0ba",
        "h3_index": "883969a013fffff",
        "city_code": "06088",
        "city_name": "Nice",
        "latitude": 43.708774809603135,
        "longitude": 7.238779375526887,
        "manual_surge": 0,
        "available": true,
        "status": "active",
        "dept_code": "06",
        "id": "NIC-06-06088"
      }
    },
    {
      "type": "Feature",
      "geometry": {
        "type": "Polygon",
        "coordinates": [
          [
            [
              7.219556060696497,
              43.721109583271485
            ],
            [
              7.217992435328011,
              43.71639039999986
            ],
            [
              7.222798314965394,
              43.713307157247094
            ],
            [
              7.2291681397295156,
              43.71494296333334
            ],
            [
              7.230732490537252,
              43.719662219185686
            ],
            [
              7.225926291166763,
              43.72274559638965
            ],
            [
              7.219556060696497,
              43.721109583271485
            ]
          ]
        ]
      },
      "properties": {
        "uuid": "14aaa849-14a3-4a03-b591-70e6a8196ea7",
        "h3_index": "883969a019fffff",
        "city_code": "06088",
        "city_name": "Nice",
        "latitude": 43.718026465041994,
        "longitude": 7.224362205590573,
        "manual_surge": 0,
        "available": true,
        "status": "active",
        "dept_code": "06",
        "id": "NIC-06-06088"
      }
    },
    {
      "type": "Feature",
      "geometry": {
        "type": "Polygon",
        "coordinates": [
          [
            [
              7.224248106514718,
              43.73526607405517
            ],
            [
              7.222683896255718,
              43.73054742036394
            ],
            [
              7.22749057172812,
              43.72746455122522
            ],
            [
              7.233861777207159,
              43.729100201333516
            ],
            [
              7.235426713137584,
              43.73381892749938
            ],
            [
              7.2306197179427025,
              43.736901931100874
            ],
            [
              7.224248106514718,
              43.73526607405517
            ]
          ]
        ]
      },
      "properties": {
        "uuid": "245ac0d3-7f52-4e68-8aee-1d24c2b4886c",
        "h3_index": "883969a2adfffff",
        "city_code": "06088",
        "city_name": "Nice",
        "latitude": 43.73218332948389,
        "longitude": 7.229055047308695,
        "manual_surge": 0,
        "available": true,
        "status": "active",
        "dept_code": "06",
        "id": "NIC-06-06088"
      }
    },
    {
      "type": "Feature",
      "geometry": {
        "type": "Polygon",
        "coordinates": [
          [
            [
              7.21017723123248,
              43.69279183898117
            ],
            [
              7.208614774724093,
              43.688071598299345
            ],
            [
              7.21341906327547,
              43.684987608717044
            ],
            [
              7.219786128114399,
              43.686623725406704
            ],
            [
              7.221349309597975,
              43.69134403888115
            ],
            [
              7.216544701292523,
              43.69442816289187
            ],
            [
              7.21017723123248,
              43.69279183898117
            ]
          ]
        ]
      },
      "properties": {
        "uuid": "31327623-f298-4432-a198-fac989384626",
        "h3_index": "883969a031fffff",
        "city_code": "06088",
        "city_name": "Nice",
        "latitude": 43.689707973833485,
        "longitude": 7.214981784910799,
        "manual_surge": 0,
        "available": true,
        "status": "active",
        "dept_code": "06",
        "id": "NIC-06-06088"
      }
    },
    {
      "type": "Feature",
      "geometry": {
        "type": "Polygon",
        "coordinates": [
          [
            [
              7.197563456809594,
              43.672272980170916
            ],
            [
              7.196002238479695,
              43.667551984492405
            ],
            [
              7.200805411861797,
              43.664467756069364
            ],
            [
              7.207170123517091,
              43.66610438896919
            ],
            [
              7.208732066507379,
              43.670825457668606
            ],
            [
              7.203928573207012,
              43.67390982046582
            ],
            [
              7.197563456809594,
              43.672272980170916
            ]
          ]
        ]
      },
      "properties": {
        "uuid": "e27280ad-6c3b-4ffe-9d45-8197a9afe2cb",
        "h3_index": "883969a1c1fffff",
        "city_code": "06088",
        "city_name": "Nice",
        "latitude": 43.66918887614171,
        "longitude": 7.202366895257149,
        "manual_surge": 0,
        "available": true,
        "status": "active",
        "dept_code": "06",
        "id": "NIC-06-06088"
      }
    },
    {
      "type": "Feature",
      "geometry": {
        "type": "Polygon",
        "coordinates": [
          [
            [
              7.194320955957231,
              43.68007739649895
            ],
            [
              7.192759808228152,
              43.675356701025606
            ],
            [
              7.197563456809594,
              43.672272980170916
            ],
            [
              7.203928573207012,
              43.67390982046582
            ],
            [
              7.205490445745418,
              43.67863058897675
            ],
            [
              7.200686477102079,
              43.681714444173736
            ],
            [
              7.194320955957231,
              43.68007739649895
            ]
          ]
        ]
      },
      "properties": {
        "uuid": "0bb26b07-8021-4bbe-ae8a-17e5bb90301c",
        "h3_index": "883969a1c9fffff",
        "city_code": "06088",
        "city_name": "Nice",
        "latitude": 43.67699380008633,
        "longitude": 7.199124869672378,
        "manual_surge": 0,
        "available": true,
        "status": "active",
        "dept_code": "06",
        "id": "NIC-06-06088"
      }
    },
    {
      "type": "Feature",
      "geometry": {
        "type": "Polygon",
        "coordinates": [
          [
            [
              7.257785162334657,
              43.73092099568508
            ],
            [
              7.256218775261572,
              43.72620212498741
            ],
            [
              7.26102498002211,
              43.7231173281881
            ],
            [
              7.267397890707954,
              43.72475126741796
            ],
            [
              7.268965003251926,
              43.729470210172764
            ],
            [
              7.264158479664471,
              43.73255514165918
            ],
            [
              7.257785162334657,
              43.73092099568508
            ]
          ]
        ]
      },
      "properties": {
        "uuid": "26da1f04-9d5c-4238-ab33-ec80d4faadf9",
        "h3_index": "883969a2b5fffff",
        "city_code": "06088",
        "city_name": "Nice",
        "latitude": 43.72783632329754,
        "longitude": 7.262591632200581,
        "manual_surge": 0,
        "available": true,
        "status": "active",
        "dept_code": "06",
        "id": "NIC-06-06088"
      }
    },
    {
      "type": "Feature",
      "geometry": {
        "type": "Polygon",
        "coordinates": [
          [
            [
              7.1874691118530665,
              43.74739880496196
            ],
            [
              7.185907149812942,
              43.74268067085069
            ],
            [
              7.190714768486433,
              43.739600237845224
            ],
            [
              7.197084669986204,
              43.74123780476335
            ],
            [
              7.198647358046037,
              43.745956011783086
            ],
            [
              7.193839418611417,
              43.74903657899482
            ],
            [
              7.1874691118530665,
              43.74739880496196
            ]
          ]
        ]
      },
      "properties": {
        "uuid": "e90ee57c-7b73-43f5-8443-e0f28c0eed3a",
        "h3_index": "883969a231fffff",
        "city_code": "06088",
        "city_name": "Nice",
        "latitude": 43.744318496727516,
        "longitude": 7.192276996132194,
        "manual_surge": 0,
        "available": true,
        "status": "active",
        "dept_code": "06",
        "id": "NIC-06-06088"
      }
    },
    {
      "type": "Feature",
      "geometry": {
        "type": "Polygon",
        "coordinates": [
          [
            [
              7.216313260073775,
              43.728911200228985
            ],
            [
              7.214749705101044,
              43.724192317990685
            ],
            [
              7.219556060696497,
              43.721109583271485
            ],
            [
              7.225926291166763,
              43.72274559638965
            ],
            [
              7.22749057172812,
              43.72746455122522
            ],
            [
              7.222683896255718,
              43.73054742036394
            ],
            [
              7.216313260073775,
              43.728911200228985
            ]
          ]
        ]
      },
      "properties": {
        "uuid": "9d67ebaa-ad82-427d-8efe-d92466264c30",
        "h3_index": "883969a053fffff",
        "city_code": "06088",
        "city_name": "Nice",
        "latitude": 43.725828590081115,
        "longitude": 7.221119880994363,
        "manual_surge": 0,
        "available": true,
        "status": "active",
        "dept_code": "06",
        "id": "NIC-06-06088"
      }
    },
    {
      "type": "Feature",
      "geometry": {
        "type": "Polygon",
        "coordinates": [
          [
            [
              7.214865769242738,
              43.70695150432995
            ],
            [
              7.213302728457702,
              43.702231792061326
            ],
            [
              7.218107812454759,
              43.6991481758273
            ],
            [
              7.224476257005578,
              43.70078413744067
            ],
            [
              7.2260400229977755,
              43.705503922395984
            ],
            [
              7.221234619257101,
              43.708587673069786
            ],
            [
              7.214865769242738,
              43.70695150432995
            ]
          ]
        ]
      },
      "properties": {
        "uuid": "38c81691-4d9c-4238-94f8-e028e366d88b",
        "h3_index": "883969a015fffff",
        "city_code": "06088",
        "city_name": "Nice",
        "latitude": 43.70386801257488,
        "longitude": 7.219671118431585,
        "manual_surge": 0,
        "available": true,
        "status": "active",
        "dept_code": "06",
        "id": "NIC-06-06088"
      }
    },
    {
      "type": "Feature",
      "geometry": {
        "type": "Polygon",
        "coordinates": [
          [
            [
              7.206581578909368,
              43.75231119430127
            ],
            [
              7.205018235459585,
              43.74759321592788
            ],
            [
              7.209826019297582,
              43.744512005983644
            ],
            [
              7.216197466919212,
              43.74614864010677
            ],
            [
              7.217761536405691,
              43.75086669112689
            ],
            [
              7.212953432258978,
              43.75394803539577
            ],
            [
              7.206581578909368,
              43.75231119430127
            ]
          ]
        ]
      },
      "properties": {
        "uuid": "e58a5901-a39b-4137-a1fe-0a4062fb3171",
        "h3_index": "883969a2edfffff",
        "city_code": "06088",
        "city_name": "Nice",
        "latitude": 43.74923010907231,
        "longitude": 7.211389628277808,
        "manual_surge": 0,
        "available": true,
        "status": "active",
        "dept_code": "06",
        "id": "NIC-06-06088"
      }
    },
    {
      "type": "Feature",
      "geometry": {
        "type": "Polygon",
        "coordinates": [
          [
            [
              7.240454969712675,
              43.69625037021126
            ],
            [
              7.2388904085009385,
              43.6915302120748
            ],
            [
              7.2436947040781545,
              43.688444803735806
            ],
            [
              7.250063879896221,
              43.690079418930694
            ],
            [
              7.251629166032828,
              43.694799649458886
            ],
            [
              7.24682455145173,
              43.697885192419015
            ],
            [
              7.240454969712675,
              43.69625037021126
            ]
          ]
        ]
      },
      "properties": {
        "uuid": "d50cafd6-560e-41ea-9f4e-1a57bc8ad6a4",
        "h3_index": "883969a0e1fffff",
        "city_code": "06088",
        "city_name": "Nice",
        "latitude": 43.69316508619924,
        "longitude": 7.245259530269555,
        "manual_surge": 0,
        "available": true,
        "status": "active",
        "dept_code": "06",
        "id": "NIC-06-06088"
      }
    },
    {
      "type": "Feature",
      "geometry": {
        "type": "Polygon",
        "coordinates": [
          [
            [
              7.262485495273794,
              43.74507654694376
            ],
            [
              7.260918522306594,
              43.740358206728054
            ],
            [
              7.265725522447982,
              43.7372737832082
            ],
            [
              7.272099814397512,
              43.7389075652239
            ],
            [
              7.2736675130675,
              43.743625977390586
            ],
            [
              7.2688601941105295,
              43.7467105356092
            ],
            [
              7.262485495273794,
              43.74507654694376
            ]
          ]
        ]
      },
      "properties": {
        "uuid": "3d0a4f68-ce2a-4182-b51d-f48cbfb4b215",
        "h3_index": "883969a2b9fffff",
        "city_code": "06088",
        "city_name": "Nice",
        "latitude": 43.7419922478798,
        "longitude": 7.267292760585262,
        "manual_surge": 0,
        "available": true,
        "status": "active",
        "dept_code": "06",
        "id": "NIC-06-06088"
      }
    },
    {
      "type": "Feature",
      "geometry": {
        "type": "Polygon",
        "coordinates": [
          [
            [
              7.229281184910941,
              43.69769987895847
            ],
            [
              7.227717348690709,
              43.69297979335294
            ],
            [
              7.232521800822136,
              43.689895027174984
            ],
            [
              7.2388904085009385,
              43.6915302120748
            ],
            [
              7.240454969712675,
              43.69625037021126
            ],
            [
              7.235650198279292,
              43.699335270935535
            ],
            [
              7.229281184910941,
              43.69769987895847
            ]
          ]
        ]
      },
      "properties": {
        "uuid": "b51aef18-e8a5-4839-8f4c-bbd0e1d88588",
        "h3_index": "883969a0edfffff",
        "city_code": "06088",
        "city_name": "Nice",
        "latitude": 43.69461523715945,
        "longitude": 7.234085902093972,
        "manual_surge": 0,
        "available": true,
        "status": "active",
        "dept_code": "06",
        "id": "NIC-06-06088"
      }
    },
    {
      "type": "Feature",
      "geometry": {
        "type": "Polygon",
        "coordinates": [
          [
            [
              7.2898577691619915,
              43.70460049585349
            ],
            [
              7.288289722716232,
              43.69988057837909
            ],
            [
              7.293094182412618,
              43.69679297386209
            ],
            [
              7.299467006378951,
              43.69842515190708
            ],
            [
              7.301035777712487,
              43.703145141110404
            ],
            [
              7.2962310002173645,
              43.7062328805584
            ],
            [
              7.2898577691619915,
              43.70460049585349
            ]
          ]
        ]
      },
      "properties": {
        "uuid": "31666d74-d7eb-4463-b0d8-52cb0a3ce704",
        "h3_index": "883969a09dfffff",
        "city_code": "06088",
        "city_name": "Nice",
        "latitude": 43.701513015500055,
        "longitude": 7.294662493614034,
        "manual_surge": 0,
        "available": true,
        "status": "active",
        "dept_code": "06",
        "id": "NIC-06-06088"
      }
    },
    {
      "type": "Feature",
      "geometry": {
        "type": "Polygon",
        "coordinates": [
          [
            [
              7.200805411861797,
              43.664467756069364
            ],
            [
              7.19924412298692,
              43.65974646031375
            ],
            [
              7.204046821230885,
              43.65666172443522
            ],
            [
              7.210411128149408,
              43.658298149924754
            ],
            [
              7.211973141535713,
              43.663019518684564
            ],
            [
              7.207170123517091,
              43.66610438896919
            ],
            [
              7.200805411861797,
              43.664467756069364
            ]
          ]
        ]
      },
      "properties": {
        "uuid": "39a6f2c7-0839-4ee7-adb5-c997497e12e3",
        "h3_index": "883969a1c7fffff",
        "city_code": "06088",
        "city_name": "Nice",
        "latitude": 43.66138314453642,
        "longitude": 7.205608375102956,
        "manual_surge": 0,
        "available": true,
        "status": "active",
        "dept_code": "06",
        "id": "NIC-06-06088"
      }
    },
    {
      "type": "Feature",
      "geometry": {
        "type": "Polygon",
        "coordinates": [
          [
            [
              7.192156166980452,
              43.761552147258875
            ],
            [
              7.190593620402691,
              43.756834543230745
            ],
            [
              7.195402035958251,
              43.75375448458239
            ],
            [
              7.201773318867719,
              43.75539189576265
            ],
            [
              7.203336591697844,
              43.760109572593024
            ],
            [
              7.19852785539119,
              43.76318976545945
            ],
            [
              7.192156166980452,
              43.761552147258875
            ]
          ]
        ]
      },
      "properties": {
        "uuid": "b35920d9-fa24-4128-b39c-06b4b734cf70",
        "h3_index": "883969a215fffff",
        "city_code": "06088",
        "city_name": "Nice",
        "latitude": 43.758472213425506,
        "longitude": 7.196964848206769,
        "manual_surge": 0,
        "available": true,
        "status": "active",
        "dept_code": "06",
        "id": "NIC-06-06088"
      }
    },
    {
      "type": "Feature",
      "geometry": {
        "type": "Polygon",
        "coordinates": [
          [
            [
              7.245149823299538,
              43.71040978681036
            ],
            [
              7.24358467707788,
              43.70569015764392
            ],
            [
              7.248389767658765,
              43.70260512233024
            ],
            [
              7.254760323479471,
              43.704239581569105
            ],
            [
              7.25632619485776,
              43.70895928302133
            ],
            [
              7.25152078528397,
              43.7120444529675
            ],
            [
              7.245149823299538,
              43.71040978681036
            ]
          ]
        ]
      },
      "properties": {
        "uuid": "6b11e84a-cda4-4353-8f29-789c1f978a31",
        "h3_index": "883969a0c5fffff",
        "city_code": "06088",
        "city_name": "Nice",
        "latitude": 43.707324875868025,
        "longitude": 7.2499551789247985,
        "manual_surge": 0,
        "available": true,
        "status": "active",
        "dept_code": "06",
        "id": "NIC-06-06088"
      }
    },
    {
      "type": "Feature",
      "geometry": {
        "type": "Polygon",
        "coordinates": [
          [
            [
              7.195402035958251,
              43.75375448458239
            ],
            [
              7.193839418611417,
              43.74903657899482
            ],
            [
              7.198647358046037,
              43.745956011783086
            ],
            [
              7.205018235459585,
              43.74759321592788
            ],
            [
              7.206581578909368,
              43.75231119430127
            ],
            [
              7.201773318867719,
              43.75539189576265
            ],
            [
              7.195402035958251,
              43.75375448458239
            ]
          ]
        ]
      },
      "properties": {
        "uuid": "6e02aa9e-3ec4-4b14-b32b-9b1842da0a95",
        "h3_index": "883969a23bfffff",
        "city_code": "06088",
        "city_name": "Nice",
        "latitude": 43.75067404213777,
        "longitude": 7.2002102409951805,
        "manual_surge": 0,
        "available": true,
        "status": "active",
        "dept_code": "06",
        "id": "NIC-06-06088"
      }
    },
    {
      "type": "Feature",
      "geometry": {
        "type": "Polygon",
        "coordinates": [
          [
            [
              7.264264251506855,
              43.71531285177398
            ],
            [
              7.262697724781397,
              43.710593379014476
            ],
            [
              7.26750297690629,
              43.70750756668301
            ],
            [
              7.273875074321628,
              43.70914109237938
            ],
            [
              7.275442326219046,
              43.71386063716287
            ],
            [
              7.270636755554541,
              43.71694658424458
            ],
            [
              7.264264251506855,
              43.71531285177398
            ]
          ]
        ]
      },
      "properties": {
        "uuid": "4d322f09-91a5-45d9-8e80-e050cda940c8",
        "h3_index": "883969a0c3fffff",
        "city_code": "06088",
        "city_name": "Nice",
        "latitude": 43.7122271637581,
        "longitude": 7.269069768600318,
        "manual_surge": 0,
        "available": true,
        "status": "active",
        "dept_code": "06",
        "id": "NIC-06-06088"
      }
    },
    {
      "type": "Feature",
      "geometry": {
        "type": "Polygon",
        "coordinates": [
          [
            [
              7.3039789833946225,
              43.74707179859058
            ],
            [
              7.302409177294369,
              43.742353472800865
            ],
            [
              7.307216020565148,
              43.73926698628748
            ],
            [
              7.313592987724464,
              43.740898690616774
            ],
            [
              7.315163519406953,
              43.74561708781715
            ],
            [
              7.310356358373431,
              43.748703709296194
            ],
            [
              7.3039789833946225,
              43.74707179859058
            ]
          ]
        ]
      },
      "properties": {
        "uuid": "7893c5f3-abac-42c4-9206-003c8dd285b0",
        "h3_index": "883969a76bfffff",
        "city_code": "06088",
        "city_name": "Nice",
        "latitude": 43.74398543637349,
        "longitude": 7.308786091614443,
        "manual_surge": 0,
        "available": true,
        "status": "active",
        "dept_code": "06",
        "id": "NIC-06-06088"
      }
    },
    {
      "type": "Feature",
      "geometry": {
        "type": "Polygon",
        "coordinates": [
          [
            [
              7.208732066507379,
              43.670825457668606
            ],
            [
              7.207170123517091,
              43.66610438896919
            ],
            [
              7.211973141535713,
              43.663019518684564
            ],
            [
              7.21833842219046,
              43.66465558266878
            ],
            [
              7.21990108977501,
              43.669376724249936
            ],
            [
              7.215097752135604,
              43.67246172898366
            ],
            [
              7.208732066507379,
              43.670825457668606
            ]
          ]
        ]
      },
      "properties": {
        "uuid": "e4a1cfb3-3b12-4ec2-9f10-c445a9e8d536",
        "h3_index": "883969a1c3fffff",
        "city_code": "06088",
        "city_name": "Nice",
        "latitude": 43.66774071172585,
        "longitude": 7.213535349519765,
        "manual_surge": 0,
        "available": true,
        "status": "active",
        "dept_code": "06",
        "id": "NIC-06-06088"
      }
    },
    {
      "type": "Feature",
      "geometry": {
        "type": "Polygon",
        "coordinates": [
          [
            [
              7.2166603494172845,
              43.677182570393036
            ],
            [
              7.215097752135604,
              43.67246172898366
            ],
            [
              7.21990108977501,
              43.669376724249936
            ],
            [
              7.226267344188025,
              43.671012426452045
            ],
            [
              7.227830666146743,
              43.6757333406207
            ],
            [
              7.223027009040507,
              43.67881847984651
            ],
            [
              7.2166603494172845,
              43.677182570393036
            ]
          ]
        ]
      },
      "properties": {
        "uuid": "e88276d1-2467-46d6-8fa1-635e33757473",
        "h3_index": "883969a1ddfffff",
        "city_code": "06088",
        "city_name": "Nice",
        "latitude": 43.67409768999749,
        "longitude": 7.221463952047008,
        "manual_surge": 0,
        "available": true,
        "status": "active",
        "dept_code": "06",
        "id": "NIC-06-06088"
      }
    },
    {
      "type": "Feature",
      "geometry": {
        "type": "Polygon",
        "coordinates": [
          [
            [
              7.221005094779725,
              43.74306678743566
            ],
            [
              7.219440954878994,
              43.73834843501626
            ],
            [
              7.224248106514718,
              43.73526607405517
            ],
            [
              7.2306197179427025,
              43.736901931100874
            ],
            [
              7.23218458366425,
              43.74162035601142
            ],
            [
              7.227377112162165,
              43.74470285140366
            ],
            [
              7.221005094779725,
              43.74306678743566
            ]
          ]
        ]
      },
      "properties": {
        "uuid": "90a0a129-d9a8-474d-a902-c322d4499a65",
        "h3_index": "883969a2e7fffff",
        "city_code": "06088",
        "city_name": "Nice",
        "latitude": 43.739984551090004,
        "longitude": 7.225812511805496,
        "manual_surge": 0,
        "available": true,
        "status": "active",
        "dept_code": "06",
        "id": "NIC-06-06088"
      }
    },
    {
      "type": "Feature",
      "geometry": {
        "type": "Polygon",
        "coordinates": [
          [
            [
              7.276906656656815,
              43.735822499007234
            ],
            [
              7.275338888320084,
              43.73110378552372
            ],
            [
              7.280145253943421,
              43.72801821142157
            ],
            [
              7.28651970630184,
              43.72965121601664
            ],
            [
              7.288088200124446,
              43.73437000129543
            ],
            [
              7.283281516128154,
              43.73745571020247
            ],
            [
              7.276906656656815,
              43.735822499007234
            ]
          ]
        ]
      },
      "properties": {
        "uuid": "999557f0-9342-4466-ba79-60571021e450",
        "h3_index": "883969a2b3fffff",
        "city_code": "06088",
        "city_name": "Nice",
        "latitude": 43.73273704926106,
        "longitude": 7.281713287309489,
        "manual_surge": 0,
        "available": true,
        "status": "active",
        "dept_code": "06",
        "id": "NIC-06-06088"
      }
    },
    {
      "type": "Feature",
      "geometry": {
        "type": "Polygon",
        "coordinates": [
          [
            [
              7.288088200124446,
              43.73437000129543
            ],
            [
              7.28651970630184,
              43.72965121601664
            ],
            [
              7.291325913580226,
              43.72656499930526
            ],
            [
              7.297700932780612,
              43.728197433011815
            ],
            [
              7.299270152021592,
              43.732916289946665
            ],
            [
              7.2944636266692395,
              43.7360026415375
            ],
            [
              7.288088200124446,
              43.73437000129543
            ]
          ]
        ]
      },
      "properties": {
        "uuid": "2ec2671d-bafb-4e60-960a-c350d9cc1e38",
        "h3_index": "883969a765fffff",
        "city_code": "06088",
        "city_name": "Nice",
        "latitude": 43.731283908888116,
        "longitude": 7.292894672359821,
        "manual_surge": 0,
        "available": true,
        "status": "active",
        "dept_code": "06",
        "id": "NIC-06-06088"
      }
    },
    {
      "type": "Feature",
      "geometry": {
        "type": "Polygon",
        "coordinates": [
          [
            [
              7.230732490537252,
              43.719662219185686
            ],
            [
              7.2291681397295156,
              43.71494296333334
            ],
            [
              7.23397386305952,
              43.711859078176666
            ],
            [
              7.240344256657376,
              43.71349431436487
            ],
            [
              7.241909332837839,
              43.71821364265879
            ],
            [
              7.237103290072938,
              43.721297662341506
            ],
            [
              7.230732490537252,
              43.719662219185686
            ]
          ]
        ]
      },
      "properties": {
        "uuid": "a09e7ae0-d067-447a-b52c-5c06a2745c77",
        "h3_index": "883969a01bfffff",
        "city_code": "06088",
        "city_name": "Nice",
        "latitude": 43.716578458500386,
        "longitude": 7.235538479052043,
        "manual_surge": 0,
        "available": true,
        "status": "active",
        "dept_code": "06",
        "id": "NIC-06-06088"
      }
    },
    {
      "type": "Feature",
      "geometry": {
        "type": "Polygon",
        "coordinates": [
          [
            [
              7.218107812454759,
              43.6991481758273
            ],
            [
              7.216544701292523,
              43.69442816289187
            ],
            [
              7.221349309597975,
              43.69134403888115
            ],
            [
              7.227717348690709,
              43.69297979335294
            ],
            [
              7.229281184910941,
              43.69769987895847
            ],
            [
              7.224476257005578,
              43.70078413744067
            ],
            [
              7.218107812454759,
              43.6991481758273
            ]
          ]
        ]
      },
      "properties": {
        "uuid": "694113c1-460e-4e1f-999b-978e755d90d5",
        "h3_index": "883969a03bfffff",
        "city_code": "06088",
        "city_name": "Nice",
        "latitude": 43.69606417624743,
        "longitude": 7.222912685883681,
        "manual_surge": 0,
        "available": true,
        "status": "active",
        "dept_code": "06",
        "id": "NIC-06-06088"
      }
    },
    {
      "type": "Feature",
      "geometry": {
        "type": "Polygon",
        "coordinates": [
          [
            [
              7.2433644851228856,
              43.740172711583504
            ],
            [
              7.24179889364714,
              43.73545421432099
            ],
            [
              7.246605732020355,
              43.73237056808502
            ],
            [
              7.252978481163909,
              43.734005284549376
            ],
            [
              7.2545447983270375,
              43.73872385402474
            ],
            [
              7.249737640684489,
              43.7418076348415
            ],
            [
              7.2433644851228856,
              43.740172711583504
            ]
          ]
        ]
      },
      "properties": {
        "uuid": "09ef143e-0925-45a0-a27a-b91040ec3501",
        "h3_index": "883969a2abfffff",
        "city_code": "06088",
        "city_name": "Nice",
        "latitude": 43.73708918985922,
        "longitude": 7.248171588742059,
        "manual_surge": 0,
        "available": true,
        "status": "active",
        "dept_code": "06",
        "id": "NIC-06-06088"
      }
    },
    {
      "type": "Feature",
      "geometry": {
        "type": "Polygon",
        "coordinates": [
          [
            [
              7.203336591697844,
              43.760109572593024
            ],
            [
              7.201773318867719,
              43.75539189576265
            ],
            [
              7.206581578909368,
              43.75231119430127
            ],
            [
              7.212953432258978,
              43.75394803539577
            ],
            [
              7.214517431275236,
              43.7586657848893
            ],
            [
              7.209708850780862,
              43.76174662064378
            ],
            [
              7.203336591697844,
              43.760109572593024
            ]
          ]
        ]
      },
      "properties": {
        "uuid": "d6601048-c39a-4bad-988e-0aeb5078f0f9",
        "h3_index": "883969a217fffff",
        "city_code": "06088",
        "city_name": "Nice",
        "latitude": 43.7570289958948,
        "longitude": 7.208145117338394,
        "manual_surge": 0,
        "available": true,
        "status": "active",
        "dept_code": "06",
        "id": "NIC-06-06088"
      }
    },
    {
      "type": "Feature",
      "geometry": {
        "type": "Polygon",
        "coordinates": [
          [
            [
              7.2069348531711075,
              43.70059526094479
            ],
            [
              7.205372467133191,
              43.695875320818615
            ],
            [
              7.21017723123248,
              43.69279183898117
            ],
            [
              7.216544701292523,
              43.69442816289187
            ],
            [
              7.218107812454759,
              43.6991481758273
            ],
            [
              7.213302728457702,
              43.702231792061326
            ],
            [
              7.2069348531711075,
              43.70059526094479
            ]
          ]
        ]
      },
      "properties": {
        "uuid": "6d792855-3680-4c6d-81c9-624d9581e039",
        "h3_index": "883969a039fffff",
        "city_code": "06088",
        "city_name": "Nice",
        "latitude": 43.69751190359012,
        "longitude": 7.211739882465656,
        "manual_surge": 0,
        "available": true,
        "status": "active",
        "dept_code": "06",
        "id": "NIC-06-06088"
      }
    },
    {
      "type": "Feature",
      "geometry": {
        "type": "Polygon",
        "coordinates": [
          [
            [
              7.202248279132743,
              43.68643491236817
            ],
            [
              7.200686477102079,
              43.681714444173736
            ],
            [
              7.205490445745418,
              43.67863058897675
            ],
            [
              7.211856536352506,
              43.680267067607474
            ],
            [
              7.21341906327547,
              43.684987608717044
            ],
            [
              7.208614774724093,
              43.688071598299345
            ],
            [
              7.202248279132743,
              43.68643491236817
            ]
          ]
        ]
      },
      "properties": {
        "uuid": "540f86f3-1a30-447c-b7c1-f3787159357e",
        "h3_index": "883969a035fffff",
        "city_code": "06088",
        "city_name": "Nice",
        "latitude": 43.68335118160957,
        "longitude": 7.207052512906413,
        "manual_surge": 0,
        "available": true,
        "status": "active",
        "dept_code": "06",
        "id": "NIC-06-06088"
      }
    },
    {
      "type": "Feature",
      "geometry": {
        "type": "Polygon",
        "coordinates": [
          [
            [
              7.270741156337831,
              43.69970147315573
            ],
            [
              7.269174490183156,
              43.694981398845336
            ],
            [
              7.273978789918764,
              43.69189457143274
            ],
            [
              7.280350074086924,
              43.69352768353564
            ],
            [
              7.281917465114762,
              43.698247829836774
            ],
            [
              7.277112847126616,
              43.701334792062845
            ],
            [
              7.270741156337831,
              43.69970147315573
            ]
          ]
        ]
      },
      "properties": {
        "uuid": "5c6f1356-b8f7-4300-8c21-101a88c17a15",
        "h3_index": "883969a081fffff",
        "city_code": "06088",
        "city_name": "Nice",
        "latitude": 43.69661476996244,
        "longitude": 7.275545720905209,
        "manual_surge": 0,
        "available": true,
        "status": "active",
        "dept_code": "06",
        "id": "NIC-06-06088"
      }
    },
    {
      "type": "Feature",
      "geometry": {
        "type": "Polygon",
        "coordinates": [
          [
            [
              7.268965003251926,
              43.729470210172764
            ],
            [
              7.267397890707954,
              43.72475126741796
            ],
            [
              7.272203937803123,
              43.72166582807757
            ],
            [
              7.278577415995782,
              43.72329919674882
            ],
            [
              7.280145253943421,
              43.72801821142157
            ],
            [
              7.275338888320084,
              43.73110378552372
            ],
            [
              7.268965003251926,
              43.729470210172764
            ]
          ]
        ]
      },
      "properties": {
        "uuid": "1efb8a44-0d0a-4c2d-8437-7b7557f26d78",
        "h3_index": "883969a2b7fffff",
        "city_code": "06088",
        "city_name": "Nice",
        "latitude": 43.726384895192226,
        "longitude": 7.273771315380253,
        "manual_surge": 0,
        "available": true,
        "status": "active",
        "dept_code": "06",
        "id": "NIC-06-06088"
      }
    },
    {
      "type": "Feature",
      "geometry": {
        "type": "Polygon",
        "coordinates": [
          [
            [
              7.26750297690629,
              43.70750756668301
            ],
            [
              7.2659363804383545,
              43.70278779308418
            ],
            [
              7.270741156337831,
              43.69970147315573
            ],
            [
              7.277112847126616,
              43.701334792062845
            ],
            [
              7.278680168617121,
              43.70605463766908
            ],
            [
              7.273875074321628,
              43.70914109237938
            ],
            [
              7.26750297690629,
              43.70750756668301
            ]
          ]
        ]
      },
      "properties": {
        "uuid": "6ac69397-facd-4771-8cd3-b3dd91b021b9",
        "h3_index": "883969a089fffff",
        "city_code": "06088",
        "city_name": "Nice",
        "latitude": 43.70442137102204,
        "longitude": 7.272308017705925,
        "manual_surge": 0,
        "available": true,
        "status": "active",
        "dept_code": "06",
        "id": "NIC-06-06088"
      }
    },
    {
      "type": "Feature",
      "geometry": {
        "type": "Polygon",
        "coordinates": [
          [
            [
              7.21990108977501,
              43.669376724249936
            ],
            [
              7.21833842219046,
              43.66465558266878
            ],
            [
              7.223141284465816,
              43.66157007052863
            ],
            [
              7.229507133674069,
              43.66320556546423
            ],
            [
              7.231070525786603,
              43.66792677978794
            ],
            [
              7.226267344188025,
              43.671012426452045
            ],
            [
              7.21990108977501,
              43.669376724249936
            ]
          ]
        ]
      },
      "properties": {
        "uuid": "943816a5-867d-4772-ac08-ea7491672998",
        "h3_index": "883969a1d5fffff",
        "city_code": "06088",
        "city_name": "Nice",
        "latitude": 43.666291336399716,
        "longitude": 7.224704216972395,
        "manual_surge": 0,
        "available": true,
        "status": "active",
        "dept_code": "06",
        "id": "NIC-06-06088"
      }
    },
    {
      "type": "Feature",
      "geometry": {
        "type": "Polygon",
        "coordinates": [
          [
            [
              7.232521800822136,
              43.689895027174984
            ],
            [
              7.230957894429721,
              43.68517464104711
            ],
            [
              7.23576187084859,
              43.6820893672862
            ],
            [
              7.242130072843396,
              43.68372434509364
            ],
            [
              7.2436947040781545,
              43.688444803735806
            ],
            [
              7.2388904085009385,
              43.6915302120748
            ],
            [
              7.232521800822136,
              43.689895027174984
            ]
          ]
        ]
      },
      "properties": {
        "uuid": "061f6a1a-59f9-4a3d-bb40-7f482aaea503",
        "h3_index": "883969a0e5fffff",
        "city_code": "06088",
        "city_name": "Nice",
        "latitude": 43.68680987774482,
        "longitude": 7.237326042224262,
        "manual_surge": 0,
        "available": true,
        "status": "active",
        "dept_code": "06",
        "id": "NIC-06-06088"
      }
    },
    {
      "type": "Feature",
      "geometry": {
        "type": "Polygon",
        "coordinates": [
          [
            [
              7.265725522447982,
              43.7372737832082
            ],
            [
              7.264158479664471,
              43.73255514165918
            ],
            [
              7.268965003251926,
              43.729470210172764
            ],
            [
              7.275338888320084,
              43.73110378552372
            ],
            [
              7.276906656656815,
              43.735822499007234
            ],
            [
              7.272099814397512,
              43.7389075652239
            ],
            [
              7.265725522447982,
              43.7372737832082
            ]
          ]
        ]
      },
      "properties": {
        "uuid": "0deb67b1-aace-4ec9-862f-364bc05fad4b",
        "h3_index": "883969a2b1fffff",
        "city_code": "06088",
        "city_name": "Nice",
        "latitude": 43.73418897612969,
        "longitude": 7.270532311137037,
        "manual_surge": 0,
        "available": true,
        "status": "active",
        "dept_code": "06",
        "id": "NIC-06-06088"
      }
    },
    {
      "type": "Feature",
      "geometry": {
        "type": "Polygon",
        "coordinates": [
          [
            [
              7.200448458524523,
              43.7161996790089
            ],
            [
              7.198886213595303,
              43.71148034037732
            ],
            [
              7.2036919289742,
              43.708397874367456
            ],
            [
              7.210060209492732,
              43.7100346126747
            ],
            [
              7.2116231798446195,
              43.714754024148725
            ],
            [
              7.206817144280376,
              43.71783662449164
            ],
            [
              7.200448458524523,
              43.7161996790089
            ]
          ]
        ]
      },
      "properties": {
        "uuid": "335b03b4-ea1f-4f50-a502-1f186b780dcb",
        "h3_index": "883969a00bfffff",
        "city_code": "06088",
        "city_name": "Nice",
        "latitude": 43.71311733757804,
        "longitude": 7.205254439235399,
        "manual_surge": 0,
        "available": true,
        "status": "active",
        "dept_code": "06",
        "id": "NIC-06-06088"
      }
    },
    {
      "type": "Feature",
      "geometry": {
        "type": "Polygon",
        "coordinates": [
          [
            [
              7.19576230788676,
              43.70204113443826
            ],
            [
              7.194200647039299,
              43.69732126726046
            ],
            [
              7.1990055665522314,
              43.69423842760219
            ],
            [
              7.205372467133191,
              43.695875320818615
            ],
            [
              7.2069348531711075,
              43.70059526094479
            ],
            [
              7.202129613462658,
              43.70367823492473
            ],
            [
              7.19576230788676,
              43.70204113443826
            ]
          ]
        ]
      },
      "properties": {
        "uuid": "f5afe844-2c68-4d08-9006-dec9599901c2",
        "h3_index": "883969a007fffff",
        "city_code": "06088",
        "city_name": "Nice",
        "latitude": 43.69895841931467,
        "longitude": 7.2005674926667025,
        "manual_surge": 0,
        "available": true,
        "status": "active",
        "dept_code": "06",
        "id": "NIC-06-06088"
      }
    },
    {
      "type": "Feature",
      "geometry": {
        "type": "Polygon",
        "coordinates": [
          [
            [
              7.26102498002211,
              43.7231173281881
            ],
            [
              7.259458523094926,
              43.718398156395686
            ],
            [
              7.264264251506855,
              43.71531285177398
            ],
            [
              7.270636755554541,
              43.71694658424458
            ],
            [
              7.272203937803123,
              43.72166582807757
            ],
            [
              7.267397890707954,
              43.72475126741796
            ],
            [
              7.26102498002211,
              43.7231173281881
            ]
          ]
        ]
      },
      "properties": {
        "uuid": "2aed7406-76e4-4567-b0a3-890ce42d9afd",
        "h3_index": "883969a0cbfffff",
        "city_code": "06088",
        "city_name": "Nice",
        "latitude": 43.72003214793006,
        "longitude": 7.265830973471003,
        "manual_surge": 0,
        "available": true,
        "status": "active",
        "dept_code": "06",
        "id": "NIC-06-06088"
      }
    },
    {
      "type": "Feature",
      "geometry": {
        "type": "Polygon",
        "coordinates": [
          [
            [
              7.248389767658765,
              43.70260512233024
            ],
            [
              7.24682455145173,
              43.697885192419015
            ],
            [
              7.251629166032828,
              43.694799649458886
            ],
            [
              7.257999315695514,
              43.69643390176442
            ],
            [
              7.259565256909855,
              43.701153903944814
            ],
            [
              7.254760323479471,
              43.704239581569105
            ],
            [
              7.248389767658765,
              43.70260512233024
            ]
          ]
        ]
      },
      "properties": {
        "uuid": "c278f0d8-ee3c-4262-bbf6-5e313478fff2",
        "h3_index": "883969a0ebfffff",
        "city_code": "06088",
        "city_name": "Nice",
        "latitude": 43.69951970369332,
        "longitude": 7.253194647215868,
        "manual_surge": 0,
        "available": true,
        "status": "active",
        "dept_code": "06",
        "id": "NIC-06-06088"
      }
    },
    {
      "type": "Feature",
      "geometry": {
        "type": "Polygon",
        "coordinates": [
          [
            [
              7.20513636202117,
              43.73035663677394
            ],
            [
              7.203573532703353,
              43.725637827272024
            ],
            [
              7.208380044143208,
              43.72255573504341
            ],
            [
              7.214749705101044,
              43.724192317990685
            ],
            [
              7.216313260073775,
              43.728911200228985
            ],
            [
              7.2115064284588675,
              43.73199342680221
            ],
            [
              7.20513636202117,
              43.73035663677394
            ]
          ]
        ]
      },
      "properties": {
        "uuid": "a409d236-b7f9-4eab-8e25-e7c26e2b631e",
        "h3_index": "883969a051fffff",
        "city_code": "06088",
        "city_name": "Nice",
        "latitude": 43.72727466916854,
        "longitude": 7.209943138857983,
        "manual_surge": 0,
        "available": true,
        "status": "active",
        "dept_code": "06",
        "id": "NIC-06-06088"
      }
    },
    {
      "type": "Feature",
      "geometry": {
        "type": "Polygon",
        "coordinates": [
          [
            [
              7.294563080918505,
              43.718759188450726
            ],
            [
              7.2929944482289475,
              43.71403980095419
            ],
            [
              7.297799702256763,
              43.710952568972246
            ],
            [
              7.30417390678641,
              43.712584589562994
            ],
            [
              7.305743264595143,
              43.717304048682465
            ],
            [
              7.300937692780502,
              43.72039141560683
            ],
            [
              7.294563080918505,
              43.718759188450726
            ]
          ]
        ]
      },
      "properties": {
        "uuid": "030b1e16-c9f4-42cf-91d3-1b0f5f92e1de",
        "h3_index": "883969a0d3fffff",
        "city_code": "06088",
        "city_name": "Nice",
        "latitude": 43.715672080676676,
        "longitude": 7.299368599766409,
        "manual_surge": 0,
        "available": true,
        "status": "active",
        "dept_code": "06",
        "id": "NIC-06-06088"
      }
    },
    {
      "type": "Feature",
      "geometry": {
        "type": "Polygon",
        "coordinates": [
          [
            [
              7.191077909187611,
              43.68788100481272
            ],
            [
              7.189516832115286,
              43.683160609672534
            ],
            [
              7.194320955957231,
              43.68007739649895
            ],
            [
              7.200686477102079,
              43.681714444173736
            ],
            [
              7.202248279132743,
              43.68643491236817
            ],
            [
              7.197443835085217,
              43.68951825985215
            ],
            [
              7.191077909187611,
              43.68788100481272
            ]
          ]
        ]
      },
      "properties": {
        "uuid": "37ee8ae7-07ca-477c-8bf3-89d2d560b694",
        "h3_index": "883969a023fffff",
        "city_code": "06088",
        "city_name": "Nice",
        "latitude": 43.68479791612943,
        "longitude": 7.195882298231563,
        "manual_surge": 0,
        "available": true,
        "status": "active",
        "dept_code": "06",
        "id": "NIC-06-06088"
      }
    },
    {
      "type": "Feature",
      "geometry": {
        "type": "Polygon",
        "coordinates": [
          [
            [
              7.296032776542728,
              43.74072119718862
            ],
            [
              7.2944636266692395,
              43.7360026415375
            ],
            [
              7.299270152021592,
              43.732916289946665
            ],
            [
              7.305646145191333,
              43.73454835910299
            ],
            [
              7.307216020565148,
              43.73926698628748
            ],
            [
              7.302409177294369,
              43.742353472800865
            ],
            [
              7.296032776542728,
              43.74072119718862
            ]
          ]
        ]
      },
      "properties": {
        "uuid": "f9578592-9dff-4e01-8a9a-0bc3ba676416",
        "h3_index": "883969a761fffff",
        "city_code": "06088",
        "city_name": "Nice",
        "latitude": 43.737634969897954,
        "longitude": 7.300839566848112,
        "manual_surge": 0,
        "available": true,
        "status": "active",
        "dept_code": "06",
        "id": "NIC-06-06088"
      }
    },
    {
      "type": "Feature",
      "geometry": {
        "type": "Polygon",
        "coordinates": [
          [
            [
              7.2545447983270375,
              43.73872385402474
            ],
            [
              7.252978481163909,
              43.734005284549376
            ],
            [
              7.257785162334657,
              43.73092099568508
            ],
            [
              7.264158479664471,
              43.73255514165918
            ],
            [
              7.265725522447982,
              43.7372737832082
            ],
            [
              7.260918522306594,
              43.740358206728054
            ],
            [
              7.2545447983270375,
              43.73872385402474
            ]
          ]
        ]
      },
      "properties": {
        "uuid": "70b6f27b-610b-44e4-97d1-6c397da8367b",
        "h3_index": "883969a2bdfffff",
        "city_code": "06088",
        "city_name": "Nice",
        "latitude": 43.73563968962023,
        "longitude": 7.259351744671595,
        "manual_surge": 0,
        "available": true,
        "status": "active",
        "dept_code": "06",
        "id": "NIC-06-06088"
      }
    },
    {
      "type": "Feature",
      "geometry": {
        "type": "Polygon",
        "coordinates": [
          [
            [
              7.2260400229977755,
              43.705503922395984
            ],
            [
              7.224476257005578,
              43.70078413744067
            ],
            [
              7.229281184910941,
              43.69769987895847
            ],
            [
              7.235650198279292,
              43.699335270935535
            ],
            [
              7.237214689412233,
              43.7040551284384
            ],
            [
              7.2324094420612575,
              43.70713952143521
            ],
            [
              7.2260400229977755,
              43.705503922395984
            ]
          ]
        ]
      },
      "properties": {
        "uuid": "c3cd641d-b3d0-4f8a-bf52-c7d8970f2a02",
        "h3_index": "883969a017fffff",
        "city_code": "06088",
        "city_name": "Nice",
        "latitude": 43.70241978834086,
        "longitude": 7.230845216023096,
        "manual_surge": 0,
        "available": true,
        "status": "active",
        "dept_code": "06",
        "id": "NIC-06-06088"
      }
    },
    {
      "type": "Feature",
      "geometry": {
        "type": "Polygon",
        "coordinates": [
          [
            [
              7.224590260789578,
              43.683539093732044
            ],
            [
              7.223027009040507,
              43.67881847984651
            ],
            [
              7.227830666146743,
              43.6757333406207
            ],
            [
              7.234197894339803,
              43.677368680763884
            ],
            [
              7.23576187084859,
              43.6820893672862
            ],
            [
              7.230957894429721,
              43.68517464104711
            ],
            [
              7.224590260789578,
              43.683539093732044
            ]
          ]
        ]
      },
      "properties": {
        "uuid": "bfaefbe8-47b2-4a25-b507-5cd49b04a852",
        "h3_index": "883969a1d9fffff",
        "city_code": "06088",
        "city_name": "Nice",
        "latitude": 43.680454078840704,
        "longitude": 7.229394182882604,
        "manual_surge": 0,
        "available": true,
        "status": "active",
        "dept_code": "06",
        "id": "NIC-06-06088"
      }
    },
    {
      "type": "Feature",
      "geometry": {
        "type": "Polygon",
        "coordinates": [
          [
            [
              7.19720444170485,
              43.72400067462897
            ],
            [
              7.195642267413902,
              43.71928163693619
            ],
            [
              7.200448458524523,
              43.7161996790089
            ],
            [
              7.206817144280376,
              43.71783662449164
            ],
            [
              7.208380044143208,
              43.72255573504341
            ],
            [
              7.203573532703353,
              43.725637827272024
            ],
            [
              7.19720444170485,
              43.72400067462897
            ]
          ]
        ]
      },
      "properties": {
        "uuid": "927b74a6-9433-441e-86e8-62bb2b742cb2",
        "h3_index": "883969a055fffff",
        "city_code": "06088",
        "city_name": "Nice",
        "latitude": 43.72091884132873,
        "longitude": 7.202010898215845,
        "manual_surge": 0,
        "available": true,
        "status": "active",
        "dept_code": "06",
        "id": "NIC-06-06088"
      }
    },
    {
      "type": "Feature",
      "geometry": {
        "type": "Polygon",
        "coordinates": [
          [
            [
              7.181345492204363,
              43.71128697926328
            ],
            [
              7.179784627437901,
              43.70656748588964
            ],
            [
              7.184590177428324,
              43.70348579643525
            ],
            [
              7.190956912847182,
              43.70512346615825
            ],
            [
              7.192518503019146,
              43.70984303263601
            ],
            [
              7.1877126323917135,
              43.71292485630522
            ],
            [
              7.181345492204363,
              43.71128697926328
            ]
          ]
        ]
      },
      "properties": {
        "uuid": "c26ba20f-7741-4592-8f8d-3466668ad4cd",
        "h3_index": "883969a00dfffff",
        "city_code": "06088",
        "city_name": "Nice",
        "latitude": 43.70820541444361,
        "longitude": 7.186151307601791,
        "manual_surge": 0,
        "available": true,
        "status": "active",
        "dept_code": "06",
        "id": "NIC-06-06088"
      }
    },
    {
      "type": "Feature",
      "geometry": {
        "type": "Polygon",
        "coordinates": [
          [
            [
              7.182783810031447,
              43.733243872998116
            ],
            [
              7.181222432221885,
              43.72852520938633
            ],
            [
              7.1860292542087265,
              43.72544440215593
            ],
            [
              7.1923977748012184,
              43.72708212436128
            ],
            [
              7.193959878397905,
              43.73180086098767
            ],
            [
              7.189152735639993,
              43.73488180241268
            ],
            [
              7.182783810031447,
              43.733243872998116
            ]
          ]
        ]
      },
      "properties": {
        "uuid": "a6549a19-5479-4170-bb93-1a1b60310b92",
        "h3_index": "883969a04bfffff",
        "city_code": "06088",
        "city_name": "Nice",
        "latitude": 43.73016319049465,
        "longitude": 7.187590897558788,
        "manual_surge": 0,
        "available": true,
        "status": "active",
        "dept_code": "06",
        "id": "NIC-06-06088"
      }
    },
    {
      "type": "Feature",
      "geometry": {
        "type": "Polygon",
        "coordinates": [
          [
            [
              7.2116231798446195,
              43.714754024148725
            ],
            [
              7.210060209492732,
              43.7100346126747
            ],
            [
              7.214865769242738,
              43.70695150432995
            ],
            [
              7.221234619257101,
              43.708587673069786
            ],
            [
              7.222798314965394,
              43.713307157247094
            ],
            [
              7.217992435328011,
              43.71639039999986
            ],
            [
              7.2116231798446195,
              43.714754024148725
            ]
          ]
        ]
      },
      "properties": {
        "uuid": "057ed181-4998-40a7-ba91-da2db881ddf1",
        "h3_index": "883969a01dfffff",
        "city_code": "06088",
        "city_name": "Nice",
        "latitude": 43.711671040331076,
        "longitude": 7.216429004854796,
        "manual_surge": 0,
        "available": true,
        "status": "active",
        "dept_code": "06",
        "id": "NIC-06-06088"
      }
    },
    {
      "type": "Feature",
      "geometry": {
        "type": "Polygon",
        "coordinates": [
          [
            [
              7.2736675130675,
              43.743625977390586
            ],
            [
              7.272099814397512,
              43.7389075652239
            ],
            [
              7.276906656656815,
              43.735822499007234
            ],
            [
              7.283281516128154,
              43.73745571020247
            ],
            [
              7.284849940433637,
              43.74217419418098
            ],
            [
              7.280042779657686,
              43.745259395171054
            ],
            [
              7.2736675130675,
              43.743625977390586
            ]
          ]
        ]
      },
      "properties": {
        "uuid": "64bf8546-29ab-47e9-a90c-d7af288c35a6",
        "h3_index": "883969a2bbfffff",
        "city_code": "06088",
        "city_name": "Nice",
        "latitude": 43.740541035577934,
        "longitude": 7.278474620424614,
        "manual_surge": 0,
        "available": true,
        "status": "active",
        "dept_code": "06",
        "id": "NIC-06-06088"
      }
    },
    {
      "type": "Feature",
      "geometry": {
        "type": "Polygon",
        "coordinates": [
          [
            [
              7.296330049947811,
              43.6889846438709
            ],
            [
              7.294761864781906,
              43.684264125167914
            ],
            [
              7.299565371884968,
              43.68117550612091
            ],
            [
              7.3059373816913125,
              43.682807270801284
            ],
            [
              7.307506291446126,
              43.687527861199854
            ],
            [
              7.30270246683113,
              43.690616615241055
            ],
            [
              7.296330049947811,
              43.6889846438709
            ]
          ]
        ]
      },
      "properties": {
        "uuid": "cd48cb87-0884-4f12-96bb-9fff16e51e99",
        "h3_index": "883969a0bbfffff",
        "city_code": "06088",
        "city_name": "Nice",
        "latitude": 43.68589614889105,
        "longitude": 7.301133821669788,
        "manual_surge": 0,
        "available": true,
        "status": "active",
        "dept_code": "06",
        "id": "NIC-06-06088"
      }
    },
    {
      "type": "Feature",
      "geometry": {
        "type": "Polygon",
        "coordinates": [
          [
            [
              7.209826019297582,
              43.744512005983644
            ],
            [
              7.208262605284158,
              43.73979372619451
            ],
            [
              7.213069912979937,
              43.73671200787967
            ],
            [
              7.219440954878994,
              43.73834843501626
            ],
            [
              7.221005094779725,
              43.74306678743566
            ],
            [
              7.216197466919212,
              43.74614864010677
            ],
            [
              7.209826019297582,
              43.744512005983644
            ]
          ]
        ]
      },
      "properties": {
        "uuid": "9b593e32-952c-48c0-9008-1c1bda5ba854",
        "h3_index": "883969a2e5fffff",
        "city_code": "06088",
        "city_name": "Nice",
        "latitude": 43.74143041233611,
        "longitude": 7.214633592455342,
        "manual_surge": 0,
        "available": true,
        "status": "active",
        "dept_code": "06",
        "id": "NIC-06-06088"
      }
    },
    {
      "type": "Feature",
      "geometry": {
        "type": "Polygon",
        "coordinates": [
          [
            [
              7.21341906327547,
              43.684987608717044
            ],
            [
              7.211856536352506,
              43.680267067607474
            ],
            [
              7.2166603494172845,
              43.677182570393036
            ],
            [
              7.223027009040507,
              43.67881847984651
            ],
            [
              7.224590260789578,
              43.683539093732044
            ],
            [
              7.219786128114399,
              43.686623725406704
            ],
            [
              7.21341906327547,
              43.684987608717044
            ]
          ]
        ]
      },
      "properties": {
        "uuid": "83132321-a02a-4f4a-94e4-3b1c7c0c8aa6",
        "h3_index": "883969a037fffff",
        "city_code": "06088",
        "city_name": "Nice",
        "latitude": 43.681903235889045,
        "longitude": 7.21822314139886,
        "manual_surge": 0,
        "available": true,
        "status": "active",
        "dept_code": "06",
        "id": "NIC-06-06088"
      }
    },
    {
      "type": "Feature",
      "geometry": {
        "type": "Polygon",
        "coordinates": [
          [
            [
              7.187834316383691,
              43.69568380487164
            ],
            [
              7.186273310024033,
              43.6909637101925
            ],
            [
              7.191077909187611,
              43.68788100481272
            ],
            [
              7.197443835085217,
              43.68951825985215
            ],
            [
              7.1990055665522314,
              43.69423842760219
            ],
            [
              7.194200647039299,
              43.69732126726046
            ],
            [
              7.187834316383691,
              43.69568380487164
            ]
          ]
        ]
      },
      "properties": {
        "uuid": "0204bd82-c079-4d2a-bf64-1bc7a7cd5c51",
        "h3_index": "883969a02bfffff",
        "city_code": "06088",
        "city_name": "Nice",
        "latitude": 43.692601224030334,
        "longitude": 7.192639180817594,
        "manual_surge": 0,
        "available": true,
        "status": "active",
        "dept_code": "06",
        "id": "NIC-06-06088"
      }
    },
    {
      "type": "Feature",
      "geometry": {
        "type": "Polygon",
        "coordinates": [
          [
            [
              7.235426713137584,
              43.73381892749938
            ],
            [
              7.233861777207159,
              43.729100201333516
            ],
            [
              7.2386682961563205,
              43.72601668963517
            ],
            [
              7.245040070485182,
              43.72765176958368
            ],
            [
              7.246605732020355,
              43.73237056808502
            ],
            [
              7.24179889364714,
              43.73545421432099
            ],
            [
              7.235426713137584,
              43.73381892749938
            ]
          ]
        ]
      },
      "properties": {
        "uuid": "8f88a421-9197-46ba-89df-6b05edca7025",
        "h3_index": "883969a2a1fffff",
        "city_code": "06088",
        "city_name": "Nice",
        "latitude": 43.73073554031661,
        "longitude": 7.240233497336332,
        "manual_surge": 0,
        "available": true,
        "status": "active",
        "dept_code": "06",
        "id": "NIC-06-06088"
      }
    },
    {
      "type": "Feature",
      "geometry": {
        "type": "Polygon",
        "coordinates": [
          [
            [
              7.272203937803123,
              43.72166582807757
            ],
            [
              7.270636755554541,
              43.71694658424458
            ],
            [
              7.275442326219046,
              43.71386063716287
            ],
            [
              7.281815397542081,
              43.715493799139445
            ],
            [
              7.283383305044834,
              43.7202131148738
            ],
            [
              7.278577415995782,
              43.72329919674882
            ],
            [
              7.272203937803123,
              43.72166582807757
            ]
          ]
        ]
      },
      "properties": {
        "uuid": "c9c00b73-a7b2-4a7d-9df2-63c5fc496c47",
        "h3_index": "883969a0ddfffff",
        "city_code": "06088",
        "city_name": "Nice",
        "latitude": 43.718580005307636,
        "longitude": 7.277009773432368,
        "manual_surge": 0,
        "available": true,
        "status": "active",
        "dept_code": "06",
        "id": "NIC-06-06088"
      }
    },
    {
      "type": "Feature",
      "geometry": {
        "type": "Polygon",
        "coordinates": [
          [
            [
              7.2036919289742,
              43.708397874367456
            ],
            [
              7.202129613462658,
              43.70367823492473
            ],
            [
              7.2069348531711075,
              43.70059526094479
            ],
            [
              7.213302728457702,
              43.702231792061326
            ],
            [
              7.214865769242738,
              43.70695150432995
            ],
            [
              7.210060209492732,
              43.7100346126747
            ],
            [
              7.2036919289742,
              43.708397874367456
            ]
          ]
        ]
      },
      "properties": {
        "uuid": "767da590-ad6f-48c6-9149-dca6a1db8256",
        "h3_index": "883969a003fffff",
        "city_code": "06088",
        "city_name": "Nice",
        "latitude": 43.70531502491844,
        "longitude": 7.2084974339462535,
        "manual_surge": 0,
        "available": true,
        "status": "active",
        "dept_code": "06",
        "id": "NIC-06-06088"
      }
    },
    {
      "type": "Feature",
      "geometry": {
        "type": "Polygon",
        "coordinates": [
          [
            [
              7.189274151832206,
              43.717644121955246
            ],
            [
              7.1877126323917135,
              43.71292485630522
            ],
            [
              7.192518503019146,
              43.70984303263601
            ],
            [
              7.198886213595303,
              43.71148034037732
            ],
            [
              7.200448458524523,
              43.7161996790089
            ],
            [
              7.195642267413902,
              43.71928163693619
            ],
            [
              7.189274151832206,
              43.717644121955246
            ]
          ]
        ]
      },
      "properties": {
        "uuid": "35b69ba5-0c61-45d2-82d2-8b362bae8ad7",
        "h3_index": "883969a009fffff",
        "city_code": "06088",
        "city_name": "Nice",
        "latitude": 43.714562422916934,
        "longitude": 7.194080287863355,
        "manual_surge": 0,
        "available": true,
        "status": "active",
        "dept_code": "06",
        "id": "NIC-06-06088"
      }
    },
    {
      "type": "Feature",
      "geometry": {
        "type": "Polygon",
        "coordinates": [
          [
            [
              7.184590177428324,
              43.70348579643525
            ],
            [
              7.183029241837283,
              43.698766002344996
            ],
            [
              7.187834316383691,
              43.69568380487164
            ],
            [
              7.194200647039299,
              43.69732126726046
            ],
            [
              7.19576230788676,
              43.70204113443826
            ],
            [
              7.190956912847182,
              43.70512346615825
            ],
            [
              7.184590177428324,
              43.70348579643525
            ]
          ]
        ]
      },
      "properties": {
        "uuid": "2c14237a-89a9-4c56-95ba-0e0a66432f3c",
        "h3_index": "883969a005fffff",
        "city_code": "06088",
        "city_name": "Nice",
        "latitude": 43.70040372354852,
        "longitude": 7.189395517313403,
        "manual_surge": 0,
        "available": true,
        "status": "active",
        "dept_code": "06",
        "id": "NIC-06-06088"
      }
    },
    {
      "type": "Feature",
      "geometry": {
        "type": "Polygon",
        "coordinates": [
          [
            [
              7.283383305044834,
              43.7202131148738
            ],
            [
              7.281815397542081,
              43.715493799139445
            ],
            [
              7.286620810078539,
              43.71240720960428
            ],
            [
              7.2929944482289475,
              43.71403980095419
            ],
            [
              7.294563080918505,
              43.718759188450726
            ],
            [
              7.289757350296266,
              43.721845912853766
            ],
            [
              7.283383305044834,
              43.7202131148738
            ]
          ]
        ]
      },
      "properties": {
        "uuid": "c300c24a-5036-4983-85f8-994bb78e5a8d",
        "h3_index": "883969a0d1fffff",
        "city_code": "06088",
        "city_name": "Nice",
        "latitude": 43.717126649598484,
        "longitude": 7.288188982473764,
        "manual_surge": 0,
        "available": true,
        "status": "active",
        "dept_code": "06",
        "id": "NIC-06-06088"
      }
    },
    {
      "type": "Feature",
      "geometry": {
        "type": "Polygon",
        "coordinates": [
          [
            [
              7.201892133361231,
              43.73815672910041
            ],
            [
              7.200329374644416,
              43.73343822077588
            ],
            [
              7.20513636202117,
              43.73035663677394
            ],
            [
              7.2115064284588675,
              43.73199342680221
            ],
            [
              7.213069912979937,
              43.73671200787967
            ],
            [
              7.208262605284158,
              43.73979372619451
            ],
            [
              7.201892133361231,
              43.73815672910041
            ]
          ]
        ]
      },
      "properties": {
        "uuid": "e8dd08f0-c4bd-4256-877b-6eb13b84204c",
        "h3_index": "883969a059fffff",
        "city_code": "06088",
        "city_name": "Nice",
        "latitude": 43.7350752697697,
        "longitude": 7.206699386203395,
        "manual_surge": 0,
        "available": true,
        "status": "active",
        "dept_code": "06",
        "id": "NIC-06-06088"
      }
    },
    {
      "type": "Feature",
      "geometry": {
        "type": "Polygon",
        "coordinates": [
          [
            [
              7.275442326219046,
              43.71386063716287
            ],
            [
              7.273875074321628,
              43.70914109237938
            ],
            [
              7.278680168617121,
              43.70605463766908
            ],
            [
              7.285052833076413,
              43.707687592936
            ],
            [
              7.286620810078539,
              43.71240720960428
            ],
            [
              7.281815397542081,
              43.715493799139445
            ],
            [
              7.275442326219046,
              43.71386063716287
            ]
          ]
        ]
      },
      "properties": {
        "uuid": "f8c39ed2-e9cb-440f-9b71-6619618d8224",
        "h3_index": "883969a0d5fffff",
        "city_code": "06088",
        "city_name": "Nice",
        "latitude": 43.71077430671624,
        "longitude": 7.280247685410885,
        "manual_surge": 0,
        "available": true,
        "status": "active",
        "dept_code": "06",
        "id": "NIC-06-06088"
      }
    },
    {
      "type": "Feature",
      "geometry": {
        "type": "Polygon",
        "coordinates": [
          [
            [
              7.204046821230885,
              43.65666172443522
            ],
            [
              7.202485461866905,
              43.65194012873064
            ],
            [
              7.207287685033882,
              43.64885488550959
            ],
            [
              7.213651587220979,
              43.65049110357359
            ],
            [
              7.2152136709474775,
              43.65521277226563
            ],
            [
              7.210411128149408,
              43.658298149924754
            ],
            [
              7.204046821230885,
              43.65666172443522
            ]
          ]
        ]
      },
      "properties": {
        "uuid": "b67381c5-0e72-499b-a222-92c2359d6202",
        "h3_index": "883969a18dfffff",
        "city_code": "06088",
        "city_name": "Nice",
        "latitude": 43.65357660551143,
        "longitude": 7.208849309326799,
        "manual_surge": 0,
        "available": true,
        "status": "active",
        "dept_code": "06",
        "id": "NIC-06-06088"
      }
    },
    {
      "type": "Feature",
      "geometry": {
        "type": "Polygon",
        "coordinates": [
          [
            [
              7.2386682961563205,
              43.72601668963517
            ],
            [
              7.237103290072938,
              43.721297662341506
            ],
            [
              7.241909332837839,
              43.71821364265879
            ],
            [
              7.248280700991672,
              43.719848515719136
            ],
            [
              7.249846432530393,
              43.724567615331765
            ],
            [
              7.245040070485182,
              43.72765176958368
            ],
            [
              7.2386682961563205,
              43.72601668963517
            ]
          ]
        ]
      },
      "properties": {
        "uuid": "5765a43e-7812-4bdf-b7f3-340da535e541",
        "h3_index": "883969a2a7fffff",
        "city_code": "06088",
        "city_name": "Nice",
        "latitude": 43.72293279441999,
        "longitude": 7.2434746041023885,
        "manual_surge": 0,
        "available": true,
        "status": "active",
        "dept_code": "06",
        "id": "NIC-06-06088"
      }
    },
    {
      "type": "Feature",
      "geometry": {
        "type": "Polygon",
        "coordinates": [
          [
            [
              7.300741399889593,
              43.754875801504234
            ],
            [
              7.299171663118672,
              43.75015777723678
            ],
            [
              7.3039789833946225,
              43.74707179859058
            ],
            [
              7.310356358373431,
              43.748703709296194
            ],
            [
              7.311926820876337,
              43.75342180499085
            ],
            [
              7.307119182693988,
              43.756507918571316
            ],
            [
              7.300741399889593,
              43.754875801504234
            ]
          ]
        ]
      },
      "properties": {
        "uuid": "6da5f2d3-76c8-4392-9986-87ebbc841bca",
        "h3_index": "883969a745fffff",
        "city_code": "06088",
        "city_name": "Nice",
        "latitude": 43.751789947202305,
        "longitude": 7.305548985183092,
        "manual_surge": 0,
        "available": true,
        "status": "active",
        "dept_code": "06",
        "id": "NIC-06-06088"
      }
    },
    {
      "type": "Feature",
      "geometry": {
        "type": "Polygon",
        "coordinates": [
          [
            [
              7.193959878397905,
              43.73180086098767
            ],
            [
              7.1923977748012184,
              43.72708212436128
            ],
            [
              7.19720444170485,
              43.72400067462897
            ],
            [
              7.203573532703353,
              43.725637827272024
            ],
            [
              7.20513636202117,
              43.73035663677394
            ],
            [
              7.200329374644416,
              43.73343822077588
            ],
            [
              7.193959878397905,
              43.73180086098767
            ]
          ]
        ]
      },
      "properties": {
        "uuid": "f77babbc-ed90-47d9-b910-3aaf14ac1a98",
        "h3_index": "883969a05dfffff",
        "city_code": "06088",
        "city_name": "Nice",
        "latitude": 43.72871953593045,
        "longitude": 7.198766810770311,
        "manual_surge": 0,
        "available": true,
        "status": "active",
        "dept_code": "06",
        "id": "NIC-06-06088"
      }
    },
    {
      "type": "Feature",
      "geometry": {
        "type": "Polygon",
        "coordinates": [
          [
            [
              7.192518503019146,
              43.70984303263601
            ],
            [
              7.190956912847182,
              43.70512346615825
            ],
            [
              7.19576230788676,
              43.70204113443826
            ],
            [
              7.202129613462658,
              43.70367823492473
            ],
            [
              7.2036919289742,
              43.708397874367456
            ],
            [
              7.198886213595303,
              43.71148034037732
            ],
            [
              7.192518503019146,
              43.70984303263601
            ]
          ]
        ]
      },
      "properties": {
        "uuid": "d6d09772-fdf2-4f7a-9085-6247267d5091",
        "h3_index": "883969a001fffff",
        "city_code": "06088",
        "city_name": "Nice",
        "latitude": 43.706760825498826,
        "longitude": 7.197324163394068,
        "manual_surge": 0,
        "available": true,
        "status": "active",
        "dept_code": "06",
        "id": "NIC-06-06088"
      }
    },
    {
      "type": "Feature",
      "geometry": {
        "type": "Polygon",
        "coordinates": [
          [
            [
              7.246605732020355,
              43.73237056808502
            ],
            [
              7.245040070485182,
              43.72765176958368
            ],
            [
              7.249846432530393,
              43.724567615331765
            ],
            [
              7.256218775261572,
              43.72620212498741
            ],
            [
              7.257785162334657,
              43.73092099568508
            ],
            [
              7.252978481163909,
              43.734005284549376
            ],
            [
              7.246605732020355,
              43.73237056808502
            ]
          ]
        ]
      },
      "properties": {
        "uuid": "ec466bc3-b2a4-4556-b458-936286f60e79",
        "h3_index": "883969a2a3fffff",
        "city_code": "06088",
        "city_name": "Nice",
        "latitude": 43.729286538296776,
        "longitude": 7.2514123592430835,
        "manual_surge": 0,
        "available": true,
        "status": "active",
        "dept_code": "06",
        "id": "NIC-06-06088"
      }
    },
    {
      "type": "Feature",
      "geometry": {
        "type": "Polygon",
        "coordinates": [
          [
            [
              7.292794854779061,
              43.748525295183484
            ],
            [
              7.291225774328852,
              43.74380704094366
            ],
            [
              7.296032776542728,
              43.74072119718862
            ],
            [
              7.302409177294369,
              43.742353472800865
            ],
            [
              7.3039789833946225,
              43.74707179859058
            ],
            [
              7.299171663118672,
              43.75015777723678
            ],
            [
              7.292794854779061,
              43.748525295183484
            ]
          ]
        ]
      },
      "properties": {
        "uuid": "56c48a53-ee34-490a-8f0c-b779b36d2ef7",
        "h3_index": "883969a769fffff",
        "city_code": "06088",
        "city_name": "Nice",
        "latitude": 43.74543957577663,
        "longitude": 7.2976021220144585,
        "manual_surge": 0,
        "available": true,
        "status": "active",
        "dept_code": "06",
        "id": "NIC-06-06088"
      }
    },
    {
      "type": "Feature",
      "geometry": {
        "type": "Polygon",
        "coordinates": [
          [
            [
              7.249846432530393,
              43.724567615331765
            ],
            [
              7.248280700991672,
              43.719848515719136
            ],
            [
              7.253086586770389,
              43.71676385356378
            ],
            [
              7.259458523094926,
              43.718398156395686
            ],
            [
              7.26102498002211,
              43.7231173281881
            ],
            [
              7.256218775261572,
              43.72620212498741
            ],
            [
              7.249846432530393,
              43.724567615331765
            ]
          ]
        ]
      },
      "properties": {
        "uuid": "f1ead88c-6e1f-4cad-b501-88d6e38ed3a1",
        "h3_index": "883969a0c9fffff",
        "city_code": "06088",
        "city_name": "Nice",
        "latitude": 43.72148307759204,
        "longitude": 7.254652583418196,
        "manual_surge": 0,
        "available": true,
        "status": "active",
        "dept_code": "06",
        "id": "NIC-06-06088"
      }
    },
    {
      "type": "Feature",
      "geometry": {
        "type": "Polygon",
        "coordinates": [
          [
            [
              7.205490445745418,
              43.67863058897675
            ],
            [
              7.203928573207012,
              43.67390982046582
            ],
            [
              7.208732066507379,
              43.670825457668606
            ],
            [
              7.215097752135604,
              43.67246172898366
            ],
            [
              7.2166603494172845,
              43.677182570393036
            ],
            [
              7.211856536352506,
              43.680267067607474
            ],
            [
              7.205490445745418,
              43.67863058897675
            ]
          ]
        ]
      },
      "properties": {
        "uuid": "48fbdb88-52e4-45d0-9f30-40d847886282",
        "h3_index": "883969a1cbfffff",
        "city_code": "06088",
        "city_name": "Nice",
        "latitude": 43.67554635056967,
        "longitude": 7.210294204107823,
        "manual_surge": 0,
        "available": true,
        "status": "active",
        "dept_code": "06",
        "id": "NIC-06-06088"
      }
    },
    {
      "type": "Feature",
      "geometry": {
        "type": "Polygon",
        "coordinates": [
          [
            [
              7.253086586770389,
              43.71676385356378
            ],
            [
              7.25152078528397,
              43.7120444529675
            ],
            [
              7.25632619485776,
              43.70895928302133
            ],
            [
              7.262697724781397,
              43.710593379014476
            ],
            [
              7.264264251506855,
              43.71531285177398
            ],
            [
              7.259458523094926,
              43.718398156395686
            ],
            [
              7.253086586770389,
              43.71676385356378
            ]
          ]
        ]
      },
      "properties": {
        "uuid": "bed6dc47-9a20-4454-981e-a8893ea2ff0a",
        "h3_index": "883969a0c1fffff",
        "city_code": "06088",
        "city_name": "Nice",
        "latitude": 43.71367880798516,
        "longitude": 7.257892261384861,
        "manual_surge": 0,
        "available": true,
        "status": "active",
        "dept_code": "06",
        "id": "NIC-06-06088"
      }
    },
    {
      "type": "Feature",
      "geometry": {
        "type": "Polygon",
        "coordinates": [
          [
            [
              7.228941907618914,
              43.74942097493141
            ],
            [
              7.227377112162165,
              43.74470285140366
            ],
            [
              7.23218458366425,
              43.74162035601142
            ],
            [
              7.238557170360113,
              43.74325584969102
            ],
            [
              7.2401226917205115,
              43.74797404558724
            ],
            [
              7.23531490050664,
              43.75105667545395
            ],
            [
              7.228941907618914,
              43.74942097493141
            ]
          ]
        ]
      },
      "properties": {
        "uuid": "4abbe272-8d2e-46fe-a77d-a184aaf29b41",
        "h3_index": "883969a2e3fffff",
        "city_code": "06088",
        "city_name": "Nice",
        "latitude": 43.74633860415068,
        "longitude": 7.2337496445075224,
        "manual_surge": 0,
        "available": true,
        "status": "active",
        "dept_code": "06",
        "id": "NIC-06-06088"
      }
    },
    {
      "type": "Feature",
      "geometry": {
        "type": "Polygon",
        "coordinates": [
          [
            [
              7.221349309597975,
              43.69134403888115
            ],
            [
              7.219786128114399,
              43.686623725406704
            ],
            [
              7.224590260789578,
              43.683539093732044
            ],
            [
              7.230957894429721,
              43.68517464104711
            ],
            [
              7.232521800822136,
              43.689895027174984
            ],
            [
              7.227717348690709,
              43.69297979335294
            ],
            [
              7.221349309597975,
              43.69134403888115
            ]
          ]
        ]
      },
      "properties": {
        "uuid": "5aec4b2c-7fe7-40e3-b6a1-2ef533a6df36",
        "h3_index": "883969a033fffff",
        "city_code": "06088",
        "city_name": "Nice",
        "latitude": 43.688259531589175,
        "longitude": 7.226153707328276,
        "manual_surge": 0,
        "available": true,
        "status": "active",
        "dept_code": "06",
        "id": "NIC-06-06088"
      }
    },
    {
      "type": "Feature",
      "geometry": {
        "type": "Polygon",
        "coordinates": [
          [
            [
              7.286620810078539,
              43.71240720960428
            ],
            [
              7.285052833076413,
              43.707687592936
            ],
            [
              7.2898577691619915,
              43.70460049585349
            ],
            [
              7.2962310002173645,
              43.7062328805584
            ],
            [
              7.297799702256763,
              43.710952568972246
            ],
            [
              7.2929944482289475,
              43.71403980095419
            ],
            [
              7.286620810078539,
              43.71240720960428
            ]
          ]
        ]
      },
      "properties": {
        "uuid": "bb385d5d-0cc4-4d55-a241-c4d148b12907",
        "h3_index": "883969a0d7fffff",
        "city_code": "06088",
        "city_name": "Nice",
        "latitude": 43.70932023673349,
        "longitude": 7.291426010988184,
        "manual_surge": 0,
        "available": true,
        "status": "active",
        "dept_code": "06",
        "id": "NIC-06-06088"
      }
    },
    {
      "type": "Feature",
      "geometry": {
        "type": "Polygon",
        "coordinates": [
          [
            [
              7.259565256909855,
              43.701153903944814
            ],
            [
              7.257999315695514,
              43.69643390176442
            ],
            [
              7.262803773044043,
              43.69334771657479
            ],
            [
              7.269174490183156,
              43.694981398845336
            ],
            [
              7.270741156337831,
              43.69970147315573
            ],
            [
              7.2659363804383545,
              43.70278779308418
            ],
            [
              7.259565256909855,
              43.701153903944814
            ]
          ]
        ]
      },
      "properties": {
        "uuid": "6ccbf767-194a-4913-aafe-ee0ac7d2146c",
        "h3_index": "883969a08dfffff",
        "city_code": "06088",
        "city_name": "Nice",
        "latitude": 43.69806784302648,
        "longitude": 7.264369979162303,
        "manual_surge": 0,
        "available": true,
        "status": "active",
        "dept_code": "06",
        "id": "NIC-06-06088"
      }
    },
    {
      "type": "Feature",
      "geometry": {
        "type": "Polygon",
        "coordinates": [
          [
            [
              7.22749057172812,
              43.72746455122522
            ],
            [
              7.225926291166763,
              43.72274559638965
            ],
            [
              7.230732490537252,
              43.719662219185686
            ],
            [
              7.237103290072938,
              43.721297662341506
            ],
            [
              7.2386682961563205,
              43.72601668963517
            ],
            [
              7.233861777207159,
              43.729100201333516
            ],
            [
              7.22749057172812,
              43.72746455122522
            ]
          ]
        ]
      },
      "properties": {
        "uuid": "9e40ece8-79c9-4b5d-8798-c587d6fda8b0",
        "h3_index": "883969a2a5fffff",
        "city_code": "06088",
        "city_name": "Nice",
        "latitude": 43.724381298540685,
        "longitude": 7.232297036351785,
        "manual_surge": 0,
        "available": true,
        "status": "active",
        "dept_code": "06",
        "id": "NIC-06-06088"
      }
    },
    {
      "type": "Feature",
      "geometry": {
        "type": "Polygon",
        "coordinates": [
          [
            [
              7.211973141535713,
              43.663019518684564
            ],
            [
              7.210411128149408,
              43.658298149924754
            ],
            [
              7.2152136709474775,
              43.65521277226563
            ],
            [
              7.221578546634199,
              43.656848628903816
            ],
            [
              7.223141284465816,
              43.66157007052863
            ],
            [
              7.21833842219046,
              43.66465558266878
            ],
            [
              7.211973141535713,
              43.663019518684564
            ]
          ]
        ]
      },
      "properties": {
        "uuid": "b5542604-6e26-4200-aa87-7949ecff5dec",
        "h3_index": "883969a189fffff",
        "city_code": "06088",
        "city_name": "Nice",
        "latitude": 43.65993426531902,
        "longitude": 7.216775949259303,
        "manual_surge": 0,
        "available": true,
        "status": "active",
        "dept_code": "06",
        "id": "NIC-06-06088"
      }
    },
    {
      "type": "Feature",
      "geometry": {
        "type": "Polygon",
        "coordinates": [
          [
            [
              7.293094182412618,
              43.69679297386209
            ],
            [
              7.291526066578938,
              43.69207275570942
            ],
            [
              7.296330049947811,
              43.6889846438709
            ],
            [
              7.30270246683113,
              43.690616615241055
            ],
            [
              7.304271307403154,
              43.69533690510599
            ],
            [
              7.299467006378951,
              43.69842515190708
            ],
            [
              7.293094182412618,
              43.69679297386209
            ]
          ]
        ]
      },
      "properties": {
        "uuid": "67625368-324a-411a-ad9c-25d54d1037a0",
        "h3_index": "883969a095fffff",
        "city_code": "06088",
        "city_name": "Nice",
        "latitude": 43.69370498613893,
        "longitude": 7.297898430468764,
        "manual_surge": 0,
        "available": true,
        "status": "active",
        "dept_code": "06",
        "id": "NIC-06-06088"
      }
    },
    {
      "type": "Feature",
      "geometry": {
        "type": "Polygon",
        "coordinates": [
          [
            [
              7.25632619485776,
              43.70895928302133
            ],
            [
              7.254760323479471,
              43.704239581569105
            ],
            [
              7.259565256909855,
              43.701153903944814
            ],
            [
              7.2659363804383545,
              43.70278779308418
            ],
            [
              7.26750297690629,
              43.70750756668301
            ],
            [
              7.262697724781397,
              43.710593379014476
            ],
            [
              7.25632619485776,
              43.70895928302133
            ]
          ]
        ]
      },
      "properties": {
        "uuid": "9edac362-cb68-452e-9e0b-780954894f52",
        "h3_index": "883969a0c7fffff",
        "city_code": "06088",
        "city_name": "Nice",
        "latitude": 43.70587372971647,
        "longitude": 7.261131393260437,
        "manual_surge": 0,
        "available": true,
        "status": "active",
        "dept_code": "06",
        "id": "NIC-06-06088"
      }
    },
    {
      "type": "Feature",
      "geometry": {
        "type": "Polygon",
        "coordinates": [
          [
            [
              7.196122128662476,
              43.65030334201262
            ],
            [
              7.1945614231448864,
              43.64558151959707
            ],
            [
              7.199363326527058,
              43.6424964107712
            ],
            [
              7.205726255236614,
              43.64413298998422
            ],
            [
              7.207287685033882,
              43.64885488550959
            ],
            [
              7.202485461866905,
              43.65194012873064
            ],
            [
              7.196122128662476,
              43.65030334201262
            ]
          ]
        ]
      },
      "properties": {
        "uuid": "e5a76926-9d01-41b8-b612-78c930bef17b",
        "h3_index": "883969a1e3fffff",
        "city_code": "06088",
        "city_name": "Nice",
        "latitude": 43.647218357487624,
        "longitude": 7.200924296976968,
        "manual_surge": 0,
        "available": true,
        "status": "active",
        "dept_code": "06",
        "id": "NIC-06-06088"
      }
    },
    {
      "type": "Feature",
      "geometry": {
        "type": "Polygon",
        "coordinates": [
          [
            [
              7.179537819183117,
              43.741042534242155
            ],
            [
              7.177976512273064,
              43.73632417184072
            ],
            [
              7.182783810031447,
              43.733243872998116
            ],
            [
              7.189152735639993,
              43.73488180241268
            ],
            [
              7.190714768486433,
              43.739600237845224
            ],
            [
              7.185907149812942,
              43.74268067085069
            ],
            [
              7.179537819183117,
              43.741042534242155
            ]
          ]
        ]
      },
      "properties": {
        "uuid": "27a18488-100f-4ba1-9c60-b71c1e6e00cf",
        "h3_index": "883969a235fffff",
        "city_code": "06088",
        "city_name": "Nice",
        "latitude": 43.7379623601745,
        "longitude": 7.184345382550429,
        "manual_surge": 0,
        "available": true,
        "status": "active",
        "dept_code": "06",
        "id": "NIC-06-06088"
      }
    },
    {
      "type": "Feature",
      "geometry": {
        "type": "Polygon",
        "coordinates": [
          [
            [
              7.291325913580226,
              43.72656499930526
            ],
            [
              7.289757350296266,
              43.721845912853766
            ],
            [
              7.294563080918505,
              43.718759188450726
            ],
            [
              7.300937692780502,
              43.72039141560683
            ],
            [
              7.3025069813332095,
              43.725110573697826
            ],
            [
              7.297700932780612,
              43.728197433011815
            ],
            [
              7.291325913580226,
              43.72656499930526
            ]
          ]
        ]
      },
      "properties": {
        "uuid": "f17fc40c-858f-4827-8cd5-2d1d3bed94a3",
        "h3_index": "883969a0dbfffff",
        "city_code": "06088",
        "city_name": "Nice",
        "latitude": 43.72347839915821,
        "longitude": 7.29613190909099,
        "manual_surge": 0,
        "available": true,
        "status": "active",
        "dept_code": "06",
        "id": "NIC-06-06088"
      }
    },
    {
      "type": "Feature",
      "geometry": {
        "type": "Polygon",
        "coordinates": [
          [
            [
              7.1990055665522314,
              43.69423842760219
            ],
            [
              7.197443835085217,
              43.68951825985215
            ],
            [
              7.202248279132743,
              43.68643491236817
            ],
            [
              7.208614774724093,
              43.688071598299345
            ],
            [
              7.21017723123248,
              43.69279183898117
            ],
            [
              7.205372467133191,
              43.695875320818615
            ],
            [
              7.1990055665522314,
              43.69423842760219
            ]
          ]
        ]
      },
      "properties": {
        "uuid": "617a9f11-3cdd-4fd6-b4c0-760fbae4d36c",
        "h3_index": "883969a03dfffff",
        "city_code": "06088",
        "city_name": "Nice",
        "latitude": 43.69115520460478,
        "longitude": 7.203810275798427,
        "manual_surge": 0,
        "available": true,
        "status": "active",
        "dept_code": "06",
        "id": "NIC-06-06088"
      }
    },
    {
      "type": "Feature",
      "geometry": {
        "type": "Polygon",
        "coordinates": [
          [
            [
              7.281917465114762,
              43.698247829836774
            ],
            [
              7.280350074086924,
              43.69352768353564
            ],
            [
              7.28515421582932,
              43.69044021390669
            ],
            [
              7.291526066578938,
              43.69207275570942
            ],
            [
              7.293094182412618,
              43.69679297386209
            ],
            [
              7.288289722716232,
              43.69988057837909
            ],
            [
              7.281917465114762,
              43.698247829836774
            ]
          ]
        ]
      },
      "properties": {
        "uuid": "ab521ed4-6628-4d28-9ca7-26d23afc88ee",
        "h3_index": "883969a083fffff",
        "city_code": "06088",
        "city_name": "Nice",
        "latitude": 43.69516048437517,
        "longitude": 7.286721871616724,
        "manual_surge": 0,
        "available": true,
        "status": "active",
        "dept_code": "06",
        "id": "NIC-06-06088"
      }
    },
    {
      "type": "Feature",
      "geometry": {
        "type": "Polygon",
        "coordinates": [
          [
            [
              7.1860292542087265,
              43.72544440215593
            ],
            [
              7.184467805555696,
              43.72072543746124
            ],
            [
              7.189274151832206,
              43.717644121955246
            ],
            [
              7.195642267413902,
              43.71928163693619
            ],
            [
              7.19720444170485,
              43.72400067462897
            ],
            [
              7.1923977748012184,
              43.72708212436128
            ],
            [
              7.1860292542087265,
              43.72544440215593
            ]
          ]
        ]
      },
      "properties": {
        "uuid": "d290451f-cee8-4670-a0a1-00835e4dcfac",
        "h3_index": "883969a043fffff",
        "city_code": "06088",
        "city_name": "Nice",
        "latitude": 43.722363211328876,
        "longitude": 7.190835865957357,
        "manual_surge": 0,
        "available": true,
        "status": "active",
        "dept_code": "06",
        "id": "NIC-06-06088"
      }
    },
    {
      "type": "Feature",
      "geometry": {
        "type": "Polygon",
        "coordinates": [
          [
            [
              7.222798314965394,
              43.713307157247094
            ],
            [
              7.221234619257101,
              43.708587673069786
            ],
            [
              7.2260400229977755,
              43.705503922395984
            ],
            [
              7.2324094420612575,
              43.70713952143521
            ],
            [
              7.23397386305952,
              43.711859078176666
            ],
            [
              7.2291681397295156,
              43.71494296333334
            ],
            [
              7.222798314965394,
              43.713307157247094
            ]
          ]
        ]
      },
      "properties": {
        "uuid": "860aa0d8-4858-4531-849e-9b64987803bb",
        "h3_index": "883969a011fffff",
        "city_code": "06088",
        "city_name": "Nice",
        "latitude": 43.7102235310485,
        "longitude": 7.227603983894377,
        "manual_surge": 0,
        "available": true,
        "status": "active",
        "dept_code": "06",
        "id": "NIC-06-06088"
      }
    },
    {
      "type": "Feature",
      "geometry": {
        "type": "Polygon",
        "coordinates": [
          [
            [
              7.237214689412233,
              43.7040551284384
            ],
            [
              7.235650198279292,
              43.699335270935535
            ],
            [
              7.240454969712675,
              43.69625037021126
            ],
            [
              7.24682455145173,
              43.697885192419015
            ],
            [
              7.248389767658765,
              43.70260512233024
            ],
            [
              7.24358467707788,
              43.70569015764392
            ],
            [
              7.237214689412233,
              43.7040551284384
            ]
          ]
        ]
      },
      "properties": {
        "uuid": "432586db-551a-422d-bbc5-393ec8de47e2",
        "h3_index": "883969a0e9fffff",
        "city_code": "06088",
        "city_name": "Nice",
        "latitude": 43.700970352089264,
        "longitude": 7.242019725893626,
        "manual_surge": 0,
        "available": true,
        "status": "active",
        "dept_code": "06",
        "id": "NIC-06-06088"
      }
    }
  ]
}