{
  "type": "FeatureCollection",
  "features": [
    {
      "type": "Feature",
      "geometry": {
        "type": "Polygon",
        "coordinates": [
          [
            [
              7.280145253943421,
              43.72801821142157
            ],
            [
              7.278577415995782,
              43.72329919674882
            ],
            [
              7.283383305044834,
              43.7202131148738
            ],
            [
              7.289757350296266,
              43.721845912853766
            ],
            [
              7.291325913580226,
              43.72656499930526
            ],
            [
              7.28651970630184,
              43.72965121601664
            ],
            [
              7.280145253943421,
              43.72801821142157
            ]
          ]
        ]
      },
      "properties": {
        "uuid": "650d975c-85bc-4f7a-a034-4b4ae709de16",
        "h3_index": "883969a0d9fffff",
        "city_code": "06088",
        "city_name": "Nice",
        "latitude": 43.7249322538545,
        "longitude": 7.284951407953381,
        "manual_surge": 0,
        "available": true,
        "status": "active"
      }
    },
    {
      "type": "Feature",
      "geometry": {
        "type": "Polygon",
        "coordinates": [
          [
            [
              7.190714768486433,
              43.739600237845224
            ],
            [
              7.189152735639993,
              43.73488180241268
            ],
            [
              7.193959878397905,
              43.73180086098767
            ],
            [
              7.200329374644416,
              43.73343822077588
            ],
            [
              7.201892133361231,
              43.73815672910041
            ],
            [
              7.197084669986204,
              43.74123780476335
            ],
            [
              7.190714768486433,
              43.739600237845224
            ]
          ]
        ]
      },
      "properties": {
        "uuid": "e75de3b6-536f-4947-b904-8ef182459119",
        "h3_index": "883969a237fffff",
        "city_code": "06088",
        "city_name": "Nice",
        "latitude": 43.736519421143285,
        "longitude": 7.19552217678154,
        "manual_surge": 0,
        "available": true,
        "status": "active"
      }
    },
    {
      "type": "Feature",
      "geometry": {
        "type": "Polygon",
        "coordinates": [
          [
            [
              7.3025069813332095,
              43.725110573697826
            ],
            [
              7.300937692780502,
              43.72039141560683
            ],
            [
              7.305743264595143,
              43.717304048682465
            ],
            [
              7.312118442619329,
              43.71893570488227
            ],
            [
              7.31368845637309,
              43.723654934473544
            ],
            [
              7.30888256692713,
              43.72674243638334
            ],
            [
              7.3025069813332095,
              43.725110573697826
            ]
          ]
        ]
      },
      "properties": {
        "uuid": "13d29dd9-7dc4-4b23-bccd-0d549283d592",
        "h3_index": "883969a72dfffff",
        "city_code": "06088",
        "city_name": "Nice",
        "latitude": 43.72202333097752,
        "longitude": 7.307312817963976,
        "manual_surge": 0,
        "available": true,
        "status": "active"
      }
    },
    {
      "type": "Feature",
      "geometry": {
        "type": "Polygon",
        "coordinates": [
          [
            [
              7.198647358046037,
              43.745956011783086
            ],
            [
              7.197084669986204,
              43.74123780476335
            ],
            [
              7.201892133361231,
              43.73815672910041
            ],
            [
              7.208262605284158,
              43.73979372619451
            ],
            [
              7.209826019297582,
              43.744512005983644
            ],
            [
              7.205018235459585,
              43.74759321592788
            ],
            [
              7.198647358046037,
              43.745956011783086
            ]
          ]
        ]
      },
      "properties": {
        "uuid": "67b8e82d-74fa-4e32-a79c-c96f710b98d9",
        "h3_index": "883969a233fffff",
        "city_code": "06088",
        "city_name": "Nice",
        "latitude": 43.742875060839324,
        "longitude": 7.203455086954903,
        "manual_surge": 0,
        "available": true,
        "status": "active"
      }
    },
    {
      "type": "Feature",
      "geometry": {
        "type": "Polygon",
        "coordinates": [
          [
            [
              7.241909332837839,
              43.71821364265879
            ],
            [
              7.240344256657376,
              43.71349431436487
            ],
            [
              7.245149823299538,
              43.71040978681036
            ],
            [
              7.25152078528397,
              43.7120444529675
            ],
            [
              7.253086586770389,
              43.71676385356378
            ],
            [
              7.248280700991672,
              43.719848515719136
            ],
            [
              7.241909332837839,
              43.71821364265879
            ]
          ]
        ]
      },
      "properties": {
        "uuid": "d8e0ded2-69d9-466c-b742-049f57d79b5a",
        "h3_index": "883969a0cdfffff",
        "city_code": "06088",
        "city_name": "Nice",
        "latitude": 43.71512923952372,
        "longitude": 7.246715164592758,
        "manual_surge": 0,
        "available": true,
        "status": "active"
      }
    },
    {
      "type": "Feature",
      "geometry": {
        "type": "Polygon",
        "coordinates": [
          [
            [
              7.278680168617121,
              43.70605463766908
            ],
            [
              7.277112847126616,
              43.701334792062845
            ],
            [
              7.281917465114762,
              43.698247829836774
            ],
            [
              7.288289722716232,
              43.69988057837909
            ],
            [
              7.2898577691619915,
              43.70460049585349
            ],
            [
              7.285052833076413,
              43.707687592936
            ],
            [
              7.278680168617121,
              43.70605463766908
            ]
          ]
        ]
      },
      "properties": {
        "uuid": "428f67d3-a2f2-4c8d-80b2-5b1924cf69a3",
        "h3_index": "883969a08bfffff",
        "city_code": "06088",
        "city_name": "Nice",
        "latitude": 43.70296779965854,
        "longitude": 7.283485051433205,
        "manual_surge": 0,
        "available": true,
        "status": "active"
      }
    },
    {
      "type": "Feature",
      "geometry": {
        "type": "Polygon",
        "coordinates": [
          [
            [
              7.23218458366425,
              43.74162035601142
            ],
            [
              7.2306197179427025,
              43.736901931100874
            ],
            [
              7.235426713137584,
              43.73381892749938
            ],
            [
              7.24179889364714,
              43.73545421432099
            ],
            [
              7.2433644851228856,
              43.740172711583504
            ],
            [
              7.238557170360113,
              43.74325584969102
            ],
            [
              7.23218458366425,
              43.74162035601142
            ]
          ]
        ]
      },
      "properties": {
        "uuid": "dc0aeabb-4147-4f6a-b740-b4adb24da902",
        "h3_index": "883969a2a9fffff",
        "city_code": "06088",
        "city_name": "Nice",
        "latitude": 43.73853747697347,
        "longitude": 7.2369918441771866,
        "manual_surge": 0,
        "available": true,
        "status": "active"
      }
    },
    {
      "type": "Feature",
      "geometry": {
        "type": "Polygon",
        "coordinates": [
          [
            [
              7.305743264595143,
              43.717304048682465
            ],
            [
              7.30417390678641,
              43.712584589562994
            ],
            [
              7.308979001924909,
              43.70949671514108
            ],
            [
              7.315353772385497,
              43.71112816484031
            ],
            [
              7.316923855245673,
              43.71584769544345
            ],
            [
              7.312118442619329,
              43.71893570488227
            ],
            [
              7.305743264595143,
              43.717304048682465
            ]
          ]
        ]
      },
      "properties": {
        "uuid": "680cf5a2-0184-42d2-b048-1bff997d192a",
        "h3_index": "883969a725fffff",
        "city_code": "06088",
        "city_name": "Nice",
        "latitude": 43.71421629841649,
        "longitude": 7.310548624481347,
        "manual_surge": 0,
        "available": true,
        "status": "active"
      }
    },
    {
      "type": "Feature",
      "geometry": {
        "type": "Polygon",
        "coordinates": [
          [
            [
              7.213069912979937,
              43.73671200787967
            ],
            [
              7.2115064284588675,
              43.73199342680221
            ],
            [
              7.216313260073775,
              43.728911200228985
            ],
            [
              7.222683896255718,
              43.73054742036394
            ],
            [
              7.224248106514718,
              43.73526607405517
            ],
            [
              7.219440954878994,
              43.73834843501626
            ],
            [
              7.213069912979937,
              43.73671200787967
            ]
          ]
        ]
      },
      "properties": {
        "uuid": "a66cca01-702c-469d-9319-be12d751b1e5",
        "h3_index": "883969a05bfffff",
        "city_code": "06088",
        "city_name": "Nice",
        "latitude": 43.73362990592579,
        "longitude": 7.21787700998839,
        "manual_surge": 0,
        "available": true,
        "status": "active"
      }
    },
    {
      "type": "Feature",
      "geometry": {
        "type": "Polygon",
        "coordinates": [
          [
            [
              7.2401226917205115,
              43.74797404558724
            ],
            [
              7.238557170360113,
              43.74325584969102
            ],
            [
              7.2433644851228856,
              43.740172711583504
            ],
            [
              7.249737640684489,
              43.7418076348415
            ],
            [
              7.251303887881778,
              43.74652590296704
            ],
            [
              7.2464962537058435,
              43.74960917562385
            ],
            [
              7.2401226917205115,
              43.74797404558724
            ]
          ]
        ]
      },
      "properties": {
        "uuid": "674aa7b3-f6db-4103-bcb0-b89b435dfe85",
        "h3_index": "883969a285fffff",
        "city_code": "06088",
        "city_name": "Nice",
        "latitude": 43.74489103203938,
        "longitude": 7.244930271797727,
        "manual_surge": 0,
        "available": true,
        "status": "active"
      }
    },
    {
      "type": "Feature",
      "geometry": {
        "type": "Polygon",
        "coordinates": [
          [
            [
              7.208380044143208,
              43.72255573504341
            ],
            [
              7.206817144280376,
              43.71783662449164
            ],
            [
              7.2116231798446195,
              43.714754024148725
            ],
            [
              7.217992435328011,
              43.71639039999986
            ],
            [
              7.219556060696497,
              43.721109583271485
            ],
            [
              7.214749705101044,
              43.724192317990685
            ],
            [
              7.208380044143208,
              43.72255573504341
            ]
          ]
        ]
      },
      "properties": {
        "uuid": "fb6e7100-c0cb-48bd-9952-0429a4234af6",
        "h3_index": "883969a057fffff",
        "city_code": "06088",
        "city_name": "Nice",
        "latitude": 43.71947325927566,
        "longitude": 7.213186345036027,
        "manual_surge": 0,
        "available": true,
        "status": "active"
      }
    },
    {
      "type": "Feature",
      "geometry": {
        "type": "Polygon",
        "coordinates": [
          [
            [
              7.23397386305952,
              43.711859078176666
            ],
            [
              7.2324094420612575,
              43.70713952143521
            ],
            [
              7.237214689412233,
              43.7040551284384
            ],
            [
              7.24358467707788,
              43.70569015764392
            ],
            [
              7.245149823299538,
              43.71040978681036
            ],
            [
              7.240344256657376,
              43.71349431436487
            ],
            [
              7.23397386305952,
              43.711859078176666
            ]
          ]
        ]
      },
      "properties": {
        "uuid": "96cf4c32-3255-4517-9467-82b3c55afffe",
        "h3_index": "883969a013fffff",
        "city_code": "06088",
        "city_name": "Nice",
        "latitude": 43.708774809603135,
        "longitude": 7.238779375526887,
        "manual_surge": 0,
        "available": true,
        "status": "active"
      }
    },
    {
      "type": "Feature",
      "geometry": {
        "type": "Polygon",
        "coordinates": [
          [
            [
              7.219556060696497,
              43.721109583271485
            ],
            [
              7.217992435328011,
              43.71639039999986
            ],
            [
              7.222798314965394,
              43.713307157247094
            ],
            [
              7.2291681397295156,
              43.71494296333334
            ],
            [
              7.230732490537252,
              43.719662219185686
            ],
            [
              7.225926291166763,
              43.72274559638965
            ],
            [
              7.219556060696497,
              43.721109583271485
            ]
          ]
        ]
      },
      "properties": {
        "uuid": "64467aaf-70af-4da3-9f3f-749b9b647642",
        "h3_index": "883969a019fffff",
        "city_code": "06088",
        "city_name": "Nice",
        "latitude": 43.718026465041994,
        "longitude": 7.224362205590573,
        "manual_surge": 0,
        "available": true,
        "status": "active"
      }
    },
    {
      "type": "Feature",
      "geometry": {
        "type": "Polygon",
        "coordinates": [
          [
            [
              7.224248106514718,
              43.73526607405517
            ],
            [
              7.222683896255718,
              43.73054742036394
            ],
            [
              7.22749057172812,
              43.72746455122522
            ],
            [
              7.233861777207159,
              43.729100201333516
            ],
            [
              7.235426713137584,
              43.73381892749938
            ],
            [
              7.2306197179427025,
              43.736901931100874
            ],
            [
              7.224248106514718,
              43.73526607405517
            ]
          ]
        ]
      },
      "properties": {
        "uuid": "abeaa00c-00ce-4f39-bff6-154296e837db",
        "h3_index": "883969a2adfffff",
        "city_code": "06088",
        "city_name": "Nice",
        "latitude": 43.73218332948389,
        "longitude": 7.229055047308695,
        "manual_surge": 0,
        "available": true,
        "status": "active"
      }
    },
    {
      "type": "Feature",
      "geometry": {
        "type": "Polygon",
        "coordinates": [
          [
            [
              7.21017723123248,
              43.69279183898117
            ],
            [
              7.208614774724093,
              43.688071598299345
            ],
            [
              7.21341906327547,
              43.684987608717044
            ],
            [
              7.219786128114399,
              43.686623725406704
            ],
            [
              7.221349309597975,
              43.69134403888115
            ],
            [
              7.216544701292523,
              43.69442816289187
            ],
            [
              7.21017723123248,
              43.69279183898117
            ]
          ]
        ]
      },
      "properties": {
        "uuid": "d922a0cc-d60d-46e6-abf3-7b71e691f803",
        "h3_index": "883969a031fffff",
        "city_code": "06088",
        "city_name": "Nice",
        "latitude": 43.689707973833485,
        "longitude": 7.214981784910799,
        "manual_surge": 0,
        "available": true,
        "status": "active"
      }
    },
    {
      "type": "Feature",
      "geometry": {
        "type": "Polygon",
        "coordinates": [
          [
            [
              7.197563456809594,
              43.672272980170916
            ],
            [
              7.196002238479695,
              43.667551984492405
            ],
            [
              7.200805411861797,
              43.664467756069364
            ],
            [
              7.207170123517091,
              43.66610438896919
            ],
            [
              7.208732066507379,
              43.670825457668606
            ],
            [
              7.203928573207012,
              43.67390982046582
            ],
            [
              7.197563456809594,
              43.672272980170916
            ]
          ]
        ]
      },
      "properties": {
        "uuid": "9f91ce04-0231-4ae0-bfbb-324f11e98a95",
        "h3_index": "883969a1c1fffff",
        "city_code": "06088",
        "city_name": "Nice",
        "latitude": 43.66918887614171,
        "longitude": 7.202366895257149,
        "manual_surge": 0,
        "available": true,
        "status": "active"
      }
    },
    {
      "type": "Feature",
      "geometry": {
        "type": "Polygon",
        "coordinates": [
          [
            [
              7.194320955957231,
              43.68007739649895
            ],
            [
              7.192759808228152,
              43.675356701025606
            ],
            [
              7.197563456809594,
              43.672272980170916
            ],
            [
              7.203928573207012,
              43.67390982046582
            ],
            [
              7.205490445745418,
              43.67863058897675
            ],
            [
              7.200686477102079,
              43.681714444173736
            ],
            [
              7.194320955957231,
              43.68007739649895
            ]
          ]
        ]
      },
      "properties": {
        "uuid": "4465cac7-b864-4a7e-b794-d8d4cf55cdba",
        "h3_index": "883969a1c9fffff",
        "city_code": "06088",
        "city_name": "Nice",
        "latitude": 43.67699380008633,
        "longitude": 7.199124869672378,
        "manual_surge": 0,
        "available": true,
        "status": "active"
      }
    },
    {
      "type": "Feature",
      "geometry": {
        "type": "Polygon",
        "coordinates": [
          [
            [
              7.257785162334657,
              43.73092099568508
            ],
            [
              7.256218775261572,
              43.72620212498741
            ],
            [
              7.26102498002211,
              43.7231173281881
            ],
            [
              7.267397890707954,
              43.72475126741796
            ],
            [
              7.268965003251926,
              43.729470210172764
            ],
            [
              7.264158479664471,
              43.73255514165918
            ],
            [
              7.257785162334657,
              43.73092099568508
            ]
          ]
        ]
      },
      "properties": {
        "uuid": "048b0ff7-22e8-4598-af80-ad9b16ff1181",
        "h3_index": "883969a2b5fffff",
        "city_code": "06088",
        "city_name": "Nice",
        "latitude": 43.72783632329754,
        "longitude": 7.262591632200581,
        "manual_surge": 0,
        "available": true,
        "status": "active"
      }
    },
    {
      "type": "Feature",
      "geometry": {
        "type": "Polygon",
        "coordinates": [
          [
            [
              7.1874691118530665,
              43.74739880496196
            ],
            [
              7.185907149812942,
              43.74268067085069
            ],
            [
              7.190714768486433,
              43.739600237845224
            ],
            [
              7.197084669986204,
              43.74123780476335
            ],
            [
              7.198647358046037,
              43.745956011783086
            ],
            [
              7.193839418611417,
              43.74903657899482
            ],
            [
              7.1874691118530665,
              43.74739880496196
            ]
          ]
        ]
      },
      "properties": {
        "uuid": "977e9f43-c35f-4783-9d06-8db7b77ce522",
        "h3_index": "883969a231fffff",
        "city_code": "06088",
        "city_name": "Nice",
        "latitude": 43.744318496727516,
        "longitude": 7.192276996132194,
        "manual_surge": 0,
        "available": true,
        "status": "active"
      }
    },
    {
      "type": "Feature",
      "geometry": {
        "type": "Polygon",
        "coordinates": [
          [
            [
              7.216313260073775,
              43.728911200228985
            ],
            [
              7.214749705101044,
              43.724192317990685
            ],
            [
              7.219556060696497,
              43.721109583271485
            ],
            [
              7.225926291166763,
              43.72274559638965
            ],
            [
              7.22749057172812,
              43.72746455122522
            ],
            [
              7.222683896255718,
              43.73054742036394
            ],
            [
              7.216313260073775,
              43.728911200228985
            ]
          ]
        ]
      },
      "properties": {
        "uuid": "41e0f7d5-b305-4b6c-aa34-9916aa723b26",
        "h3_index": "883969a053fffff",
        "city_code": "06088",
        "city_name": "Nice",
        "latitude": 43.725828590081115,
        "longitude": 7.221119880994363,
        "manual_surge": 0,
        "available": true,
        "status": "active"
      }
    },
    {
      "type": "Feature",
      "geometry": {
        "type": "Polygon",
        "coordinates": [
          [
            [
              7.214865769242738,
              43.70695150432995
            ],
            [
              7.213302728457702,
              43.702231792061326
            ],
            [
              7.218107812454759,
              43.6991481758273
            ],
            [
              7.224476257005578,
              43.70078413744067
            ],
            [
              7.2260400229977755,
              43.705503922395984
            ],
            [
              7.221234619257101,
              43.708587673069786
            ],
            [
              7.214865769242738,
              43.70695150432995
            ]
          ]
        ]
      },
      "properties": {
        "uuid": "bb9e4f35-1c6f-4c5e-a174-c2bc74fa505d",
        "h3_index": "883969a015fffff",
        "city_code": "06088",
        "city_name": "Nice",
        "latitude": 43.70386801257488,
        "longitude": 7.219671118431585,
        "manual_surge": 0,
        "available": true,
        "status": "active"
      }
    },
    {
      "type": "Feature",
      "geometry": {
        "type": "Polygon",
        "coordinates": [
          [
            [
              7.206581578909368,
              43.75231119430127
            ],
            [
              7.205018235459585,
              43.74759321592788
            ],
            [
              7.209826019297582,
              43.744512005983644
            ],
            [
              7.216197466919212,
              43.74614864010677
            ],
            [
              7.217761536405691,
              43.75086669112689
            ],
            [
              7.212953432258978,
              43.75394803539577
            ],
            [
              7.206581578909368,
              43.75231119430127
            ]
          ]
        ]
      },
      "properties": {
        "uuid": "69d51d6f-e950-4467-a99f-96efb38af99a",
        "h3_index": "883969a2edfffff",
        "city_code": "06088",
        "city_name": "Nice",
        "latitude": 43.74923010907231,
        "longitude": 7.211389628277808,
        "manual_surge": 0,
        "available": true,
        "status": "active"
      }
    },
    {
      "type": "Feature",
      "geometry": {
        "type": "Polygon",
        "coordinates": [
          [
            [
              7.240454969712675,
              43.69625037021126
            ],
            [
              7.2388904085009385,
              43.6915302120748
            ],
            [
              7.2436947040781545,
              43.688444803735806
            ],
            [
              7.250063879896221,
              43.690079418930694
            ],
            [
              7.251629166032828,
              43.694799649458886
            ],
            [
              7.24682455145173,
              43.697885192419015
            ],
            [
              7.240454969712675,
              43.69625037021126
            ]
          ]
        ]
      },
      "properties": {
        "uuid": "7843ee3f-e939-4d2d-b085-118df7c21951",
        "h3_index": "883969a0e1fffff",
        "city_code": "06088",
        "city_name": "Nice",
        "latitude": 43.69316508619924,
        "longitude": 7.245259530269555,
        "manual_surge": 0,
        "available": true,
        "status": "active"
      }
    },
    {
      "type": "Feature",
      "geometry": {
        "type": "Polygon",
        "coordinates": [
          [
            [
              7.262485495273794,
              43.74507654694376
            ],
            [
              7.260918522306594,
              43.740358206728054
            ],
            [
              7.265725522447982,
              43.7372737832082
            ],
            [
              7.272099814397512,
              43.7389075652239
            ],
            [
              7.2736675130675,
              43.743625977390586
            ],
            [
              7.2688601941105295,
              43.7467105356092
            ],
            [
              7.262485495273794,
              43.74507654694376
            ]
          ]
        ]
      },
      "properties": {
        "uuid": "1b054c9b-a051-44d1-91db-05c1d670e593",
        "h3_index": "883969a2b9fffff",
        "city_code": "06088",
        "city_name": "Nice",
        "latitude": 43.7419922478798,
        "longitude": 7.267292760585262,
        "manual_surge": 0,
        "available": true,
        "status": "active"
      }
    },
    {
      "type": "Feature",
      "geometry": {
        "type": "Polygon",
        "coordinates": [
          [
            [
              7.229281184910941,
              43.69769987895847
            ],
            [
              7.227717348690709,
              43.69297979335294
            ],
            [
              7.232521800822136,
              43.689895027174984
            ],
            [
              7.2388904085009385,
              43.6915302120748
            ],
            [
              7.240454969712675,
              43.69625037021126
            ],
            [
              7.235650198279292,
              43.699335270935535
            ],
            [
              7.229281184910941,
              43.69769987895847
            ]
          ]
        ]
      },
      "properties": {
        "uuid": "4a8cccbc-8acb-4105-bdcf-38c8f9d05a77",
        "h3_index": "883969a0edfffff",
        "city_code": "06088",
        "city_name": "Nice",
        "latitude": 43.69461523715945,
        "longitude": 7.234085902093972,
        "manual_surge": 0,
        "available": true,
        "status": "active"
      }
    },
    {
      "type": "Feature",
      "geometry": {
        "type": "Polygon",
        "coordinates": [
          [
            [
              7.2898577691619915,
              43.70460049585349
            ],
            [
              7.288289722716232,
              43.69988057837909
            ],
            [
              7.293094182412618,
              43.69679297386209
            ],
            [
              7.299467006378951,
              43.69842515190708
            ],
            [
              7.301035777712487,
              43.703145141110404
            ],
            [
              7.2962310002173645,
              43.7062328805584
            ],
            [
              7.2898577691619915,
              43.70460049585349
            ]
          ]
        ]
      },
      "properties": {
        "uuid": "8f266499-1b60-41d7-be15-e60cc43b6a1a",
        "h3_index": "883969a09dfffff",
        "city_code": "06088",
        "city_name": "Nice",
        "latitude": 43.701513015500055,
        "longitude": 7.294662493614034,
        "manual_surge": 0,
        "available": true,
        "status": "active"
      }
    },
    {
      "type": "Feature",
      "geometry": {
        "type": "Polygon",
        "coordinates": [
          [
            [
              7.200805411861797,
              43.664467756069364
            ],
            [
              7.19924412298692,
              43.65974646031375
            ],
            [
              7.204046821230885,
              43.65666172443522
            ],
            [
              7.210411128149408,
              43.658298149924754
            ],
            [
              7.211973141535713,
              43.663019518684564
            ],
            [
              7.207170123517091,
              43.66610438896919
            ],
            [
              7.200805411861797,
              43.664467756069364
            ]
          ]
        ]
      },
      "properties": {
        "uuid": "2aec42b2-d62f-43ef-a562-7c9cfa6447c0",
        "h3_index": "883969a1c7fffff",
        "city_code": "06088",
        "city_name": "Nice",
        "latitude": 43.66138314453642,
        "longitude": 7.205608375102956,
        "manual_surge": 0,
        "available": true,
        "status": "active"
      }
    },
    {
      "type": "Feature",
      "geometry": {
        "type": "Polygon",
        "coordinates": [
          [
            [
              7.192156166980452,
              43.761552147258875
            ],
            [
              7.190593620402691,
              43.756834543230745
            ],
            [
              7.195402035958251,
              43.75375448458239
            ],
            [
              7.201773318867719,
              43.75539189576265
            ],
            [
              7.203336591697844,
              43.760109572593024
            ],
            [
              7.19852785539119,
              43.76318976545945
            ],
            [
              7.192156166980452,
              43.761552147258875
            ]
          ]
        ]
      },
      "properties": {
        "uuid": "68b6bd4f-becf-402a-885f-626638eed0b2",
        "h3_index": "883969a215fffff",
        "city_code": "06088",
        "city_name": "Nice",
        "latitude": 43.758472213425506,
        "longitude": 7.196964848206769,
        "manual_surge": 0,
        "available": true,
        "status": "active"
      }
    },
    {
      "type": "Feature",
      "geometry": {
        "type": "Polygon",
        "coordinates": [
          [
            [
              7.245149823299538,
              43.71040978681036
            ],
            [
              7.24358467707788,
              43.70569015764392
            ],
            [
              7.248389767658765,
              43.70260512233024
            ],
            [
              7.254760323479471,
              43.704239581569105
            ],
            [
              7.25632619485776,
              43.70895928302133
            ],
            [
              7.25152078528397,
              43.7120444529675
            ],
            [
              7.245149823299538,
              43.71040978681036
            ]
          ]
        ]
      },
      "properties": {
        "uuid": "c97c0d6c-f515-4bdd-a2b3-30a40a6dba0b",
        "h3_index": "883969a0c5fffff",
        "city_code": "06088",
        "city_name": "Nice",
        "latitude": 43.707324875868025,
        "longitude": 7.2499551789247985,
        "manual_surge": 0,
        "available": true,
        "status": "active"
      }
    },
    {
      "type": "Feature",
      "geometry": {
        "type": "Polygon",
        "coordinates": [
          [
            [
              7.195402035958251,
              43.75375448458239
            ],
            [
              7.193839418611417,
              43.74903657899482
            ],
            [
              7.198647358046037,
              43.745956011783086
            ],
            [
              7.205018235459585,
              43.74759321592788
            ],
            [
              7.206581578909368,
              43.75231119430127
            ],
            [
              7.201773318867719,
              43.75539189576265
            ],
            [
              7.195402035958251,
              43.75375448458239
            ]
          ]
        ]
      },
      "properties": {
        "uuid": "cf425007-5efb-4847-ab51-10b4569d9e05",
        "h3_index": "883969a23bfffff",
        "city_code": "06088",
        "city_name": "Nice",
        "latitude": 43.75067404213777,
        "longitude": 7.2002102409951805,
        "manual_surge": 0,
        "available": true,
        "status": "active"
      }
    },
    {
      "type": "Feature",
      "geometry": {
        "type": "Polygon",
        "coordinates": [
          [
            [
              7.264264251506855,
              43.71531285177398
            ],
            [
              7.262697724781397,
              43.710593379014476
            ],
            [
              7.26750297690629,
              43.70750756668301
            ],
            [
              7.273875074321628,
              43.70914109237938
            ],
            [
              7.275442326219046,
              43.71386063716287
            ],
            [
              7.270636755554541,
              43.71694658424458
            ],
            [
              7.264264251506855,
              43.71531285177398
            ]
          ]
        ]
      },
      "properties": {
        "uuid": "bece9db2-d0d4-467f-a78f-dcc81ab88a23",
        "h3_index": "883969a0c3fffff",
        "city_code": "06088",
        "city_name": "Nice",
        "latitude": 43.7122271637581,
        "longitude": 7.269069768600318,
        "manual_surge": 0,
        "available": true,
        "status": "active"
      }
    },
    {
      "type": "Feature",
      "geometry": {
        "type": "Polygon",
        "coordinates": [
          [
            [
              7.3039789833946225,
              43.74707179859058
            ],
            [
              7.302409177294369,
              43.742353472800865
            ],
            [
              7.307216020565148,
              43.73926698628748
            ],
            [
              7.313592987724464,
              43.740898690616774
            ],
            [
              7.315163519406953,
              43.74561708781715
            ],
            [
              7.310356358373431,
              43.748703709296194
            ],
            [
              7.3039789833946225,
              43.74707179859058
            ]
          ]
        ]
      },
      "properties": {
        "uuid": "0a0cbcb7-f80f-44ac-be9b-9966b42143e6",
        "h3_index": "883969a76bfffff",
        "city_code": "06088",
        "city_name": "Nice",
        "latitude": 43.74398543637349,
        "longitude": 7.308786091614443,
        "manual_surge": 0,
        "available": true,
        "status": "active"
      }
    },
    {
      "type": "Feature",
      "geometry": {
        "type": "Polygon",
        "coordinates": [
          [
            [
              7.208732066507379,
              43.670825457668606
            ],
            [
              7.207170123517091,
              43.66610438896919
            ],
            [
              7.211973141535713,
              43.663019518684564
            ],
            [
              7.21833842219046,
              43.66465558266878
            ],
            [
              7.21990108977501,
              43.669376724249936
            ],
            [
              7.215097752135604,
              43.67246172898366
            ],
            [
              7.208732066507379,
              43.670825457668606
            ]
          ]
        ]
      },
      "properties": {
        "uuid": "11464386-1b59-411c-8427-97cabcdbc781",
        "h3_index": "883969a1c3fffff",
        "city_code": "06088",
        "city_name": "Nice",
        "latitude": 43.66774071172585,
        "longitude": 7.213535349519765,
        "manual_surge": 0,
        "available": true,
        "status": "active"
      }
    },
    {
      "type": "Feature",
      "geometry": {
        "type": "Polygon",
        "coordinates": [
          [
            [
              7.2166603494172845,
              43.677182570393036
            ],
            [
              7.215097752135604,
              43.67246172898366
            ],
            [
              7.21990108977501,
              43.669376724249936
            ],
            [
              7.226267344188025,
              43.671012426452045
            ],
            [
              7.227830666146743,
              43.6757333406207
            ],
            [
              7.223027009040507,
              43.67881847984651
            ],
            [
              7.2166603494172845,
              43.677182570393036
            ]
          ]
        ]
      },
      "properties": {
        "uuid": "a89bf22d-4823-4197-b603-e058ebf616f4",
        "h3_index": "883969a1ddfffff",
        "city_code": "06088",
        "city_name": "Nice",
        "latitude": 43.67409768999749,
        "longitude": 7.221463952047008,
        "manual_surge": 0,
        "available": true,
        "status": "active"
      }
    },
    {
      "type": "Feature",
      "geometry": {
        "type": "Polygon",
        "coordinates": [
          [
            [
              7.221005094779725,
              43.74306678743566
            ],
            [
              7.219440954878994,
              43.73834843501626
            ],
            [
              7.224248106514718,
              43.73526607405517
            ],
            [
              7.2306197179427025,
              43.736901931100874
            ],
            [
              7.23218458366425,
              43.74162035601142
            ],
            [
              7.227377112162165,
              43.74470285140366
            ],
            [
              7.221005094779725,
              43.74306678743566
            ]
          ]
        ]
      },
      "properties": {
        "uuid": "c7140245-4696-4d8e-994c-9cf9dfc8b6ba",
        "h3_index": "883969a2e7fffff",
        "city_code": "06088",
        "city_name": "Nice",
        "latitude": 43.739984551090004,
        "longitude": 7.225812511805496,
        "manual_surge": 0,
        "available": true,
        "status": "active"
      }
    },
    {
      "type": "Feature",
      "geometry": {
        "type": "Polygon",
        "coordinates": [
          [
            [
              7.276906656656815,
              43.735822499007234
            ],
            [
              7.275338888320084,
              43.73110378552372
            ],
            [
              7.280145253943421,
              43.72801821142157
            ],
            [
              7.28651970630184,
              43.72965121601664
            ],
            [
              7.288088200124446,
              43.73437000129543
            ],
            [
              7.283281516128154,
              43.73745571020247
            ],
            [
              7.276906656656815,
              43.735822499007234
            ]
          ]
        ]
      },
      "properties": {
        "uuid": "0b257ea0-22ea-498f-9eef-c6abfc5f701e",
        "h3_index": "883969a2b3fffff",
        "city_code": "06088",
        "city_name": "Nice",
        "latitude": 43.73273704926106,
        "longitude": 7.281713287309489,
        "manual_surge": 0,
        "available": true,
        "status": "active"
      }
    },
    {
      "type": "Feature",
      "geometry": {
        "type": "Polygon",
        "coordinates": [
          [
            [
              7.288088200124446,
              43.73437000129543
            ],
            [
              7.28651970630184,
              43.72965121601664
            ],
            [
              7.291325913580226,
              43.72656499930526
            ],
            [
              7.297700932780612,
              43.728197433011815
            ],
            [
              7.299270152021592,
              43.732916289946665
            ],
            [
              7.2944636266692395,
              43.7360026415375
            ],
            [
              7.288088200124446,
              43.73437000129543
            ]
          ]
        ]
      },
      "properties": {
        "uuid": "fe9adac6-b41a-4b37-8992-1310d4a6b45e",
        "h3_index": "883969a765fffff",
        "city_code": "06088",
        "city_name": "Nice",
        "latitude": 43.731283908888116,
        "longitude": 7.292894672359821,
        "manual_surge": 0,
        "available": true,
        "status": "active"
      }
    },
    {
      "type": "Feature",
      "geometry": {
        "type": "Polygon",
        "coordinates": [
          [
            [
              7.230732490537252,
              43.719662219185686
            ],
            [
              7.2291681397295156,
              43.71494296333334
            ],
            [
              7.23397386305952,
              43.711859078176666
            ],
            [
              7.240344256657376,
              43.71349431436487
            ],
            [
              7.241909332837839,
              43.71821364265879
            ],
            [
              7.237103290072938,
              43.721297662341506
            ],
            [
              7.230732490537252,
              43.719662219185686
            ]
          ]
        ]
      },
      "properties": {
        "uuid": "675e1a3e-a6cd-4132-96d5-7b237e135770",
        "h3_index": "883969a01bfffff",
        "city_code": "06088",
        "city_name": "Nice",
        "latitude": 43.716578458500386,
        "longitude": 7.235538479052043,
        "manual_surge": 0,
        "available": true,
        "status": "active"
      }
    },
    {
      "type": "Feature",
      "geometry": {
        "type": "Polygon",
        "coordinates": [
          [
            [
              7.218107812454759,
              43.6991481758273
            ],
            [
              7.216544701292523,
              43.69442816289187
            ],
            [
              7.221349309597975,
              43.69134403888115
            ],
            [
              7.227717348690709,
              43.69297979335294
            ],
            [
              7.229281184910941,
              43.69769987895847
            ],
            [
              7.224476257005578,
              43.70078413744067
            ],
            [
              7.218107812454759,
              43.6991481758273
            ]
          ]
        ]
      },
      "properties": {
        "uuid": "85f18c3e-97a5-4da0-bca9-48c80b7cfb60",
        "h3_index": "883969a03bfffff",
        "city_code": "06088",
        "city_name": "Nice",
        "latitude": 43.69606417624743,
        "longitude": 7.222912685883681,
        "manual_surge": 0,
        "available": true,
        "status": "active"
      }
    },
    {
      "type": "Feature",
      "geometry": {
        "type": "Polygon",
        "coordinates": [
          [
            [
              7.2433644851228856,
              43.740172711583504
            ],
            [
              7.24179889364714,
              43.73545421432099
            ],
            [
              7.246605732020355,
              43.73237056808502
            ],
            [
              7.252978481163909,
              43.734005284549376
            ],
            [
              7.2545447983270375,
              43.73872385402474
            ],
            [
              7.249737640684489,
              43.7418076348415
            ],
            [
              7.2433644851228856,
              43.740172711583504
            ]
          ]
        ]
      },
      "properties": {
        "uuid": "80ae53d1-1daa-4f9d-9c3d-029bee7ddf9e",
        "h3_index": "883969a2abfffff",
        "city_code": "06088",
        "city_name": "Nice",
        "latitude": 43.73708918985922,
        "longitude": 7.248171588742059,
        "manual_surge": 0,
        "available": true,
        "status": "active"
      }
    },
    {
      "type": "Feature",
      "geometry": {
        "type": "Polygon",
        "coordinates": [
          [
            [
              7.203336591697844,
              43.760109572593024
            ],
            [
              7.201773318867719,
              43.75539189576265
            ],
            [
              7.206581578909368,
              43.75231119430127
            ],
            [
              7.212953432258978,
              43.75394803539577
            ],
            [
              7.214517431275236,
              43.7586657848893
            ],
            [
              7.209708850780862,
              43.76174662064378
            ],
            [
              7.203336591697844,
              43.760109572593024
            ]
          ]
        ]
      },
      "properties": {
        "uuid": "b1e99aa2-da84-4682-81db-ff4528ef0c14",
        "h3_index": "883969a217fffff",
        "city_code": "06088",
        "city_name": "Nice",
        "latitude": 43.7570289958948,
        "longitude": 7.208145117338394,
        "manual_surge": 0,
        "available": true,
        "status": "active"
      }
    },
    {
      "type": "Feature",
      "geometry": {
        "type": "Polygon",
        "coordinates": [
          [
            [
              7.2069348531711075,
              43.70059526094479
            ],
            [
              7.205372467133191,
              43.695875320818615
            ],
            [
              7.21017723123248,
              43.69279183898117
            ],
            [
              7.216544701292523,
              43.69442816289187
            ],
            [
              7.218107812454759,
              43.6991481758273
            ],
            [
              7.213302728457702,
              43.702231792061326
            ],
            [
              7.2069348531711075,
              43.70059526094479
            ]
          ]
        ]
      },
      "properties": {
        "uuid": "6b987979-496e-446d-9888-19aa74cffb92",
        "h3_index": "883969a039fffff",
        "city_code": "06088",
        "city_name": "Nice",
        "latitude": 43.69751190359012,
        "longitude": 7.211739882465656,
        "manual_surge": 0,
        "available": true,
        "status": "active"
      }
    },
    {
      "type": "Feature",
      "geometry": {
        "type": "Polygon",
        "coordinates": [
          [
            [
              7.202248279132743,
              43.68643491236817
            ],
            [
              7.200686477102079,
              43.681714444173736
            ],
            [
              7.205490445745418,
              43.67863058897675
            ],
            [
              7.211856536352506,
              43.680267067607474
            ],
            [
              7.21341906327547,
              43.684987608717044
            ],
            [
              7.208614774724093,
              43.688071598299345
            ],
            [
              7.202248279132743,
              43.68643491236817
            ]
          ]
        ]
      },
      "properties": {
        "uuid": "6c6bc55d-0fe3-4862-8a53-e6b59344520a",
        "h3_index": "883969a035fffff",
        "city_code": "06088",
        "city_name": "Nice",
        "latitude": 43.68335118160957,
        "longitude": 7.207052512906413,
        "manual_surge": 0,
        "available": true,
        "status": "active"
      }
    },
    {
      "type": "Feature",
      "geometry": {
        "type": "Polygon",
        "coordinates": [
          [
            [
              7.270741156337831,
              43.69970147315573
            ],
            [
              7.269174490183156,
              43.694981398845336
            ],
            [
              7.273978789918764,
              43.69189457143274
            ],
            [
              7.280350074086924,
              43.69352768353564
            ],
            [
              7.281917465114762,
              43.698247829836774
            ],
            [
              7.277112847126616,
              43.701334792062845
            ],
            [
              7.270741156337831,
              43.69970147315573
            ]
          ]
        ]
      },
      "properties": {
        "uuid": "4a349599-fbed-4880-a9c7-9ac7a894f870",
        "h3_index": "883969a081fffff",
        "city_code": "06088",
        "city_name": "Nice",
        "latitude": 43.69661476996244,
        "longitude": 7.275545720905209,
        "manual_surge": 0,
        "available": true,
        "status": "active"
      }
    },
    {
      "type": "Feature",
      "geometry": {
        "type": "Polygon",
        "coordinates": [
          [
            [
              7.268965003251926,
              43.729470210172764
            ],
            [
              7.267397890707954,
              43.72475126741796
            ],
            [
              7.272203937803123,
              43.72166582807757
            ],
            [
              7.278577415995782,
              43.72329919674882
            ],
            [
              7.280145253943421,
              43.72801821142157
            ],
            [
              7.275338888320084,
              43.73110378552372
            ],
            [
              7.268965003251926,
              43.729470210172764
            ]
          ]
        ]
      },
      "properties": {
        "uuid": "c26ad00c-4ff9-4293-b93a-1c69459cb193",
        "h3_index": "883969a2b7fffff",
        "city_code": "06088",
        "city_name": "Nice",
        "latitude": 43.726384895192226,
        "longitude": 7.273771315380253,
        "manual_surge": 0,
        "available": true,
        "status": "active"
      }
    },
    {
      "type": "Feature",
      "geometry": {
        "type": "Polygon",
        "coordinates": [
          [
            [
              7.26750297690629,
              43.70750756668301
            ],
            [
              7.2659363804383545,
              43.70278779308418
            ],
            [
              7.270741156337831,
              43.69970147315573
            ],
            [
              7.277112847126616,
              43.701334792062845
            ],
            [
              7.278680168617121,
              43.70605463766908
            ],
            [
              7.273875074321628,
              43.70914109237938
            ],
            [
              7.26750297690629,
              43.70750756668301
            ]
          ]
        ]
      },
      "properties": {
        "uuid": "ab346dfe-a36c-4fcd-befe-f9092e7149b7",
        "h3_index": "883969a089fffff",
        "city_code": "06088",
        "city_name": "Nice",
        "latitude": 43.70442137102204,
        "longitude": 7.272308017705925,
        "manual_surge": 0,
        "available": true,
        "status": "active"
      }
    },
    {
      "type": "Feature",
      "geometry": {
        "type": "Polygon",
        "coordinates": [
          [
            [
              7.21990108977501,
              43.669376724249936
            ],
            [
              7.21833842219046,
              43.66465558266878
            ],
            [
              7.223141284465816,
              43.66157007052863
            ],
            [
              7.229507133674069,
              43.66320556546423
            ],
            [
              7.231070525786603,
              43.66792677978794
            ],
            [
              7.226267344188025,
              43.671012426452045
            ],
            [
              7.21990108977501,
              43.669376724249936
            ]
          ]
        ]
      },
      "properties": {
        "uuid": "78579030-ed44-4c5f-96c0-79b7a842b1de",
        "h3_index": "883969a1d5fffff",
        "city_code": "06088",
        "city_name": "Nice",
        "latitude": 43.666291336399716,
        "longitude": 7.224704216972395,
        "manual_surge": 0,
        "available": true,
        "status": "active"
      }
    },
    {
      "type": "Feature",
      "geometry": {
        "type": "Polygon",
        "coordinates": [
          [
            [
              7.232521800822136,
              43.689895027174984
            ],
            [
              7.230957894429721,
              43.68517464104711
            ],
            [
              7.23576187084859,
              43.6820893672862
            ],
            [
              7.242130072843396,
              43.68372434509364
            ],
            [
              7.2436947040781545,
              43.688444803735806
            ],
            [
              7.2388904085009385,
              43.6915302120748
            ],
            [
              7.232521800822136,
              43.689895027174984
            ]
          ]
        ]
      },
      "properties": {
        "uuid": "5530e3da-22be-4d4a-9730-a8bfdee88a99",
        "h3_index": "883969a0e5fffff",
        "city_code": "06088",
        "city_name": "Nice",
        "latitude": 43.68680987774482,
        "longitude": 7.237326042224262,
        "manual_surge": 0,
        "available": true,
        "status": "active"
      }
    },
    {
      "type": "Feature",
      "geometry": {
        "type": "Polygon",
        "coordinates": [
          [
            [
              7.265725522447982,
              43.7372737832082
            ],
            [
              7.264158479664471,
              43.73255514165918
            ],
            [
              7.268965003251926,
              43.729470210172764
            ],
            [
              7.275338888320084,
              43.73110378552372
            ],
            [
              7.276906656656815,
              43.735822499007234
            ],
            [
              7.272099814397512,
              43.7389075652239
            ],
            [
              7.265725522447982,
              43.7372737832082
            ]
          ]
        ]
      },
      "properties": {
        "uuid": "990b6c3d-4636-411a-a44a-5fb168477cd8",
        "h3_index": "883969a2b1fffff",
        "city_code": "06088",
        "city_name": "Nice",
        "latitude": 43.73418897612969,
        "longitude": 7.270532311137037,
        "manual_surge": 0,
        "available": true,
        "status": "active"
      }
    },
    {
      "type": "Feature",
      "geometry": {
        "type": "Polygon",
        "coordinates": [
          [
            [
              7.200448458524523,
              43.7161996790089
            ],
            [
              7.198886213595303,
              43.71148034037732
            ],
            [
              7.2036919289742,
              43.708397874367456
            ],
            [
              7.210060209492732,
              43.7100346126747
            ],
            [
              7.2116231798446195,
              43.714754024148725
            ],
            [
              7.206817144280376,
              43.71783662449164
            ],
            [
              7.200448458524523,
              43.7161996790089
            ]
          ]
        ]
      },
      "properties": {
        "uuid": "cfd7d3c8-d834-49a1-8be6-4a9ace63a131",
        "h3_index": "883969a00bfffff",
        "city_code": "06088",
        "city_name": "Nice",
        "latitude": 43.71311733757804,
        "longitude": 7.205254439235399,
        "manual_surge": 0,
        "available": true,
        "status": "active"
      }
    },
    {
      "type": "Feature",
      "geometry": {
        "type": "Polygon",
        "coordinates": [
          [
            [
              7.19576230788676,
              43.70204113443826
            ],
            [
              7.194200647039299,
              43.69732126726046
            ],
            [
              7.1990055665522314,
              43.69423842760219
            ],
            [
              7.205372467133191,
              43.695875320818615
            ],
            [
              7.2069348531711075,
              43.70059526094479
            ],
            [
              7.202129613462658,
              43.70367823492473
            ],
            [
              7.19576230788676,
              43.70204113443826
            ]
          ]
        ]
      },
      "properties": {
        "uuid": "609134af-6a16-4586-9c34-e4a745c6b5aa",
        "h3_index": "883969a007fffff",
        "city_code": "06088",
        "city_name": "Nice",
        "latitude": 43.69895841931467,
        "longitude": 7.2005674926667025,
        "manual_surge": 0,
        "available": true,
        "status": "active"
      }
    },
    {
      "type": "Feature",
      "geometry": {
        "type": "Polygon",
        "coordinates": [
          [
            [
              7.26102498002211,
              43.7231173281881
            ],
            [
              7.259458523094926,
              43.718398156395686
            ],
            [
              7.264264251506855,
              43.71531285177398
            ],
            [
              7.270636755554541,
              43.71694658424458
            ],
            [
              7.272203937803123,
              43.72166582807757
            ],
            [
              7.267397890707954,
              43.72475126741796
            ],
            [
              7.26102498002211,
              43.7231173281881
            ]
          ]
        ]
      },
      "properties": {
        "uuid": "b6e06a31-fc61-4b48-afc8-bec16785975a",
        "h3_index": "883969a0cbfffff",
        "city_code": "06088",
        "city_name": "Nice",
        "latitude": 43.72003214793006,
        "longitude": 7.265830973471003,
        "manual_surge": 0,
        "available": true,
        "status": "active"
      }
    },
    {
      "type": "Feature",
      "geometry": {
        "type": "Polygon",
        "coordinates": [
          [
            [
              7.248389767658765,
              43.70260512233024
            ],
            [
              7.24682455145173,
              43.697885192419015
            ],
            [
              7.251629166032828,
              43.694799649458886
            ],
            [
              7.257999315695514,
              43.69643390176442
            ],
            [
              7.259565256909855,
              43.701153903944814
            ],
            [
              7.254760323479471,
              43.704239581569105
            ],
            [
              7.248389767658765,
              43.70260512233024
            ]
          ]
        ]
      },
      "properties": {
        "uuid": "1fe06007-1004-4e96-b52a-2d12db52b49b",
        "h3_index": "883969a0ebfffff",
        "city_code": "06088",
        "city_name": "Nice",
        "latitude": 43.69951970369332,
        "longitude": 7.253194647215868,
        "manual_surge": 0,
        "available": true,
        "status": "active"
      }
    },
    {
      "type": "Feature",
      "geometry": {
        "type": "Polygon",
        "coordinates": [
          [
            [
              7.20513636202117,
              43.73035663677394
            ],
            [
              7.203573532703353,
              43.725637827272024
            ],
            [
              7.208380044143208,
              43.72255573504341
            ],
            [
              7.214749705101044,
              43.724192317990685
            ],
            [
              7.216313260073775,
              43.728911200228985
            ],
            [
              7.2115064284588675,
              43.73199342680221
            ],
            [
              7.20513636202117,
              43.73035663677394
            ]
          ]
        ]
      },
      "properties": {
        "uuid": "39623ac8-dc94-4b08-a8e4-03cf0f55961d",
        "h3_index": "883969a051fffff",
        "city_code": "06088",
        "city_name": "Nice",
        "latitude": 43.72727466916854,
        "longitude": 7.209943138857983,
        "manual_surge": 0,
        "available": true,
        "status": "active"
      }
    },
    {
      "type": "Feature",
      "geometry": {
        "type": "Polygon",
        "coordinates": [
          [
            [
              7.294563080918505,
              43.718759188450726
            ],
            [
              7.2929944482289475,
              43.71403980095419
            ],
            [
              7.297799702256763,
              43.710952568972246
            ],
            [
              7.30417390678641,
              43.712584589562994
            ],
            [
              7.305743264595143,
              43.717304048682465
            ],
            [
              7.300937692780502,
              43.72039141560683
            ],
            [
              7.294563080918505,
              43.718759188450726
            ]
          ]
        ]
      },
      "properties": {
        "uuid": "f9986849-3178-4dc7-84f5-d436de19dc72",
        "h3_index": "883969a0d3fffff",
        "city_code": "06088",
        "city_name": "Nice",
        "latitude": 43.715672080676676,
        "longitude": 7.299368599766409,
        "manual_surge": 0,
        "available": true,
        "status": "active"
      }
    },
    {
      "type": "Feature",
      "geometry": {
        "type": "Polygon",
        "coordinates": [
          [
            [
              7.191077909187611,
              43.68788100481272
            ],
            [
              7.189516832115286,
              43.683160609672534
            ],
            [
              7.194320955957231,
              43.68007739649895
            ],
            [
              7.200686477102079,
              43.681714444173736
            ],
            [
              7.202248279132743,
              43.68643491236817
            ],
            [
              7.197443835085217,
              43.68951825985215
            ],
            [
              7.191077909187611,
              43.68788100481272
            ]
          ]
        ]
      },
      "properties": {
        "uuid": "4686af19-be5c-4004-8072-8ae2be15e8b7",
        "h3_index": "883969a023fffff",
        "city_code": "06088",
        "city_name": "Nice",
        "latitude": 43.68479791612943,
        "longitude": 7.195882298231563,
        "manual_surge": 0,
        "available": true,
        "status": "active"
      }
    },
    {
      "type": "Feature",
      "geometry": {
        "type": "Polygon",
        "coordinates": [
          [
            [
              7.296032776542728,
              43.74072119718862
            ],
            [
              7.2944636266692395,
              43.7360026415375
            ],
            [
              7.299270152021592,
              43.732916289946665
            ],
            [
              7.305646145191333,
              43.73454835910299
            ],
            [
              7.307216020565148,
              43.73926698628748
            ],
            [
              7.302409177294369,
              43.742353472800865
            ],
            [
              7.296032776542728,
              43.74072119718862
            ]
          ]
        ]
      },
      "properties": {
        "uuid": "e9116330-73fd-4b40-9882-f74a2b8926cc",
        "h3_index": "883969a761fffff",
        "city_code": "06088",
        "city_name": "Nice",
        "latitude": 43.737634969897954,
        "longitude": 7.300839566848112,
        "manual_surge": 0,
        "available": true,
        "status": "active"
      }
    },
    {
      "type": "Feature",
      "geometry": {
        "type": "Polygon",
        "coordinates": [
          [
            [
              7.2545447983270375,
              43.73872385402474
            ],
            [
              7.252978481163909,
              43.734005284549376
            ],
            [
              7.257785162334657,
              43.73092099568508
            ],
            [
              7.264158479664471,
              43.73255514165918
            ],
            [
              7.265725522447982,
              43.7372737832082
            ],
            [
              7.260918522306594,
              43.740358206728054
            ],
            [
              7.2545447983270375,
              43.73872385402474
            ]
          ]
        ]
      },
      "properties": {
        "uuid": "15b34c3b-0ac5-48e6-9742-ea82d2f912de",
        "h3_index": "883969a2bdfffff",
        "city_code": "06088",
        "city_name": "Nice",
        "latitude": 43.73563968962023,
        "longitude": 7.259351744671595,
        "manual_surge": 0,
        "available": true,
        "status": "active"
      }
    },
    {
      "type": "Feature",
      "geometry": {
        "type": "Polygon",
        "coordinates": [
          [
            [
              7.2260400229977755,
              43.705503922395984
            ],
            [
              7.224476257005578,
              43.70078413744067
            ],
            [
              7.229281184910941,
              43.69769987895847
            ],
            [
              7.235650198279292,
              43.699335270935535
            ],
            [
              7.237214689412233,
              43.7040551284384
            ],
            [
              7.2324094420612575,
              43.70713952143521
            ],
            [
              7.2260400229977755,
              43.705503922395984
            ]
          ]
        ]
      },
      "properties": {
        "uuid": "854d9ab5-ed35-40f0-9c5b-896803143739",
        "h3_index": "883969a017fffff",
        "city_code": "06088",
        "city_name": "Nice",
        "latitude": 43.70241978834086,
        "longitude": 7.230845216023096,
        "manual_surge": 0,
        "available": true,
        "status": "active"
      }
    },
    {
      "type": "Feature",
      "geometry": {
        "type": "Polygon",
        "coordinates": [
          [
            [
              7.224590260789578,
              43.683539093732044
            ],
            [
              7.223027009040507,
              43.67881847984651
            ],
            [
              7.227830666146743,
              43.6757333406207
            ],
            [
              7.234197894339803,
              43.677368680763884
            ],
            [
              7.23576187084859,
              43.6820893672862
            ],
            [
              7.230957894429721,
              43.68517464104711
            ],
            [
              7.224590260789578,
              43.683539093732044
            ]
          ]
        ]
      },
      "properties": {
        "uuid": "fce3d6c3-8a30-44a3-858e-dde59e4a7bb0",
        "h3_index": "883969a1d9fffff",
        "city_code": "06088",
        "city_name": "Nice",
        "latitude": 43.680454078840704,
        "longitude": 7.229394182882604,
        "manual_surge": 0,
        "available": true,
        "status": "active"
      }
    },
    {
      "type": "Feature",
      "geometry": {
        "type": "Polygon",
        "coordinates": [
          [
            [
              7.19720444170485,
              43.72400067462897
            ],
            [
              7.195642267413902,
              43.71928163693619
            ],
            [
              7.200448458524523,
              43.7161996790089
            ],
            [
              7.206817144280376,
              43.71783662449164
            ],
            [
              7.208380044143208,
              43.72255573504341
            ],
            [
              7.203573532703353,
              43.725637827272024
            ],
            [
              7.19720444170485,
              43.72400067462897
            ]
          ]
        ]
      },
      "properties": {
        "uuid": "a5c9278f-07cc-4c9a-a923-c11de7936d1e",
        "h3_index": "883969a055fffff",
        "city_code": "06088",
        "city_name": "Nice",
        "latitude": 43.72091884132873,
        "longitude": 7.202010898215845,
        "manual_surge": 0,
        "available": true,
        "status": "active"
      }
    },
    {
      "type": "Feature",
      "geometry": {
        "type": "Polygon",
        "coordinates": [
          [
            [
              7.181345492204363,
              43.71128697926328
            ],
            [
              7.179784627437901,
              43.70656748588964
            ],
            [
              7.184590177428324,
              43.70348579643525
            ],
            [
              7.190956912847182,
              43.70512346615825
            ],
            [
              7.192518503019146,
              43.70984303263601
            ],
            [
              7.1877126323917135,
              43.71292485630522
            ],
            [
              7.181345492204363,
              43.71128697926328
            ]
          ]
        ]
      },
      "properties": {
        "uuid": "daf85432-11f4-4b5e-bc27-f377ed7a6146",
        "h3_index": "883969a00dfffff",
        "city_code": "06088",
        "city_name": "Nice",
        "latitude": 43.70820541444361,
        "longitude": 7.186151307601791,
        "manual_surge": 0,
        "available": true,
        "status": "active"
      }
    },
    {
      "type": "Feature",
      "geometry": {
        "type": "Polygon",
        "coordinates": [
          [
            [
              7.182783810031447,
              43.733243872998116
            ],
            [
              7.181222432221885,
              43.72852520938633
            ],
            [
              7.1860292542087265,
              43.72544440215593
            ],
            [
              7.1923977748012184,
              43.72708212436128
            ],
            [
              7.193959878397905,
              43.73180086098767
            ],
            [
              7.189152735639993,
              43.73488180241268
            ],
            [
              7.182783810031447,
              43.733243872998116
            ]
          ]
        ]
      },
      "properties": {
        "uuid": "edb33fba-136e-4134-8b05-bcd86e65bcab",
        "h3_index": "883969a04bfffff",
        "city_code": "06088",
        "city_name": "Nice",
        "latitude": 43.73016319049465,
        "longitude": 7.187590897558788,
        "manual_surge": 0,
        "available": true,
        "status": "active"
      }
    },
    {
      "type": "Feature",
      "geometry": {
        "type": "Polygon",
        "coordinates": [
          [
            [
              7.2116231798446195,
              43.714754024148725
            ],
            [
              7.210060209492732,
              43.7100346126747
            ],
            [
              7.214865769242738,
              43.70695150432995
            ],
            [
              7.221234619257101,
              43.708587673069786
            ],
            [
              7.222798314965394,
              43.713307157247094
            ],
            [
              7.217992435328011,
              43.71639039999986
            ],
            [
              7.2116231798446195,
              43.714754024148725
            ]
          ]
        ]
      },
      "properties": {
        "uuid": "43b3c660-b6bd-4217-8ec4-409c6b4edff0",
        "h3_index": "883969a01dfffff",
        "city_code": "06088",
        "city_name": "Nice",
        "latitude": 43.711671040331076,
        "longitude": 7.216429004854796,
        "manual_surge": 0,
        "available": true,
        "status": "active"
      }
    },
    {
      "type": "Feature",
      "geometry": {
        "type": "Polygon",
        "coordinates": [
          [
            [
              7.2736675130675,
              43.743625977390586
            ],
            [
              7.272099814397512,
              43.7389075652239
            ],
            [
              7.276906656656815,
              43.735822499007234
            ],
            [
              7.283281516128154,
              43.73745571020247
            ],
            [
              7.284849940433637,
              43.74217419418098
            ],
            [
              7.280042779657686,
              43.745259395171054
            ],
            [
              7.2736675130675,
              43.743625977390586
            ]
          ]
        ]
      },
      "properties": {
        "uuid": "7455b5bb-9f78-48f6-b475-e51e92041bc1",
        "h3_index": "883969a2bbfffff",
        "city_code": "06088",
        "city_name": "Nice",
        "latitude": 43.740541035577934,
        "longitude": 7.278474620424614,
        "manual_surge": 0,
        "available": true,
        "status": "active"
      }
    },
    {
      "type": "Feature",
      "geometry": {
        "type": "Polygon",
        "coordinates": [
          [
            [
              7.296330049947811,
              43.6889846438709
            ],
            [
              7.294761864781906,
              43.684264125167914
            ],
            [
              7.299565371884968,
              43.68117550612091
            ],
            [
              7.3059373816913125,
              43.682807270801284
            ],
            [
              7.307506291446126,
              43.687527861199854
            ],
            [
              7.30270246683113,
              43.690616615241055
            ],
            [
              7.296330049947811,
              43.6889846438709
            ]
          ]
        ]
      },
      "properties": {
        "uuid": "2edf4d1b-588e-4102-8ca3-2b36255260d2",
        "h3_index": "883969a0bbfffff",
        "city_code": "06088",
        "city_name": "Nice",
        "latitude": 43.68589614889105,
        "longitude": 7.301133821669788,
        "manual_surge": 0,
        "available": true,
        "status": "active"
      }
    },
    {
      "type": "Feature",
      "geometry": {
        "type": "Polygon",
        "coordinates": [
          [
            [
              7.209826019297582,
              43.744512005983644
            ],
            [
              7.208262605284158,
              43.73979372619451
            ],
            [
              7.213069912979937,
              43.73671200787967
            ],
            [
              7.219440954878994,
              43.73834843501626
            ],
            [
              7.221005094779725,
              43.74306678743566
            ],
            [
              7.216197466919212,
              43.74614864010677
            ],
            [
              7.209826019297582,
              43.744512005983644
            ]
          ]
        ]
      },
      "properties": {
        "uuid": "31184832-474b-4aac-81a0-6b81148d90b9",
        "h3_index": "883969a2e5fffff",
        "city_code": "06088",
        "city_name": "Nice",
        "latitude": 43.74143041233611,
        "longitude": 7.214633592455342,
        "manual_surge": 0,
        "available": true,
        "status": "active"
      }
    },
    {
      "type": "Feature",
      "geometry": {
        "type": "Polygon",
        "coordinates": [
          [
            [
              7.21341906327547,
              43.684987608717044
            ],
            [
              7.211856536352506,
              43.680267067607474
            ],
            [
              7.2166603494172845,
              43.677182570393036
            ],
            [
              7.223027009040507,
              43.67881847984651
            ],
            [
              7.224590260789578,
              43.683539093732044
            ],
            [
              7.219786128114399,
              43.686623725406704
            ],
            [
              7.21341906327547,
              43.684987608717044
            ]
          ]
        ]
      },
      "properties": {
        "uuid": "dfa90cc4-4352-424b-84d4-de08d45b8a3c",
        "h3_index": "883969a037fffff",
        "city_code": "06088",
        "city_name": "Nice",
        "latitude": 43.681903235889045,
        "longitude": 7.21822314139886,
        "manual_surge": 0,
        "available": true,
        "status": "active"
      }
    },
    {
      "type": "Feature",
      "geometry": {
        "type": "Polygon",
        "coordinates": [
          [
            [
              7.187834316383691,
              43.69568380487164
            ],
            [
              7.186273310024033,
              43.6909637101925
            ],
            [
              7.191077909187611,
              43.68788100481272
            ],
            [
              7.197443835085217,
              43.68951825985215
            ],
            [
              7.1990055665522314,
              43.69423842760219
            ],
            [
              7.194200647039299,
              43.69732126726046
            ],
            [
              7.187834316383691,
              43.69568380487164
            ]
          ]
        ]
      },
      "properties": {
        "uuid": "77cefd24-05ac-43a1-a30f-a470a3ad945c",
        "h3_index": "883969a02bfffff",
        "city_code": "06088",
        "city_name": "Nice",
        "latitude": 43.692601224030334,
        "longitude": 7.192639180817594,
        "manual_surge": 0,
        "available": true,
        "status": "active"
      }
    },
    {
      "type": "Feature",
      "geometry": {
        "type": "Polygon",
        "coordinates": [
          [
            [
              7.235426713137584,
              43.73381892749938
            ],
            [
              7.233861777207159,
              43.729100201333516
            ],
            [
              7.2386682961563205,
              43.72601668963517
            ],
            [
              7.245040070485182,
              43.72765176958368
            ],
            [
              7.246605732020355,
              43.73237056808502
            ],
            [
              7.24179889364714,
              43.73545421432099
            ],
            [
              7.235426713137584,
              43.73381892749938
            ]
          ]
        ]
      },
      "properties": {
        "uuid": "3973c09d-2eb2-4d76-821c-74cb1055618b",
        "h3_index": "883969a2a1fffff",
        "city_code": "06088",
        "city_name": "Nice",
        "latitude": 43.73073554031661,
        "longitude": 7.240233497336332,
        "manual_surge": 0,
        "available": true,
        "status": "active"
      }
    },
    {
      "type": "Feature",
      "geometry": {
        "type": "Polygon",
        "coordinates": [
          [
            [
              7.272203937803123,
              43.72166582807757
            ],
            [
              7.270636755554541,
              43.71694658424458
            ],
            [
              7.275442326219046,
              43.71386063716287
            ],
            [
              7.281815397542081,
              43.715493799139445
            ],
            [
              7.283383305044834,
              43.7202131148738
            ],
            [
              7.278577415995782,
              43.72329919674882
            ],
            [
              7.272203937803123,
              43.72166582807757
            ]
          ]
        ]
      },
      "properties": {
        "uuid": "34e9e1ff-e6c0-4e8d-a7bb-2e1f673cf762",
        "h3_index": "883969a0ddfffff",
        "city_code": "06088",
        "city_name": "Nice",
        "latitude": 43.718580005307636,
        "longitude": 7.277009773432368,
        "manual_surge": 0,
        "available": true,
        "status": "active"
      }
    },
    {
      "type": "Feature",
      "geometry": {
        "type": "Polygon",
        "coordinates": [
          [
            [
              7.2036919289742,
              43.708397874367456
            ],
            [
              7.202129613462658,
              43.70367823492473
            ],
            [
              7.2069348531711075,
              43.70059526094479
            ],
            [
              7.213302728457702,
              43.702231792061326
            ],
            [
              7.214865769242738,
              43.70695150432995
            ],
            [
              7.210060209492732,
              43.7100346126747
            ],
            [
              7.2036919289742,
              43.708397874367456
            ]
          ]
        ]
      },
      "properties": {
        "uuid": "68646bec-8cbb-485e-ab72-90baa8b0b61b",
        "h3_index": "883969a003fffff",
        "city_code": "06088",
        "city_name": "Nice",
        "latitude": 43.70531502491844,
        "longitude": 7.2084974339462535,
        "manual_surge": 0,
        "available": true,
        "status": "active"
      }
    },
    {
      "type": "Feature",
      "geometry": {
        "type": "Polygon",
        "coordinates": [
          [
            [
              7.189274151832206,
              43.717644121955246
            ],
            [
              7.1877126323917135,
              43.71292485630522
            ],
            [
              7.192518503019146,
              43.70984303263601
            ],
            [
              7.198886213595303,
              43.71148034037732
            ],
            [
              7.200448458524523,
              43.7161996790089
            ],
            [
              7.195642267413902,
              43.71928163693619
            ],
            [
              7.189274151832206,
              43.717644121955246
            ]
          ]
        ]
      },
      "properties": {
        "uuid": "15876e36-a751-420f-8fac-d9e40274b16f",
        "h3_index": "883969a009fffff",
        "city_code": "06088",
        "city_name": "Nice",
        "latitude": 43.714562422916934,
        "longitude": 7.194080287863355,
        "manual_surge": 0,
        "available": true,
        "status": "active"
      }
    },
    {
      "type": "Feature",
      "geometry": {
        "type": "Polygon",
        "coordinates": [
          [
            [
              7.184590177428324,
              43.70348579643525
            ],
            [
              7.183029241837283,
              43.698766002344996
            ],
            [
              7.187834316383691,
              43.69568380487164
            ],
            [
              7.194200647039299,
              43.69732126726046
            ],
            [
              7.19576230788676,
              43.70204113443826
            ],
            [
              7.190956912847182,
              43.70512346615825
            ],
            [
              7.184590177428324,
              43.70348579643525
            ]
          ]
        ]
      },
      "properties": {
        "uuid": "5033e64d-998c-4d2b-9e35-b1556b1cbecc",
        "h3_index": "883969a005fffff",
        "city_code": "06088",
        "city_name": "Nice",
        "latitude": 43.70040372354852,
        "longitude": 7.189395517313403,
        "manual_surge": 0,
        "available": true,
        "status": "active"
      }
    },
    {
      "type": "Feature",
      "geometry": {
        "type": "Polygon",
        "coordinates": [
          [
            [
              7.283383305044834,
              43.7202131148738
            ],
            [
              7.281815397542081,
              43.715493799139445
            ],
            [
              7.286620810078539,
              43.71240720960428
            ],
            [
              7.2929944482289475,
              43.71403980095419
            ],
            [
              7.294563080918505,
              43.718759188450726
            ],
            [
              7.289757350296266,
              43.721845912853766
            ],
            [
              7.283383305044834,
              43.7202131148738
            ]
          ]
        ]
      },
      "properties": {
        "uuid": "9c7a6901-8c33-4da2-9dc3-d5b3ef867cb6",
        "h3_index": "883969a0d1fffff",
        "city_code": "06088",
        "city_name": "Nice",
        "latitude": 43.717126649598484,
        "longitude": 7.288188982473764,
        "manual_surge": 0,
        "available": true,
        "status": "active"
      }
    },
    {
      "type": "Feature",
      "geometry": {
        "type": "Polygon",
        "coordinates": [
          [
            [
              7.201892133361231,
              43.73815672910041
            ],
            [
              7.200329374644416,
              43.73343822077588
            ],
            [
              7.20513636202117,
              43.73035663677394
            ],
            [
              7.2115064284588675,
              43.73199342680221
            ],
            [
              7.213069912979937,
              43.73671200787967
            ],
            [
              7.208262605284158,
              43.73979372619451
            ],
            [
              7.201892133361231,
              43.73815672910041
            ]
          ]
        ]
      },
      "properties": {
        "uuid": "dce7de03-87e0-4c42-8b83-7886518348b0",
        "h3_index": "883969a059fffff",
        "city_code": "06088",
        "city_name": "Nice",
        "latitude": 43.7350752697697,
        "longitude": 7.206699386203395,
        "manual_surge": 0,
        "available": true,
        "status": "active"
      }
    },
    {
      "type": "Feature",
      "geometry": {
        "type": "Polygon",
        "coordinates": [
          [
            [
              7.275442326219046,
              43.71386063716287
            ],
            [
              7.273875074321628,
              43.70914109237938
            ],
            [
              7.278680168617121,
              43.70605463766908
            ],
            [
              7.285052833076413,
              43.707687592936
            ],
            [
              7.286620810078539,
              43.71240720960428
            ],
            [
              7.281815397542081,
              43.715493799139445
            ],
            [
              7.275442326219046,
              43.71386063716287
            ]
          ]
        ]
      },
      "properties": {
        "uuid": "d199c853-e796-4615-9f4f-081bdd03e330",
        "h3_index": "883969a0d5fffff",
        "city_code": "06088",
        "city_name": "Nice",
        "latitude": 43.71077430671624,
        "longitude": 7.280247685410885,
        "manual_surge": 0,
        "available": true,
        "status": "active"
      }
    },
    {
      "type": "Feature",
      "geometry": {
        "type": "Polygon",
        "coordinates": [
          [
            [
              7.204046821230885,
              43.65666172443522
            ],
            [
              7.202485461866905,
              43.65194012873064
            ],
            [
              7.207287685033882,
              43.64885488550959
            ],
            [
              7.213651587220979,
              43.65049110357359
            ],
            [
              7.2152136709474775,
              43.65521277226563
            ],
            [
              7.210411128149408,
              43.658298149924754
            ],
            [
              7.204046821230885,
              43.65666172443522
            ]
          ]
        ]
      },
      "properties": {
        "uuid": "95708f39-e41f-47c0-9ee0-34fce9e122c9",
        "h3_index": "883969a18dfffff",
        "city_code": "06088",
        "city_name": "Nice",
        "latitude": 43.65357660551143,
        "longitude": 7.208849309326799,
        "manual_surge": 0,
        "available": true,
        "status": "active"
      }
    },
    {
      "type": "Feature",
      "geometry": {
        "type": "Polygon",
        "coordinates": [
          [
            [
              7.2386682961563205,
              43.72601668963517
            ],
            [
              7.237103290072938,
              43.721297662341506
            ],
            [
              7.241909332837839,
              43.71821364265879
            ],
            [
              7.248280700991672,
              43.719848515719136
            ],
            [
              7.249846432530393,
              43.724567615331765
            ],
            [
              7.245040070485182,
              43.72765176958368
            ],
            [
              7.2386682961563205,
              43.72601668963517
            ]
          ]
        ]
      },
      "properties": {
        "uuid": "db313a64-5a2f-4c5a-8e19-457c285b698f",
        "h3_index": "883969a2a7fffff",
        "city_code": "06088",
        "city_name": "Nice",
        "latitude": 43.72293279441999,
        "longitude": 7.2434746041023885,
        "manual_surge": 0,
        "available": true,
        "status": "active"
      }
    },
    {
      "type": "Feature",
      "geometry": {
        "type": "Polygon",
        "coordinates": [
          [
            [
              7.300741399889593,
              43.754875801504234
            ],
            [
              7.299171663118672,
              43.75015777723678
            ],
            [
              7.3039789833946225,
              43.74707179859058
            ],
            [
              7.310356358373431,
              43.748703709296194
            ],
            [
              7.311926820876337,
              43.75342180499085
            ],
            [
              7.307119182693988,
              43.756507918571316
            ],
            [
              7.300741399889593,
              43.754875801504234
            ]
          ]
        ]
      },
      "properties": {
        "uuid": "c3db775e-b8eb-435d-a304-1975ebe72194",
        "h3_index": "883969a745fffff",
        "city_code": "06088",
        "city_name": "Nice",
        "latitude": 43.751789947202305,
        "longitude": 7.305548985183092,
        "manual_surge": 0,
        "available": true,
        "status": "active"
      }
    },
    {
      "type": "Feature",
      "geometry": {
        "type": "Polygon",
        "coordinates": [
          [
            [
              7.193959878397905,
              43.73180086098767
            ],
            [
              7.1923977748012184,
              43.72708212436128
            ],
            [
              7.19720444170485,
              43.72400067462897
            ],
            [
              7.203573532703353,
              43.725637827272024
            ],
            [
              7.20513636202117,
              43.73035663677394
            ],
            [
              7.200329374644416,
              43.73343822077588
            ],
            [
              7.193959878397905,
              43.73180086098767
            ]
          ]
        ]
      },
      "properties": {
        "uuid": "0b57ec36-6561-459b-90f1-95027e521643",
        "h3_index": "883969a05dfffff",
        "city_code": "06088",
        "city_name": "Nice",
        "latitude": 43.72871953593045,
        "longitude": 7.198766810770311,
        "manual_surge": 0,
        "available": true,
        "status": "active"
      }
    },
    {
      "type": "Feature",
      "geometry": {
        "type": "Polygon",
        "coordinates": [
          [
            [
              7.192518503019146,
              43.70984303263601
            ],
            [
              7.190956912847182,
              43.70512346615825
            ],
            [
              7.19576230788676,
              43.70204113443826
            ],
            [
              7.202129613462658,
              43.70367823492473
            ],
            [
              7.2036919289742,
              43.708397874367456
            ],
            [
              7.198886213595303,
              43.71148034037732
            ],
            [
              7.192518503019146,
              43.70984303263601
            ]
          ]
        ]
      },
      "properties": {
        "uuid": "b4f05012-f39b-462f-8a56-2810614c5528",
        "h3_index": "883969a001fffff",
        "city_code": "06088",
        "city_name": "Nice",
        "latitude": 43.706760825498826,
        "longitude": 7.197324163394068,
        "manual_surge": 0,
        "available": true,
        "status": "active"
      }
    },
    {
      "type": "Feature",
      "geometry": {
        "type": "Polygon",
        "coordinates": [
          [
            [
              7.246605732020355,
              43.73237056808502
            ],
            [
              7.245040070485182,
              43.72765176958368
            ],
            [
              7.249846432530393,
              43.724567615331765
            ],
            [
              7.256218775261572,
              43.72620212498741
            ],
            [
              7.257785162334657,
              43.73092099568508
            ],
            [
              7.252978481163909,
              43.734005284549376
            ],
            [
              7.246605732020355,
              43.73237056808502
            ]
          ]
        ]
      },
      "properties": {
        "uuid": "7c3512e2-c8c5-4dd8-9d03-701443e64f8f",
        "h3_index": "883969a2a3fffff",
        "city_code": "06088",
        "city_name": "Nice",
        "latitude": 43.729286538296776,
        "longitude": 7.2514123592430835,
        "manual_surge": 0,
        "available": true,
        "status": "active"
      }
    },
    {
      "type": "Feature",
      "geometry": {
        "type": "Polygon",
        "coordinates": [
          [
            [
              7.292794854779061,
              43.748525295183484
            ],
            [
              7.291225774328852,
              43.74380704094366
            ],
            [
              7.296032776542728,
              43.74072119718862
            ],
            [
              7.302409177294369,
              43.742353472800865
            ],
            [
              7.3039789833946225,
              43.74707179859058
            ],
            [
              7.299171663118672,
              43.75015777723678
            ],
            [
              7.292794854779061,
              43.748525295183484
            ]
          ]
        ]
      },
      "properties": {
        "uuid": "444b87be-d04a-4ecd-ac5e-ec7fd36cd109",
        "h3_index": "883969a769fffff",
        "city_code": "06088",
        "city_name": "Nice",
        "latitude": 43.74543957577663,
        "longitude": 7.2976021220144585,
        "manual_surge": 0,
        "available": true,
        "status": "active"
      }
    },
    {
      "type": "Feature",
      "geometry": {
        "type": "Polygon",
        "coordinates": [
          [
            [
              7.249846432530393,
              43.724567615331765
            ],
            [
              7.248280700991672,
              43.719848515719136
            ],
            [
              7.253086586770389,
              43.71676385356378
            ],
            [
              7.259458523094926,
              43.718398156395686
            ],
            [
              7.26102498002211,
              43.7231173281881
            ],
            [
              7.256218775261572,
              43.72620212498741
            ],
            [
              7.249846432530393,
              43.724567615331765
            ]
          ]
        ]
      },
      "properties": {
        "uuid": "a1f08769-e784-4af8-b5ca-e69d755c4f98",
        "h3_index": "883969a0c9fffff",
        "city_code": "06088",
        "city_name": "Nice",
        "latitude": 43.72148307759204,
        "longitude": 7.254652583418196,
        "manual_surge": 0,
        "available": true,
        "status": "active"
      }
    },
    {
      "type": "Feature",
      "geometry": {
        "type": "Polygon",
        "coordinates": [
          [
            [
              7.205490445745418,
              43.67863058897675
            ],
            [
              7.203928573207012,
              43.67390982046582
            ],
            [
              7.208732066507379,
              43.670825457668606
            ],
            [
              7.215097752135604,
              43.67246172898366
            ],
            [
              7.2166603494172845,
              43.677182570393036
            ],
            [
              7.211856536352506,
              43.680267067607474
            ],
            [
              7.205490445745418,
              43.67863058897675
            ]
          ]
        ]
      },
      "properties": {
        "uuid": "ed61eb1c-ade3-461a-933d-a00800344cb8",
        "h3_index": "883969a1cbfffff",
        "city_code": "06088",
        "city_name": "Nice",
        "latitude": 43.67554635056967,
        "longitude": 7.210294204107823,
        "manual_surge": 0,
        "available": true,
        "status": "active"
      }
    },
    {
      "type": "Feature",
      "geometry": {
        "type": "Polygon",
        "coordinates": [
          [
            [
              7.253086586770389,
              43.71676385356378
            ],
            [
              7.25152078528397,
              43.7120444529675
            ],
            [
              7.25632619485776,
              43.70895928302133
            ],
            [
              7.262697724781397,
              43.710593379014476
            ],
            [
              7.264264251506855,
              43.71531285177398
            ],
            [
              7.259458523094926,
              43.718398156395686
            ],
            [
              7.253086586770389,
              43.71676385356378
            ]
          ]
        ]
      },
      "properties": {
        "uuid": "a2e921eb-f4d3-4159-a54e-46da3ee5ce3a",
        "h3_index": "883969a0c1fffff",
        "city_code": "06088",
        "city_name": "Nice",
        "latitude": 43.71367880798516,
        "longitude": 7.257892261384861,
        "manual_surge": 0,
        "available": true,
        "status": "active"
      }
    },
    {
      "type": "Feature",
      "geometry": {
        "type": "Polygon",
        "coordinates": [
          [
            [
              7.228941907618914,
              43.74942097493141
            ],
            [
              7.227377112162165,
              43.74470285140366
            ],
            [
              7.23218458366425,
              43.74162035601142
            ],
            [
              7.238557170360113,
              43.74325584969102
            ],
            [
              7.2401226917205115,
              43.74797404558724
            ],
            [
              7.23531490050664,
              43.75105667545395
            ],
            [
              7.228941907618914,
              43.74942097493141
            ]
          ]
        ]
      },
      "properties": {
        "uuid": "f1fc2690-4bf3-4a54-b69e-92d1d1a76c0d",
        "h3_index": "883969a2e3fffff",
        "city_code": "06088",
        "city_name": "Nice",
        "latitude": 43.74633860415068,
        "longitude": 7.2337496445075224,
        "manual_surge": 0,
        "available": true,
        "status": "active"
      }
    },
    {
      "type": "Feature",
      "geometry": {
        "type": "Polygon",
        "coordinates": [
          [
            [
              7.221349309597975,
              43.69134403888115
            ],
            [
              7.219786128114399,
              43.686623725406704
            ],
            [
              7.224590260789578,
              43.683539093732044
            ],
            [
              7.230957894429721,
              43.68517464104711
            ],
            [
              7.232521800822136,
              43.689895027174984
            ],
            [
              7.227717348690709,
              43.69297979335294
            ],
            [
              7.221349309597975,
              43.69134403888115
            ]
          ]
        ]
      },
      "properties": {
        "uuid": "60f0e5a4-0d71-41b4-93db-69c1273d62c0",
        "h3_index": "883969a033fffff",
        "city_code": "06088",
        "city_name": "Nice",
        "latitude": 43.688259531589175,
        "longitude": 7.226153707328276,
        "manual_surge": 0,
        "available": true,
        "status": "active"
      }
    },
    {
      "type": "Feature",
      "geometry": {
        "type": "Polygon",
        "coordinates": [
          [
            [
              7.286620810078539,
              43.71240720960428
            ],
            [
              7.285052833076413,
              43.707687592936
            ],
            [
              7.2898577691619915,
              43.70460049585349
            ],
            [
              7.2962310002173645,
              43.7062328805584
            ],
            [
              7.297799702256763,
              43.710952568972246
            ],
            [
              7.2929944482289475,
              43.71403980095419
            ],
            [
              7.286620810078539,
              43.71240720960428
            ]
          ]
        ]
      },
      "properties": {
        "uuid": "840379a1-423f-4e1c-a4dc-1fe47fe67fe8",
        "h3_index": "883969a0d7fffff",
        "city_code": "06088",
        "city_name": "Nice",
        "latitude": 43.70932023673349,
        "longitude": 7.291426010988184,
        "manual_surge": 0,
        "available": true,
        "status": "active"
      }
    },
    {
      "type": "Feature",
      "geometry": {
        "type": "Polygon",
        "coordinates": [
          [
            [
              7.259565256909855,
              43.701153903944814
            ],
            [
              7.257999315695514,
              43.69643390176442
            ],
            [
              7.262803773044043,
              43.69334771657479
            ],
            [
              7.269174490183156,
              43.694981398845336
            ],
            [
              7.270741156337831,
              43.69970147315573
            ],
            [
              7.2659363804383545,
              43.70278779308418
            ],
            [
              7.259565256909855,
              43.701153903944814
            ]
          ]
        ]
      },
      "properties": {
        "uuid": "4d3401c0-9936-460f-b1b4-14ec2bbc723c",
        "h3_index": "883969a08dfffff",
        "city_code": "06088",
        "city_name": "Nice",
        "latitude": 43.69806784302648,
        "longitude": 7.264369979162303,
        "manual_surge": 0,
        "available": true,
        "status": "active"
      }
    },
    {
      "type": "Feature",
      "geometry": {
        "type": "Polygon",
        "coordinates": [
          [
            [
              7.22749057172812,
              43.72746455122522
            ],
            [
              7.225926291166763,
              43.72274559638965
            ],
            [
              7.230732490537252,
              43.719662219185686
            ],
            [
              7.237103290072938,
              43.721297662341506
            ],
            [
              7.2386682961563205,
              43.72601668963517
            ],
            [
              7.233861777207159,
              43.729100201333516
            ],
            [
              7.22749057172812,
              43.72746455122522
            ]
          ]
        ]
      },
      "properties": {
        "uuid": "df55278b-3ec2-4a5a-a13e-94fe6b3530df",
        "h3_index": "883969a2a5fffff",
        "city_code": "06088",
        "city_name": "Nice",
        "latitude": 43.724381298540685,
        "longitude": 7.232297036351785,
        "manual_surge": 0,
        "available": true,
        "status": "active"
      }
    },
    {
      "type": "Feature",
      "geometry": {
        "type": "Polygon",
        "coordinates": [
          [
            [
              7.211973141535713,
              43.663019518684564
            ],
            [
              7.210411128149408,
              43.658298149924754
            ],
            [
              7.2152136709474775,
              43.65521277226563
            ],
            [
              7.221578546634199,
              43.656848628903816
            ],
            [
              7.223141284465816,
              43.66157007052863
            ],
            [
              7.21833842219046,
              43.66465558266878
            ],
            [
              7.211973141535713,
              43.663019518684564
            ]
          ]
        ]
      },
      "properties": {
        "uuid": "fc114575-e74c-4ad7-8a3b-64ff70ffc73c",
        "h3_index": "883969a189fffff",
        "city_code": "06088",
        "city_name": "Nice",
        "latitude": 43.65993426531902,
        "longitude": 7.216775949259303,
        "manual_surge": 0,
        "available": true,
        "status": "active"
      }
    },
    {
      "type": "Feature",
      "geometry": {
        "type": "Polygon",
        "coordinates": [
          [
            [
              7.293094182412618,
              43.69679297386209
            ],
            [
              7.291526066578938,
              43.69207275570942
            ],
            [
              7.296330049947811,
              43.6889846438709
            ],
            [
              7.30270246683113,
              43.690616615241055
            ],
            [
              7.304271307403154,
              43.69533690510599
            ],
            [
              7.299467006378951,
              43.69842515190708
            ],
            [
              7.293094182412618,
              43.69679297386209
            ]
          ]
        ]
      },
      "properties": {
        "uuid": "4b472a71-3691-451a-bcac-9a37fcd91654",
        "h3_index": "883969a095fffff",
        "city_code": "06088",
        "city_name": "Nice",
        "latitude": 43.69370498613893,
        "longitude": 7.297898430468764,
        "manual_surge": 0,
        "available": true,
        "status": "active"
      }
    },
    {
      "type": "Feature",
      "geometry": {
        "type": "Polygon",
        "coordinates": [
          [
            [
              7.25632619485776,
              43.70895928302133
            ],
            [
              7.254760323479471,
              43.704239581569105
            ],
            [
              7.259565256909855,
              43.701153903944814
            ],
            [
              7.2659363804383545,
              43.70278779308418
            ],
            [
              7.26750297690629,
              43.70750756668301
            ],
            [
              7.262697724781397,
              43.710593379014476
            ],
            [
              7.25632619485776,
              43.70895928302133
            ]
          ]
        ]
      },
      "properties": {
        "uuid": "13a0ed84-71f2-46ef-b3b8-9db01f6460b9",
        "h3_index": "883969a0c7fffff",
        "city_code": "06088",
        "city_name": "Nice",
        "latitude": 43.70587372971647,
        "longitude": 7.261131393260437,
        "manual_surge": 0,
        "available": true,
        "status": "active"
      }
    },
    {
      "type": "Feature",
      "geometry": {
        "type": "Polygon",
        "coordinates": [
          [
            [
              7.196122128662476,
              43.65030334201262
            ],
            [
              7.1945614231448864,
              43.64558151959707
            ],
            [
              7.199363326527058,
              43.6424964107712
            ],
            [
              7.205726255236614,
              43.64413298998422
            ],
            [
              7.207287685033882,
              43.64885488550959
            ],
            [
              7.202485461866905,
              43.65194012873064
            ],
            [
              7.196122128662476,
              43.65030334201262
            ]
          ]
        ]
      },
      "properties": {
        "uuid": "c06ccadb-6b36-4852-8b87-b1a7416c111c",
        "h3_index": "883969a1e3fffff",
        "city_code": "06088",
        "city_name": "Nice",
        "latitude": 43.647218357487624,
        "longitude": 7.200924296976968,
        "manual_surge": 0,
        "available": true,
        "status": "active"
      }
    },
    {
      "type": "Feature",
      "geometry": {
        "type": "Polygon",
        "coordinates": [
          [
            [
              7.179537819183117,
              43.741042534242155
            ],
            [
              7.177976512273064,
              43.73632417184072
            ],
            [
              7.182783810031447,
              43.733243872998116
            ],
            [
              7.189152735639993,
              43.73488180241268
            ],
            [
              7.190714768486433,
              43.739600237845224
            ],
            [
              7.185907149812942,
              43.74268067085069
            ],
            [
              7.179537819183117,
              43.741042534242155
            ]
          ]
        ]
      },
      "properties": {
        "uuid": "5a0a0a02-90f9-4369-ae3e-cb2f9cfe30fb",
        "h3_index": "883969a235fffff",
        "city_code": "06088",
        "city_name": "Nice",
        "latitude": 43.7379623601745,
        "longitude": 7.184345382550429,
        "manual_surge": 0,
        "available": true,
        "status": "active"
      }
    },
    {
      "type": "Feature",
      "geometry": {
        "type": "Polygon",
        "coordinates": [
          [
            [
              7.291325913580226,
              43.72656499930526
            ],
            [
              7.289757350296266,
              43.721845912853766
            ],
            [
              7.294563080918505,
              43.718759188450726
            ],
            [
              7.300937692780502,
              43.72039141560683
            ],
            [
              7.3025069813332095,
              43.725110573697826
            ],
            [
              7.297700932780612,
              43.728197433011815
            ],
            [
              7.291325913580226,
              43.72656499930526
            ]
          ]
        ]
      },
      "properties": {
        "uuid": "146608c2-19b9-4334-bfc2-710b1a2dc429",
        "h3_index": "883969a0dbfffff",
        "city_code": "06088",
        "city_name": "Nice",
        "latitude": 43.72347839915821,
        "longitude": 7.29613190909099,
        "manual_surge": 0,
        "available": true,
        "status": "active"
      }
    },
    {
      "type": "Feature",
      "geometry": {
        "type": "Polygon",
        "coordinates": [
          [
            [
              7.1990055665522314,
              43.69423842760219
            ],
            [
              7.197443835085217,
              43.68951825985215
            ],
            [
              7.202248279132743,
              43.68643491236817
            ],
            [
              7.208614774724093,
              43.688071598299345
            ],
            [
              7.21017723123248,
              43.69279183898117
            ],
            [
              7.205372467133191,
              43.695875320818615
            ],
            [
              7.1990055665522314,
              43.69423842760219
            ]
          ]
        ]
      },
      "properties": {
        "uuid": "10cff3b2-08d4-459c-afad-241a97d93e27",
        "h3_index": "883969a03dfffff",
        "city_code": "06088",
        "city_name": "Nice",
        "latitude": 43.69115520460478,
        "longitude": 7.203810275798427,
        "manual_surge": 0,
        "available": true,
        "status": "active"
      }
    },
    {
      "type": "Feature",
      "geometry": {
        "type": "Polygon",
        "coordinates": [
          [
            [
              7.281917465114762,
              43.698247829836774
            ],
            [
              7.280350074086924,
              43.69352768353564
            ],
            [
              7.28515421582932,
              43.69044021390669
            ],
            [
              7.291526066578938,
              43.69207275570942
            ],
            [
              7.293094182412618,
              43.69679297386209
            ],
            [
              7.288289722716232,
              43.69988057837909
            ],
            [
              7.281917465114762,
              43.698247829836774
            ]
          ]
        ]
      },
      "properties": {
        "uuid": "169570ea-0445-4736-b507-542322788209",
        "h3_index": "883969a083fffff",
        "city_code": "06088",
        "city_name": "Nice",
        "latitude": 43.69516048437517,
        "longitude": 7.286721871616724,
        "manual_surge": 0,
        "available": true,
        "status": "active"
      }
    },
    {
      "type": "Feature",
      "geometry": {
        "type": "Polygon",
        "coordinates": [
          [
            [
              7.1860292542087265,
              43.72544440215593
            ],
            [
              7.184467805555696,
              43.72072543746124
            ],
            [
              7.189274151832206,
              43.717644121955246
            ],
            [
              7.195642267413902,
              43.71928163693619
            ],
            [
              7.19720444170485,
              43.72400067462897
            ],
            [
              7.1923977748012184,
              43.72708212436128
            ],
            [
              7.1860292542087265,
              43.72544440215593
            ]
          ]
        ]
      },
      "properties": {
        "uuid": "d12c2689-128c-4104-b0f5-652b93cb3fc7",
        "h3_index": "883969a043fffff",
        "city_code": "06088",
        "city_name": "Nice",
        "latitude": 43.722363211328876,
        "longitude": 7.190835865957357,
        "manual_surge": 0,
        "available": true,
        "status": "active"
      }
    },
    {
      "type": "Feature",
      "geometry": {
        "type": "Polygon",
        "coordinates": [
          [
            [
              7.222798314965394,
              43.713307157247094
            ],
            [
              7.221234619257101,
              43.708587673069786
            ],
            [
              7.2260400229977755,
              43.705503922395984
            ],
            [
              7.2324094420612575,
              43.70713952143521
            ],
            [
              7.23397386305952,
              43.711859078176666
            ],
            [
              7.2291681397295156,
              43.71494296333334
            ],
            [
              7.222798314965394,
              43.713307157247094
            ]
          ]
        ]
      },
      "properties": {
        "uuid": "d681b929-d402-418f-8477-517338a29991",
        "h3_index": "883969a011fffff",
        "city_code": "06088",
        "city_name": "Nice",
        "latitude": 43.7102235310485,
        "longitude": 7.227603983894377,
        "manual_surge": 0,
        "available": true,
        "status": "active"
      }
    },
    {
      "type": "Feature",
      "geometry": {
        "type": "Polygon",
        "coordinates": [
          [
            [
              7.237214689412233,
              43.7040551284384
            ],
            [
              7.235650198279292,
              43.699335270935535
            ],
            [
              7.240454969712675,
              43.69625037021126
            ],
            [
              7.24682455145173,
              43.697885192419015
            ],
            [
              7.248389767658765,
              43.70260512233024
            ],
            [
              7.24358467707788,
              43.70569015764392
            ],
            [
              7.237214689412233,
              43.7040551284384
            ]
          ]
        ]
      },
      "properties": {
        "uuid": "d865c469-1fe4-4212-9cc4-8165130f7105",
        "h3_index": "883969a0e9fffff",
        "city_code": "06088",
        "city_name": "Nice",
        "latitude": 43.700970352089264,
        "longitude": 7.242019725893626,
        "manual_surge": 0,
        "available": true,
        "status": "active"
      }
    }
  ]
}