{
  "type": "FeatureCollection",
  "features": [
    {
      "type": "Feature",
      "geometry": {
        "type": "Polygon",
        "coordinates": [
          [
            [
              1.498363859681608,
              43.566296132835
            ],
            [
              1.492515786106202,
              43.56490149258447
            ],
            [
              1.4913433009659358,
              43.56020653968828
            ],
            [
              1.4960183207072217,
              43.556906547418464
            ],
            [
              1.5018655624781445,
              43.55830126759621
            ],
            [
              1.5030386162345193,
              43.56299590011072
            ],
            [
              1.498363859681608,
              43.566296132835
            ]
          ]
        ]
      },
      "properties": {
        "uuid": "d5172459-a68d-4b0e-98ed-88f05220b34b",
        "h3_index": "883960188bfffff",
        "city_code": "31555",
        "city_name": "Toulouse",
        "latitude": 43.56160141488774,
        "longitude": 1.4971910159841497,
        "manual_surge": 0,
        "available": true,
        "status": "active"
      }
    },
    {
      "type": "Feature",
      "geometry": {
        "type": "Polygon",
        "coordinates": [
          [
            [
              1.39653116411513,
              43.62149481906952
            ],
            [
              1.3906742316829281,
              43.6200962051008
            ],
            [
              1.389506624450955,
              43.615399017489764
            ],
            [
              1.3941953775909384,
              43.61210076323597
            ],
            [
              1.4000514769849772,
              43.61349945570103
            ],
            [
              1.4012196561993135,
              43.618196323917545
            ],
            [
              1.39653116411513,
              43.62149481906952
            ]
          ]
        ]
      },
      "properties": {
        "uuid": "372cb11c-5680-42c5-9771-0a9364215126",
        "h3_index": "8839601a07fffff",
        "city_code": "31555",
        "city_name": "Toulouse",
        "latitude": 43.616797866208216,
        "longitude": 1.3953631968094764,
        "manual_surge": 0,
        "available": true,
        "status": "active"
      }
    },
    {
      "type": "Feature",
      "geometry": {
        "type": "Polygon",
        "coordinates": [
          [
            [
              1.4632788284328109,
              43.580005026993256
            ],
            [
              1.4574281598038499,
              43.57860883009473
            ],
            [
              1.4562574446993708,
              43.57391298095791
            ],
            [
              1.4609368284600697,
              43.57061364877914
            ],
            [
              1.4667866649885906,
              43.57200992510966
            ],
            [
              1.4679579497790756,
              43.57670545418106
            ],
            [
              1.4632788284328109,
              43.580005026993256
            ]
          ]
        ]
      },
      "properties": {
        "uuid": "c572932a-a979-4a5d-a874-7250aa1b99f6",
        "h3_index": "88396018cdfffff",
        "city_code": "31555",
        "city_name": "Toulouse",
        "latitude": 43.57530941271443,
        "longitude": 1.4621077543049499,
        "manual_surge": 0,
        "available": true,
        "status": "active"
      }
    },
    {
      "type": "Feature",
      "geometry": {
        "type": "Polygon",
        "coordinates": [
          [
            [
              1.4141012828920465,
              43.625688314825794
            ],
            [
              1.408244689838801,
              43.62429087390937
            ],
            [
              1.4070760025013642,
              43.61959439064038
            ],
            [
              1.4117633365061908,
              43.61629566778719
            ],
            [
              1.4176190963952564,
              43.617693187453554
            ],
            [
              1.4187883553657807,
              43.62238935121717
            ],
            [
              1.4141012828920465,
              43.625688314825794
            ]
          ]
        ]
      },
      "properties": {
        "uuid": "91c37c29-2268-4dd6-abde-ff9ed5e87dcd",
        "h3_index": "8839601a15fffff",
        "city_code": "31555",
        "city_name": "Toulouse",
        "latitude": 43.620992066399374,
        "longitude": 1.4129322355965457,
        "manual_surge": 0,
        "available": true,
        "status": "active"
      }
    },
    {
      "type": "Feature",
      "geometry": {
        "type": "Polygon",
        "coordinates": [
          [
            [
              1.4351978075226461,
              43.55563078605328
            ],
            [
              1.4293481198763256,
              43.5542320888569
            ],
            [
              1.4281794334375515,
              43.54953470284217
            ],
            [
              1.4328598646206203,
              43.546236333983714
            ],
            [
              1.438708720799765,
              43.54763511019786
            ],
            [
              1.4398779771853412,
              43.55233217624681
            ],
            [
              1.4351978075226461,
              43.55563078605328
            ]
          ]
        ]
      },
      "properties": {
        "uuid": "6804b214-6654-457d-812d-6c2179b306fe",
        "h3_index": "8839601831fffff",
        "city_code": "31555",
        "city_name": "Toulouse",
        "latitude": 43.55093363467295,
        "longitude": 1.4340287620627323,
        "manual_surge": 0,
        "available": true,
        "status": "active"
      }
    },
    {
      "type": "Feature",
      "geometry": {
        "type": "Polygon",
        "coordinates": [
          [
            [
              1.4843474923966957,
              43.59827510540771
            ],
            [
              1.4784960896772255,
              43.596880784404526
            ],
            [
              1.4773238523716516,
              43.592186089424544
            ],
            [
              1.4820024482181098,
              43.5888860355816
            ],
            [
              1.4878530183625627,
              43.59028043632729
            ],
            [
              1.489025825157721,
              43.59497481116753
            ],
            [
              1.4843474923966957,
              43.59827510540771
            ]
          ]
        ]
      },
      "properties": {
        "uuid": "c5360257-6c26-4ca9-a9d4-46194714c841",
        "h3_index": "8839601ab1fffff",
        "city_code": "31555",
        "city_name": "Toulouse",
        "latitude": 43.59358064545307,
        "longitude": 1.4831748960664357,
        "manual_surge": 0,
        "available": true,
        "status": "active"
      }
    },
    {
      "type": "Feature",
      "geometry": {
        "type": "Polygon",
        "coordinates": [
          [
            [
              1.480851877720351,
              43.628346381390564
            ],
            [
              1.4749977312613816,
              43.62695292507311
            ],
            [
              1.473825172807005,
              43.62225881075907
            ],
            [
              1.4785061906535564,
              43.61895847273935
            ],
            [
              1.4843595038007047,
              43.620352008763675
            ],
            [
              1.4855326323351992,
              43.62504580309496
            ],
            [
              1.480851877720351,
              43.628346381390564
            ]
          ]
        ]
      },
      "properties": {
        "uuid": "18807516-db07-4bd4-8065-8616e4f9b161",
        "h3_index": "8839601ad7fffff",
        "city_code": "31555",
        "city_name": "Toulouse",
        "latitude": 43.62365250221465,
        "longitude": 1.4796789598897673,
        "manual_surge": 0,
        "available": true,
        "status": "active"
      }
    },
    {
      "type": "Feature",
      "geometry": {
        "type": "Polygon",
        "coordinates": [
          [
            [
              1.4246368744296716,
              43.64586791563883
            ],
            [
              1.4187789546697624,
              43.64447180543774
            ],
            [
              1.417609314281504,
              43.639776158372364
            ],
            [
              1.422297021852964,
              43.636476940996594
            ],
            [
              1.4281541079377658,
              43.63787313010787
            ],
            [
              1.4293243200482786,
              43.64256845767878
            ],
            [
              1.4246368744296716,
              43.64586791563883
            ]
          ]
        ]
      },
      "properties": {
        "uuid": "ea5eee51-4585-4f8c-9c8b-b86dca662de9",
        "h3_index": "8839601125fffff",
        "city_code": "31555",
        "city_name": "Toulouse",
        "latitude": 43.64117250354663,
        "longitude": 1.4234668739646315,
        "manual_surge": 0,
        "available": true,
        "status": "active"
      }
    },
    {
      "type": "Feature",
      "geometry": {
        "type": "Polygon",
        "coordinates": [
          [
            [
              1.396564480662796,
              43.57731929140304
            ],
            [
              1.3907113725607092,
              43.575919112499264
            ],
            [
              1.3895445252614524,
              43.57122089584355
            ],
            [
              1.394230214751429,
              43.56792317767304
            ],
            [
              1.4000824909023515,
              43.569323435052254
            ],
            [
              1.4012499094367734,
              43.57402133212058
            ],
            [
              1.396564480662796,
              43.57731929140304
            ]
          ]
        ]
      },
      "properties": {
        "uuid": "3502cba9-a298-41cc-8125-138ff51c7318",
        "h3_index": "883960186bfffff",
        "city_code": "31555",
        "city_name": "Toulouse",
        "latitude": 43.57262130930909,
        "longitude": 1.3953972737600906,
        "manual_surge": 0,
        "available": true,
        "status": "active"
      }
    },
    {
      "type": "Feature",
      "geometry": {
        "type": "Polygon",
        "coordinates": [
          [
            [
              1.4878530183625627,
              43.59028043632729
            ],
            [
              1.4820024482181098,
              43.5888860355816
            ],
            [
              1.4808301488245366,
              43.584191275855126
            ],
            [
              1.4855078502265207,
              43.58089123706877
            ],
            [
              1.4913575879886443,
              43.58228571760323
            ],
            [
              1.4925304566532913,
              43.58698015712942
            ],
            [
              1.4878530183625627,
              43.59028043632729
            ]
          ]
        ]
      },
      "properties": {
        "uuid": "96eccdd6-e477-47d4-9715-cd61e6dce4f4",
        "h3_index": "8839601ab7fffff",
        "city_code": "31555",
        "city_name": "Toulouse",
        "latitude": 43.585585911607104,
        "longitude": 1.4866803600612335,
        "manual_surge": 0,
        "available": true,
        "status": "active"
      }
    },
    {
      "type": "Feature",
      "geometry": {
        "type": "Polygon",
        "coordinates": [
          [
            [
              1.4632839599359269,
              43.6020858291416
            ],
            [
              1.4574313813580948,
              43.60069041640985
            ],
            [
              1.4562602838841927,
              43.595995081406265
            ],
            [
              1.4609411948523516,
              43.59269547909766
            ],
            [
              1.4667929407863394,
              43.594090971272294
            ],
            [
              1.467964608318156,
              43.59878598630677
            ],
            [
              1.4632839599359269,
              43.6020858291416
            ]
          ]
        ]
      },
      "properties": {
        "uuid": "2f2288f0-8ad7-4a57-bd84-6a2e930b2aa5",
        "h3_index": "8839601aabfffff",
        "city_code": "31555",
        "city_name": "Toulouse",
        "latitude": 43.59739072908997,
        "longitude": 1.4621125032042201,
        "manual_surge": 0,
        "available": true,
        "status": "active"
      }
    },
    {
      "type": "Feature",
      "geometry": {
        "type": "Polygon",
        "coordinates": [
          [
            [
              1.46328909479053,
              43.62416484052857
            ],
            [
              1.4574346050164357,
              43.62277021225574
            ],
            [
              1.4562631249232687,
              43.61807539271213
            ],
            [
              1.4609455640960674,
              43.614775521308076
            ],
            [
              1.466799220682398,
              43.61617022903441
            ],
            [
              1.4679712712057764,
              43.62086472870536
            ],
            [
              1.46328909479053,
              43.62416484052857
            ]
          ]
        ]
      },
      "properties": {
        "uuid": "5293e167-b9eb-46e8-815e-2bf9f99b00fc",
        "h3_index": "8839601a89fffff",
        "city_code": "31555",
        "city_name": "Toulouse",
        "latitude": 43.61947025603067,
        "longitude": 1.4621172552048938,
        "manual_surge": 0,
        "available": true,
        "status": "active"
      }
    },
    {
      "type": "Feature",
      "geometry": {
        "type": "Polygon",
        "coordinates": [
          [
            [
              1.4176386414657398,
              43.57352186367687
            ],
            [
              1.4117867043783516,
              43.57212277803165
            ],
            [
              1.410618714892502,
              43.56742520063651
            ],
            [
              1.4153020917486236,
              43.56412702863958
            ],
            [
              1.4211531969512197,
              43.56552619306019
            ],
            [
              1.42232175710476,
              43.57022345069638
            ],
            [
              1.4176386414657398,
              43.57352186367687
            ]
          ]
        ]
      },
      "properties": {
        "uuid": "6f8456ec-ecae-4a0f-9b69-8797454ba3d7",
        "h3_index": "8839601801fffff",
        "city_code": "31555",
        "city_name": "Toulouse",
        "latitude": 43.568824520917424,
        "longitude": 1.4164702926088069,
        "manual_surge": 0,
        "available": true,
        "status": "active"
      }
    },
    {
      "type": "Feature",
      "geometry": {
        "type": "Polygon",
        "coordinates": [
          [
            [
              1.4562574446993708,
              43.57391298095791
            ],
            [
              1.4504070210810014,
              43.572516158888746
            ],
            [
              1.4492368132432873,
              43.56781992531822
            ],
            [
              1.4539164591948466,
              43.564520833851574
            ],
            [
              1.4597660508710146,
              43.565917735249215
            ],
            [
              1.4609368284600697,
              43.57061364877914
            ],
            [
              1.4562574446993708,
              43.57391298095791
            ]
          ]
        ]
      },
      "properties": {
        "uuid": "b62a4be0-f9f5-40cb-8549-86f9c10ff883",
        "h3_index": "8839601813fffff",
        "city_code": "31555",
        "city_name": "Toulouse",
        "latitude": 43.569216982189566,
        "longitude": 1.4550868778387613,
        "manual_surge": 0,
        "available": true,
        "status": "active"
      }
    },
    {
      "type": "Feature",
      "geometry": {
        "type": "Polygon",
        "coordinates": [
          [
            [
              1.4035851903327679,
              43.58341667749392
            ],
            [
              1.3977318354867316,
              43.58201712389297
            ],
            [
              1.396564480662796,
              43.57731929140304
            ],
            [
              1.4012499094367734,
              43.57402133212058
            ],
            [
              1.407102432172659,
              43.57542096430055
            ],
            [
              1.4082703581669753,
              43.58011847717799
            ],
            [
              1.4035851903327679,
              43.58341667749392
            ]
          ]
        ]
      },
      "properties": {
        "uuid": "6920b027-5b71-4fc7-80d8-c963f8e1b41e",
        "h3_index": "8839601847fffff",
        "city_code": "31555",
        "city_name": "Toulouse",
        "latitude": 43.57871907962178,
        "longitude": 1.402417475904525,
        "manual_surge": 0,
        "available": true,
        "status": "active"
      }
    },
    {
      "type": "Feature",
      "geometry": {
        "type": "Polygon",
        "coordinates": [
          [
            [
              1.512407229290092,
              43.578472290287884
            ],
            [
              1.5065586683697993,
              43.57707890012492
            ],
            [
              1.505385169153145,
              43.572384716436915
            ],
            [
              1.5100596622943083,
              43.56908424333704
            ],
            [
              1.5159073910947052,
              43.570477713634226
            ],
            [
              1.5170814587960542,
              43.57517157689126
            ],
            [
              1.512407229290092,
              43.578472290287884
            ]
          ]
        ]
      },
      "properties": {
        "uuid": "a769fd38-7d87-466e-bfac-aef4ba36d8fe",
        "h3_index": "88396018d3fffff",
        "city_code": "31555",
        "city_name": "Toulouse",
        "latitude": 43.573778341660265,
        "longitude": 1.5112333715157145,
        "manual_surge": 0,
        "available": true,
        "status": "active"
      }
    },
    {
      "type": "Feature",
      "geometry": {
        "type": "Polygon",
        "coordinates": [
          [
            [
              1.4211531969512197,
              43.56552619306019
            ],
            [
              1.4153020917486236,
              43.56412702863958
            ],
            [
              1.4141340388580825,
              43.55942938690528
            ],
            [
              1.4188165206434853,
              43.556131229405224
            ],
            [
              1.424666794153315,
              43.557530472647485
            ],
            [
              1.4258354174928392,
              43.562227794562226
            ],
            [
              1.4211531969512197,
              43.56552619306019
            ]
          ]
        ]
      },
      "properties": {
        "uuid": "b163cfe4-3de5-476f-83af-fef0c88bc398",
        "h3_index": "8839601807fffff",
        "city_code": "31555",
        "city_name": "Toulouse",
        "latitude": 43.56082878594247,
        "longitude": 1.4199847848064997,
        "manual_surge": 0,
        "available": true,
        "status": "active"
      }
    },
    {
      "type": "Feature",
      "geometry": {
        "type": "Polygon",
        "coordinates": [
          [
            [
              1.4316859367983839,
              43.56362641278707
            ],
            [
              1.4258354174928392,
              43.562227794562226
            ],
            [
              1.424666794153315,
              43.557530472647485
            ],
            [
              1.4293481198763256,
              43.5542320888569
            ],
            [
              1.4351978075226461,
              43.55563078605328
            ],
            [
              1.436367001027489,
              43.56032778806282
            ],
            [
              1.4316859367983839,
              43.56362641278707
            ]
          ]
        ]
      },
      "properties": {
        "uuid": "418abd77-b710-4a4c-8394-71bf8e79e15e",
        "h3_index": "8839601839fffff",
        "city_code": "31555",
        "city_name": "Toulouse",
        "latitude": 43.55892932552584,
        "longitude": 1.430516954320895,
        "manual_surge": 0,
        "available": true,
        "status": "active"
      }
    },
    {
      "type": "Feature",
      "geometry": {
        "type": "Polygon",
        "coordinates": [
          [
            [
              1.4281667789557793,
              43.59370749448863
            ],
            [
              1.422313517404502,
              43.59230973829292
            ],
            [
              1.4211445762888357,
              43.58761299422595
            ],
            [
              1.4258283258900601,
              43.58431432609703
            ],
            [
              1.4316807550468484,
              43.58571216122881
            ],
            [
              1.4328502669190954,
              43.5904085855475
            ],
            [
              1.4281667789557793,
              43.59370749448863
            ]
          ]
        ]
      },
      "properties": {
        "uuid": "0b2a007f-3648-4093-b0f4-e6071138b373",
        "h3_index": "8839601851fffff",
        "city_code": "31555",
        "city_name": "Toulouse",
        "latitude": 43.5890109851883,
        "longitude": 1.4269974783505952,
        "manual_surge": 0,
        "available": true,
        "status": "active"
      }
    },
    {
      "type": "Feature",
      "geometry": {
        "type": "Polygon",
        "coordinates": [
          [
            [
              1.4000824909023515,
              43.569323435052254
            ],
            [
              1.394230214751429,
              43.56792317767304
            ],
            [
              1.3930633036096962,
              43.56322489655681
            ],
            [
              1.3977480975249919,
              43.5599271924619
            ],
            [
              1.4035995419167415,
              43.56132752836296
            ],
            [
              1.4047670240746866,
              43.56602548983111
            ],
            [
              1.4000824909023515,
              43.569323435052254
            ]
          ]
        ]
      },
      "properties": {
        "uuid": "8ffd4cdd-a634-4e77-a848-bbd3fd512bc4",
        "h3_index": "8839601863fffff",
        "city_code": "31555",
        "city_name": "Toulouse",
        "latitude": 43.56462538847872,
        "longitude": 1.3989152202741482,
        "manual_surge": 0,
        "available": true,
        "status": "active"
      }
    },
    {
      "type": "Feature",
      "geometry": {
        "type": "Polygon",
        "coordinates": [
          [
            [
              1.4492384563890865,
              43.63406475070496
            ],
            [
              1.4433825453089475,
              43.63266965528035
            ],
            [
              1.4422116988022247,
              43.62797458153044
            ],
            [
              1.4468961923639414,
              43.62467492292568
            ],
            [
              1.4527512700293903,
              43.626070097607304
            ],
            [
              1.4539226874698665,
              43.630764851630715
            ],
            [
              1.4492384563890865,
              43.63406475070496
            ]
          ]
        ]
      },
      "properties": {
        "uuid": "723651b6-6032-4496-a90c-fda051787ad6",
        "h3_index": "8839601ac1fffff",
        "city_code": "31555",
        "city_name": "Toulouse",
        "latitude": 43.62936991198295,
        "longitude": 1.4480672501560916,
        "manual_surge": 0,
        "available": true,
        "status": "active"
      }
    },
    {
      "type": "Feature",
      "geometry": {
        "type": "Polygon",
        "coordinates": [
          [
            [
              1.4351937726999044,
              43.577716777505444
            ],
            [
              1.4293421757453115,
              43.57631886339118
            ],
            [
              1.4281731082616627,
              43.57162198999596
            ],
            [
              1.4328550673359282,
              43.56832335057869
            ],
            [
              1.4387058322806088,
              43.56972134372178
            ],
            [
              1.4398754700831813,
              43.574417897247415
            ],
            [
              1.4351937726999044,
              43.577716777505444
            ]
          ]
        ]
      },
      "properties": {
        "uuid": "04c1c7ee-9d1d-4ada-8a17-2a7f2983c56f",
        "h3_index": "883960181dfffff",
        "city_code": "31555",
        "city_name": "Toulouse",
        "latitude": 43.573020138838785,
        "longitude": 1.434024345960725,
        "manual_surge": 0,
        "available": true,
        "status": "active"
      }
    },
    {
      "type": "Feature",
      "geometry": {
        "type": "Polygon",
        "coordinates": [
          [
            [
              1.45977003485314,
              43.58800007922645
            ],
            [
              1.4539185339312644,
              43.586603961713664
            ],
            [
              1.4527478813978059,
              43.581908177148314
            ],
            [
              1.4574281598038499,
              43.57860883009473
            ],
            [
              1.4632788284328109,
              43.580005026993256
            ],
            [
              1.4644500508708684,
              43.58470049155372
            ],
            [
              1.45977003485314,
              43.58800007922645
            ]
          ]
        ]
      },
      "properties": {
        "uuid": "2268b8cf-48ee-4888-a9ec-248585cb0b12",
        "h3_index": "8839601aa7fffff",
        "city_code": "31555",
        "city_name": "Toulouse",
        "latitude": 43.5833045295382,
        "longitude": 1.4585990231793697,
        "manual_surge": 0,
        "available": true,
        "status": "active"
      }
    },
    {
      "type": "Feature",
      "geometry": {
        "type": "Polygon",
        "coordinates": [
          [
            [
              1.4422169341544522,
              43.561725860281015
            ],
            [
              1.436367001027489,
              43.56032778806282
            ],
            [
              1.4351978075226461,
              43.55563078605328
            ],
            [
              1.4398779771853412,
              43.55233217624681
            ],
            [
              1.445727078686759,
              43.55373032758636
            ],
            [
              1.4468968420733201,
              43.55842700960515
            ],
            [
              1.4422169341544522,
              43.561725860281015
            ]
          ]
        ]
      },
      "properties": {
        "uuid": "6522dba9-fddc-4723-a8f9-3f0784444e1d",
        "h3_index": "883960183bfffff",
        "city_code": "31555",
        "city_name": "Toulouse",
        "latitude": 43.55702909296184,
        "longitude": 1.4410473816278495,
        "manual_surge": 0,
        "available": true,
        "status": "active"
      }
    },
    {
      "type": "Feature",
      "geometry": {
        "type": "Polygon",
        "coordinates": [
          [
            [
              1.4668055046807902,
              43.63824769205653
            ],
            [
              1.46094993619401,
              43.63685376907021
            ],
            [
              1.4597780106245586,
              43.632159400496526
            ],
            [
              1.4644610828802338,
              43.628859274739995
            ],
            [
              1.4703158178277769,
              43.63025327723674
            ],
            [
              1.4714883139809234,
              43.63494732597369
            ],
            [
              1.4668055046807902,
              43.63824769205653
            ]
          ]
        ]
      },
      "properties": {
        "uuid": "7620c5e7-b17e-44cf-b75c-663d3490373e",
        "h3_index": "8839601addfffff",
        "city_code": "31555",
        "city_name": "Toulouse",
        "latitude": 43.63355355860323,
        "longitude": 1.4656332195012305,
        "manual_surge": 0,
        "available": true,
        "status": "active"
      }
    },
    {
      "type": "Feature",
      "geometry": {
        "type": "Polygon",
        "coordinates": [
          [
            [
              1.3543648246289255,
              43.60699771272438
            ],
            [
              1.3485074648256419,
              43.60559612631088
            ],
            [
              1.347342526958047,
              43.60089714640941
            ],
            [
              1.3520343760713434,
              43.59760007206223
            ],
            [
              1.3578909032496465,
              43.59900173636102
            ],
            [
              1.3590564138618215,
              43.603700397115624
            ],
            [
              1.3543648246289255,
              43.60699771272438
            ]
          ]
        ]
      },
      "properties": {
        "uuid": "cc275934-95a1-49ee-8798-f15f2fd304b9",
        "h3_index": "8839601b51fffff",
        "city_code": "31555",
        "city_name": "Toulouse",
        "latitude": 43.60229896733037,
        "longitude": 1.353199526458049,
        "manual_surge": 0,
        "available": true,
        "status": "active"
      }
    },
    {
      "type": "Feature",
      "geometry": {
        "type": "Polygon",
        "coordinates": [
          [
            [
              1.449236266242683,
              43.54573474604096
            ],
            [
              1.4433879961746792,
              43.54433651553387
            ],
            [
              1.4422186769948906,
              43.539639385624014
            ],
            [
              1.4468970583605674,
              43.53634080632717
            ],
            [
              1.4527444971872305,
              43.5377391160479
            ],
            [
              1.4539143858119041,
              43.54243592584595
            ],
            [
              1.449236266242683,
              43.54573474604096
            ]
          ]
        ]
      },
      "properties": {
        "uuid": "6ec680da-5d40-4aad-a787-4f4c6e536730",
        "h3_index": "88396019d9fffff",
        "city_code": "31555",
        "city_name": "Toulouse",
        "latitude": 43.54103785078316,
        "longitude": 1.4480665882747492,
        "manual_surge": 0,
        "available": true,
        "status": "active"
      }
    },
    {
      "type": "Feature",
      "geometry": {
        "type": "Polygon",
        "coordinates": [
          [
            [
              1.3754833521171432,
              43.58111362318854
            ],
            [
              1.369629074130654,
              43.57971235027001
            ],
            [
              1.3684633701528917,
              43.575013494697345
            ],
            [
              1.3731513722812871,
              43.57171623145269
            ],
            [
              1.379004818251029,
              43.573117582546544
            ],
            [
              1.3801710940314027,
              43.577816118703716
            ],
            [
              1.3754833521171432,
              43.58111362318854
            ]
          ]
        ]
      },
      "properties": {
        "uuid": "d00c85bb-ab31-4681-ab9e-ce15703d4b2f",
        "h3_index": "8839601b17fffff",
        "city_code": "31555",
        "city_name": "Toulouse",
        "latitude": 43.57641500210352,
        "longitude": 1.3743172883036723,
        "manual_surge": 0,
        "available": true,
        "status": "active"
      }
    },
    {
      "type": "Feature",
      "geometry": {
        "type": "Polygon",
        "coordinates": [
          [
            [
              1.407102432172659,
              43.57542096430055
            ],
            [
              1.4012499094367734,
              43.57402133212058
            ],
            [
              1.4000824909023515,
              43.569323435052254
            ],
            [
              1.4047670240746866,
              43.56602548983111
            ],
            [
              1.410618714892502,
              43.56742520063651
            ],
            [
              1.4117867043783516,
              43.57212277803165
            ],
            [
              1.407102432172659,
              43.57542096430055
            ]
          ]
        ]
      },
      "properties": {
        "uuid": "471b1fd0-ff4f-4dfd-a782-c222e41bbb98",
        "h3_index": "883960180dfffff",
        "city_code": "31555",
        "city_name": "Toulouse",
        "latitude": 43.57072330183095,
        "longitude": 1.4059346541509492,
        "manual_surge": 0,
        "available": true,
        "status": "active"
      }
    },
    {
      "type": "Feature",
      "geometry": {
        "type": "Polygon",
        "coordinates": [
          [
            [
              1.445727078686759,
              43.55373032758636
            ],
            [
              1.4398779771853412,
              43.55233217624681
            ],
            [
              1.438708720799765,
              43.54763511019786
            ],
            [
              1.4433879961746792,
              43.54433651553387
            ],
            [
              1.449236266242683,
              43.54573474604096
            ],
            [
              1.4504060922915207,
              43.55043149203861
            ],
            [
              1.445727078686759,
              43.55373032758636
            ]
          ]
        ]
      },
      "properties": {
        "uuid": "650fe8e8-4b38-4e8b-a84b-1f761dade772",
        "h3_index": "8839601833fffff",
        "city_code": "31555",
        "city_name": "Toulouse",
        "latitude": 43.54903349620864,
        "longitude": 1.4445574633962546,
        "manual_surge": 0,
        "available": true,
        "status": "active"
      }
    },
    {
      "type": "Feature",
      "geometry": {
        "type": "Polygon",
        "coordinates": [
          [
            [
              1.4527461887404358,
              43.55982453600582
            ],
            [
              1.4468968420733201,
              43.55842700960515
            ],
            [
              1.445727078686759,
              43.55373032758636
            ],
            [
              1.4504060922915207,
              43.55043149203861
            ],
            [
              1.456254607366955,
              43.551829097710396
            ],
            [
              1.457424940351627,
              43.55652545965295
            ],
            [
              1.4527461887404358,
              43.55982453600582
            ]
          ]
        ]
      },
      "properties": {
        "uuid": "487a69d0-45d3-40d1-a6a6-cb4c43e1befe",
        "h3_index": "88396018edfffff",
        "city_code": "31555",
        "city_name": "Toulouse",
        "latitude": 43.55512808871421,
        "longitude": 1.451576066448393,
        "manual_surge": 0,
        "available": true,
        "status": "active"
      }
    },
    {
      "type": "Feature",
      "geometry": {
        "type": "Polygon",
        "coordinates": [
          [
            [
              1.3755068776212167,
              43.55902107714933
            ],
            [
              1.3696545106895284,
              43.55761902272482
            ],
            [
              1.3684891855603338,
              43.5529196544303
            ],
            [
              1.3731756558562087,
              43.54962266006606
            ],
            [
              1.3790271913139116,
              43.5510247926552
            ],
            [
              1.3801930878720783,
              43.555723841437946
            ],
            [
              1.3755068776212167,
              43.55902107714933
            ]
          ]
        ]
      },
      "properties": {
        "uuid": "63341711-d28e-49ee-a9cb-208a541898e0",
        "h3_index": "8839601959fffff",
        "city_code": "31555",
        "city_name": "Toulouse",
        "latitude": 43.554321943248226,
        "longitude": 1.374341192891306,
        "manual_surge": 0,
        "available": true,
        "status": "active"
      }
    },
    {
      "type": "Feature",
      "geometry": {
        "type": "Polygon",
        "coordinates": [
          [
            [
              1.4492390048202024,
              43.65614276721297
            ],
            [
              1.4433811803662218,
              43.65474845628855
            ],
            [
              1.4422099514041469,
              43.650053899895276
            ],
            [
              1.4468959755111501,
              43.646753974050256
            ],
            [
              1.4527529660057326,
              43.64814836424181
            ],
            [
              1.4539247662747068,
              43.65284260100527
            ],
            [
              1.4492390048202024,
              43.65614276721297
            ]
          ]
        ]
      },
      "properties": {
        "uuid": "eef70944-e25b-430f-9430-14d167a96388",
        "h3_index": "883960113dfffff",
        "city_code": "31555",
        "city_name": "Toulouse",
        "latitude": 43.65144844594115,
        "longitude": 1.448067415896746,
        "manual_surge": 0,
        "available": true,
        "status": "active"
      }
    },
    {
      "type": "Feature",
      "geometry": {
        "type": "Polygon",
        "coordinates": [
          [
            [
              1.414112208678258,
              43.60360379551653
            ],
            [
              1.4082575281938654,
              43.60220557145415
            ],
            [
              1.4070892216520368,
              43.5975085727171
            ],
            [
              1.4117750242571208,
              43.59421011763837
            ],
            [
              1.417628872121237,
              43.59560842044036
            ],
            [
              1.4187977499227304,
              43.600305099575515
            ],
            [
              1.414112208678258,
              43.60360379551653
            ]
          ]
        ]
      },
      "properties": {
        "uuid": "8d3201a2-9c75-43fa-a2bf-24bcfb6ea58e",
        "h3_index": "8839601a37fffff",
        "city_code": "31555",
        "city_name": "Toulouse",
        "latitude": 43.59890703152823,
        "longitude": 1.4129435424134718,
        "manual_surge": 0,
        "available": true,
        "status": "active"
      }
    },
    {
      "type": "Feature",
      "geometry": {
        "type": "Polygon",
        "coordinates": [
          [
            [
              1.3825040891106117,
              43.58721274218357
            ],
            [
              1.3766495637488936,
              43.58581209464581
            ],
            [
              1.3754833521171432,
              43.58111362318854
            ],
            [
              1.3801710940314027,
              43.577816118703716
            ],
            [
              1.3860247872171265,
              43.579216844520374
            ],
            [
              1.387191570586859,
              43.583914996536926
            ],
            [
              1.3825040891106117,
              43.58721274218357
            ]
          ]
        ]
      },
      "properties": {
        "uuid": "a1794906-bd06-48bc-88c4-20b0304798cf",
        "h3_index": "8839601b13fffff",
        "city_code": "31555",
        "city_name": "Toulouse",
        "latitude": 43.58251450527004,
        "longitude": 1.3813375176422245,
        "manual_surge": 0,
        "available": true,
        "status": "active"
      }
    },
    {
      "type": "Feature",
      "geometry": {
        "type": "Polygon",
        "coordinates": [
          [
            [
              1.473825172807005,
              43.62225881075907
            ],
            [
              1.4679712712057764,
              43.62086472870536
            ],
            [
              1.466799220682398,
              43.61617022903441
            ],
            [
              1.471480501536608,
              43.6128701313693
            ],
            [
              1.47733356998442,
              43.61426429302642
            ],
            [
              1.4785061906535564,
              43.61895847273935
            ],
            [
              1.473825172807005,
              43.62225881075907
            ]
          ]
        ]
      },
      "properties": {
        "uuid": "d684721e-7291-4b95-89d6-4b2b66cb511f",
        "h3_index": "8839601a8bfffff",
        "city_code": "31555",
        "city_name": "Toulouse",
        "latitude": 43.61756454617055,
        "longitude": 1.472652762907833,
        "manual_surge": 0,
        "available": true,
        "status": "active"
      }
    },
    {
      "type": "Feature",
      "geometry": {
        "type": "Polygon",
        "coordinates": [
          [
            [
              1.47030096435362,
              43.586096063217624
            ],
            [
              1.4644500508708684,
              43.58470049155372
            ],
            [
              1.4632788284328109,
              43.580005026993256
            ],
            [
              1.4679579497790756,
              43.57670545418106
            ],
            [
              1.4738080310031383,
              43.57810110538048
            ],
            [
              1.4749798230618032,
              43.58279624985069
            ],
            [
              1.47030096435362,
              43.586096063217624
            ]
          ]
        ]
      },
      "properties": {
        "uuid": "9da59fff-ba2c-458e-a65e-da29fd34ed62",
        "h3_index": "88396018c9fffff",
        "city_code": "31555",
        "city_name": "Toulouse",
        "latitude": 43.58140083357099,
        "longitude": 1.4691293828916905,
        "manual_surge": 0,
        "available": true,
        "status": "active"
      }
    },
    {
      "type": "Feature",
      "geometry": {
        "type": "Polygon",
        "coordinates": [
          [
            [
              1.47733356998442,
              43.61426429302642
            ],
            [
              1.471480501536608,
              43.6128701313693
            ],
            [
              1.4703083886660662,
              43.60817556641706
            ],
            [
              1.4749887742385466,
              43.60487548313471
            ],
            [
              1.480841009725801,
              43.60626972444169
            ],
            [
              1.4820136925232439,
              43.610963969375284
            ],
            [
              1.47733356998442,
              43.61426429302642
            ]
          ]
        ]
      },
      "properties": {
        "uuid": "0f352012-1bc0-46e9-9840-f49bc13ada44",
        "h3_index": "8839601a83fffff",
        "city_code": "31555",
        "city_name": "Toulouse",
        "latitude": 43.60956996313763,
        "longitude": 1.4761610978551765,
        "manual_surge": 0,
        "available": true,
        "status": "active"
      }
    },
    {
      "type": "Feature",
      "geometry": {
        "type": "Polygon",
        "coordinates": [
          [
            [
              1.4035995419167415,
              43.56132752836296
            ],
            [
              1.3977480975249919,
              43.5599271924619
            ],
            [
              1.3965811226277716,
              43.555228847063766
            ],
            [
              1.4012650212472255,
              43.551931157269465
            ],
            [
              1.4071156340717073,
              43.55333157173872
            ],
            [
              1.4082831797663273,
              43.55802959742811
            ],
            [
              1.4035995419167415,
              43.56132752836296
            ]
          ]
        ]
      },
      "properties": {
        "uuid": "ba677855-41af-4b27-b4b1-1f59a3e13570",
        "h3_index": "8839601829fffff",
        "city_code": "31555",
        "city_name": "Toulouse",
        "latitude": 43.55662941748844,
        "longitude": 1.4024322076499645,
        "manual_surge": 0,
        "available": true,
        "status": "active"
      }
    },
    {
      "type": "Feature",
      "geometry": {
        "type": "Polygon",
        "coordinates": [
          [
            [
              1.449237908316136,
              43.61198493399357
            ],
            [
              1.4433839093602943,
              43.61058905435982
            ],
            [
              1.4422134450592181,
              43.60589346457913
            ],
            [
              1.4468964090751533,
              43.60259407424931
            ],
            [
              1.4527495751604376,
              43.60399003312966
            ],
            [
              1.4539206100224935,
              43.608685303087306
            ],
            [
              1.449237908316136,
              43.61198493399357
            ]
          ]
        ]
      },
      "properties": {
        "uuid": "b880c96d-83a6-4754-b03f-7da6ab1f9149",
        "h3_index": "8839601ae3fffff",
        "city_code": "31555",
        "city_name": "Toulouse",
        "latitude": 43.6072895791471,
        "longitude": 1.4480670845236845,
        "manual_surge": 0,
        "available": true,
        "status": "active"
      }
    },
    {
      "type": "Feature",
      "geometry": {
        "type": "Polygon",
        "coordinates": [
          [
            [
              1.4211359499960778,
              43.60969800800436
            ],
            [
              1.4152810230787016,
              43.608300409541414
            ],
            [
              1.414112208678258,
              43.60360379551653
            ],
            [
              1.4187977499227304,
              43.600305099575515
            ],
            [
              1.4246518440608373,
              43.60170277688158
            ],
            [
              1.4258212296559098,
              43.60639907127957
            ],
            [
              1.4211359499960778,
              43.60969800800436
            ]
          ]
        ]
      },
      "properties": {
        "uuid": "66b72d32-3dd8-4eb6-90eb-bf8d89a95124",
        "h3_index": "8839601a33fffff",
        "city_code": "31555",
        "city_name": "Toulouse",
        "latitude": 43.60500162878413,
        "longitude": 1.4199667758719514,
        "manual_surge": 0,
        "available": true,
        "status": "active"
      }
    },
    {
      "type": "Feature",
      "geometry": {
        "type": "Polygon",
        "coordinates": [
          [
            [
              1.4281731082616627,
              43.57162198999596
            ],
            [
              1.42232175710476,
              43.57022345069638
            ],
            [
              1.4211531969512197,
              43.56552619306019
            ],
            [
              1.4258354174928392,
              43.562227794562226
            ],
            [
              1.4316859367983839,
              43.56362641278707
            ],
            [
              1.4328550673359282,
              43.56832335057869
            ],
            [
              1.4281731082616627,
              43.57162198999596
            ]
          ]
        ]
      },
      "properties": {
        "uuid": "48f6fe73-3f2a-485d-bdf7-76aa713fd760",
        "h3_index": "8839601803fffff",
        "city_code": "31555",
        "city_name": "Toulouse",
        "latitude": 43.56692496703235,
        "longitude": 1.4270041888532312,
        "manual_surge": 0,
        "available": true,
        "status": "active"
      }
    },
    {
      "type": "Feature",
      "geometry": {
        "type": "Polygon",
        "coordinates": [
          [
            [
              1.3684116887349145,
              43.61919581462517
            ],
            [
              1.36255383274867,
              43.61779547973701
            ],
            [
              1.3613878785841727,
              43.61309726886551
            ],
            [
              1.3660792077125472,
              43.60979971207348
            ],
            [
              1.3719362307544933,
              43.611200125054026
            ],
            [
              1.3731027575345447,
              43.615898016728174
            ],
            [
              1.3684116887349145,
              43.61919581462517
            ]
          ]
        ]
      },
      "properties": {
        "uuid": "a5df4a79-ce59-42f7-8f08-1b82b9226d07",
        "h3_index": "8839601a67fffff",
        "city_code": "31555",
        "city_name": "Toulouse",
        "latitude": 43.614497838373296,
        "longitude": 1.3672453742650523,
        "manual_surge": 0,
        "available": true,
        "status": "active"
      }
    },
    {
      "type": "Feature",
      "geometry": {
        "type": "Polygon",
        "coordinates": [
          [
            [
              1.4281477662175446,
              43.65995324855101
            ],
            [
              1.4222887659911279,
              43.6585578434187
            ],
            [
              1.4211186804973202,
              43.65386264802264
            ],
            [
              1.4258070232753417,
              43.65056317721145
            ],
            [
              1.4316651894746495,
              43.65195866131063
            ],
            [
              1.4328358468449969,
              43.65665353724814
            ],
            [
              1.4281477662175446,
              43.65995324855101
            ]
          ]
        ]
      },
      "properties": {
        "uuid": "78bea7bb-b118-471e-a6b1-1428f90588ff",
        "h3_index": "8839601129fffff",
        "city_code": "31555",
        "city_name": "Toulouse",
        "latitude": 43.65525828820275,
        "longitude": 1.4269773205288834,
        "manual_surge": 0,
        "available": true,
        "status": "active"
      }
    },
    {
      "type": "Feature",
      "geometry": {
        "type": "Polygon",
        "coordinates": [
          [
            [
              1.480841009725801,
              43.60626972444169
            ],
            [
              1.4749887742385466,
              43.60487548313471
            ],
            [
              1.4738165991072951,
              43.60018085307947
            ],
            [
              1.4784960896772255,
              43.596880784404526
            ],
            [
              1.4843474923966957,
              43.59827510540771
            ],
            [
              1.48552023723615,
              43.60296941538375
            ],
            [
              1.480841009725801,
              43.60626972444169
            ]
          ]
        ]
      },
      "properties": {
        "uuid": "b2c51ae8-8827-42af-97c1-026fa14971a9",
        "h3_index": "8839601ab9fffff",
        "city_code": "31555",
        "city_name": "Toulouse",
        "latitude": 43.601575329430844,
        "longitude": 1.4796684754528604,
        "manual_surge": 0,
        "available": true,
        "status": "active"
      }
    },
    {
      "type": "Feature",
      "geometry": {
        "type": "Polygon",
        "coordinates": [
          [
            [
              1.3790271913139116,
              43.5510247926552
            ],
            [
              1.3731756558562087,
              43.54962266006606
            ],
            [
              1.3720102664888394,
              43.54492322766482
            ],
            [
              1.3766958412914776,
              43.54162624741921
            ],
            [
              1.3825465454668744,
              43.54302845821932
            ],
            [
              1.3837125060443176,
              43.54772757104808
            ],
            [
              1.3790271913139116,
              43.5510247926552
            ]
          ]
        ]
      },
      "properties": {
        "uuid": "a0dd9da3-a6cc-4c2f-847c-5d36ef767834",
        "h3_index": "8839601951fffff",
        "city_code": "31555",
        "city_name": "Toulouse",
        "latitude": 43.546325594628286,
        "longitude": 1.3778614424627464,
        "manual_surge": 0,
        "available": true,
        "status": "active"
      }
    },
    {
      "type": "Feature",
      "geometry": {
        "type": "Polygon",
        "coordinates": [
          [
            [
              1.4492368132432873,
              43.56781992531822
            ],
            [
              1.4433866347922824,
              43.56642247814246
            ],
            [
              1.4422169341544522,
              43.561725860281015
            ],
            [
              1.4468968420733201,
              43.55842700960515
            ],
            [
              1.4527461887404358,
              43.55982453600582
            ],
            [
              1.4539164591948466,
              43.564520833851574
            ],
            [
              1.4492368132432873,
              43.56781992531822
            ]
          ]
        ]
      },
      "properties": {
        "uuid": "6bd7aa58-4ddb-4217-b7c5-dbcc8fbac06c",
        "h3_index": "8839601817fffff",
        "city_code": "31555",
        "city_name": "Toulouse",
        "latitude": 43.56312354220306,
        "longitude": 1.4480667535831024,
        "manual_surge": 0,
        "available": true,
        "status": "active"
      }
    },
    {
      "type": "Feature",
      "geometry": {
        "type": "Polygon",
        "coordinates": [
          [
            [
              1.4808192950096373,
              43.562111041970375
            ],
            [
              1.4749708777254713,
              43.56071523156128
            ],
            [
              1.473799468489067,
              43.556019574003095
            ],
            [
              1.4784759074936702,
              43.55272004711994
            ],
            [
              1.484323493096539,
              43.5541159372031
            ],
            [
              1.485495471298388,
              43.55881127448951
            ],
            [
              1.4808192950096373,
              43.562111041970375
            ]
          ]
        ]
      },
      "properties": {
        "uuid": "c07e11e3-7759-40ab-8902-98467dddc2f3",
        "h3_index": "883960188dfffff",
        "city_code": "31555",
        "city_name": "Toulouse",
        "latitude": 43.55741561926871,
        "longitude": 1.4796475270999347,
        "manual_surge": 0,
        "available": true,
        "status": "active"
      }
    },
    {
      "type": "Feature",
      "geometry": {
        "type": "Polygon",
        "coordinates": [
          [
            [
              1.4000669890068578,
              43.59141233981312
            ],
            [
              1.3942128018585815,
              43.5900128647447
            ],
            [
              1.3930455108321134,
              43.58531509701174
            ],
            [
              1.3977318354867316,
              43.58201712389297
            ],
            [
              1.4035851903327679,
              43.58341667749392
            ],
            [
              1.404753052748658,
              43.58811412567513
            ],
            [
              1.4000669890068578,
              43.59141233981312
            ]
          ]
        ]
      },
      "properties": {
        "uuid": "448d52f1-eb18-4327-b616-ab4a90213d42",
        "h3_index": "8839601841fffff",
        "city_code": "31555",
        "city_name": "Toulouse",
        "latitude": 43.58671480671696,
        "longitude": 1.3988993382590413,
        "manual_surge": 0,
        "available": true,
        "status": "active"
      }
    },
    {
      "type": "Feature",
      "geometry": {
        "type": "Polygon",
        "coordinates": [
          [
            [
              1.4035276901682268,
              43.671755345469705
            ],
            [
              1.397666681013823,
              43.67035892398971
            ],
            [
              1.3964978040060274,
              43.66566315641055
            ],
            [
              1.4011893634086219,
              43.662364129531404
            ],
            [
              1.4070495382761068,
              43.663760629630886
            ],
            [
              1.4082189879499003,
              43.668456077983976
            ],
            [
              1.4035276901682268,
              43.671755345469705
            ]
          ]
        ]
      },
      "properties": {
        "uuid": "8732d30a-e10c-4282-9e70-ea87a1ab6290",
        "h3_index": "883960116dfffff",
        "city_code": "31555",
        "city_name": "Toulouse",
        "latitude": 43.66705981288336,
        "longitude": 1.4023584526148072,
        "manual_surge": 0,
        "available": true,
        "status": "active"
      }
    },
    {
      "type": "Feature",
      "geometry": {
        "type": "Polygon",
        "coordinates": [
          [
            [
              1.4316703813882923,
              43.62987829183312
            ],
            [
              1.4258141287858723,
              43.62848202376496
            ],
            [
              1.4246443616899926,
              43.623786245116456
            ],
            [
              1.4293302758350745,
              43.62048705414621
            ],
            [
              1.4351856951478228,
              43.62188340121791
            ],
            [
              1.4363560335272436,
              43.626578860250355
            ],
            [
              1.4316703813882923,
              43.62987829183312
            ]
          ]
        ]
      },
      "properties": {
        "uuid": "8e4ab7f4-a199-4853-b972-11108f170ccd",
        "h3_index": "8839601a13fffff",
        "city_code": "31555",
        "city_name": "Toulouse",
        "latitude": 43.625182748119954,
        "longitude": 1.4305002544501684,
        "manual_surge": 0,
        "available": true,
        "status": "active"
      }
    },
    {
      "type": "Feature",
      "geometry": {
        "type": "Polygon",
        "coordinates": [
          [
            [
              1.442215190176256,
              43.58381055538156
            ],
            [
              1.4363633475806477,
              43.58241326651683
            ],
            [
              1.4351937726999044,
              43.577716777505444
            ],
            [
              1.4398754700831813,
              43.574417897247415
            ],
            [
              1.4457264805103431,
              43.57581526524451
            ],
            [
              1.4468966256449007,
              43.580511434361355
            ],
            [
              1.442215190176256,
              43.58381055538156
            ]
          ]
        ]
      },
      "properties": {
        "uuid": "e0f407e2-6087-4eac-9a85-a6e094444b77",
        "h3_index": "8839601819fffff",
        "city_code": "31555",
        "city_name": "Toulouse",
        "latitude": 43.579114301154625,
        "longitude": 1.4410452560393368,
        "manual_surge": 0,
        "available": true,
        "status": "active"
      }
    },
    {
      "type": "Feature",
      "geometry": {
        "type": "Polygon",
        "coordinates": [
          [
            [
              1.4246443616899926,
              43.623786245116456
            ],
            [
              1.4187883553657807,
              43.62238935121717
            ],
            [
              1.4176190963952564,
              43.617693187453554
            ],
            [
              1.4223052723223257,
              43.61439423717436
            ],
            [
              1.4281604455158299,
              43.6157912099737
            ],
            [
              1.4293302758350745,
              43.62048705414621
            ],
            [
              1.4246443616899926,
              43.623786245116456
            ]
          ]
        ]
      },
      "properties": {
        "uuid": "0153465c-5a96-4977-babd-88c1f305b964",
        "h3_index": "8839601a17fffff",
        "city_code": "31555",
        "city_name": "Toulouse",
        "latitude": 43.61909031623233,
        "longitude": 1.4234747428778887,
        "manual_surge": 0,
        "available": true,
        "status": "active"
      }
    },
    {
      "type": "Feature",
      "geometry": {
        "type": "Polygon",
        "coordinates": [
          [
            [
              1.382482840131438,
              43.60930220534892
            ],
            [
              1.376626402304165,
              43.60790233988178
            ],
            [
              1.375459811245819,
              43.60320438285417
            ],
            [
              1.380149085825017,
              43.599906610631926
            ],
            [
              1.386004690932809,
              43.60130655438835
            ],
            [
              1.3871718541030749,
              43.6060041920717
            ],
            [
              1.382482840131438,
              43.60930220534892
            ]
          ]
        ]
      },
      "properties": {
        "uuid": "0f69bd1e-f0d4-4bb1-a43c-b8ae38007c16",
        "h3_index": "8839601a21fffff",
        "city_code": "31555",
        "city_name": "Toulouse",
        "latitude": 43.60460448295906,
        "longitude": 1.3813158890012116,
        "manual_surge": 0,
        "available": true,
        "status": "active"
      }
    },
    {
      "type": "Feature",
      "geometry": {
        "type": "Polygon",
        "coordinates": [
          [
            [
              1.4913575879886443,
              43.58228571760323
            ],
            [
              1.4855078502265207,
              43.58089123706877
            ],
            [
              1.484335488831205,
              43.576196412774095
            ],
            [
              1.4890122960675671,
              43.572896389268806
            ],
            [
              1.4948612016400296,
              43.57429094963822
            ],
            [
              1.4960341320879913,
              43.57898545367213
            ],
            [
              1.4913575879886443,
              43.58228571760323
            ]
          ]
        ]
      },
      "properties": {
        "uuid": "548f82b8-d32b-4a18-a727-813ac65b641e",
        "h3_index": "88396018ddfffff",
        "city_code": "31555",
        "city_name": "Toulouse",
        "latitude": 43.57759112829575,
        "longitude": 1.4901848678024738,
        "manual_surge": 0,
        "available": true,
        "status": "active"
      }
    },
    {
      "type": "Feature",
      "geometry": {
        "type": "Polygon",
        "coordinates": [
          [
            [
              1.3789824305756573,
              43.59520858842942
            ],
            [
              1.3731270728459315,
              43.593808019124026
            ],
            [
              1.371960925450041,
              43.58910961254529
            ],
            [
              1.3766495637488936,
              43.58581209464581
            ],
            [
              1.3825040891106117,
              43.58721274218357
            ],
            [
              1.3836708084637457,
              43.59191082938239
            ],
            [
              1.3789824305756573,
              43.59520858842942
            ]
          ]
        ]
      },
      "properties": {
        "uuid": "55817e2a-ea6e-427c-b28a-e7ca5f034c9e",
        "h3_index": "8839601b1bfffff",
        "city_code": "31555",
        "city_name": "Toulouse",
        "latitude": 43.59051041641341,
        "longitude": 1.3778159232260023,
        "manual_surge": 0,
        "available": true,
        "status": "active"
      }
    },
    {
      "type": "Feature",
      "geometry": {
        "type": "Polygon",
        "coordinates": [
          [
            [
              1.3860448703838475,
              43.557125349021845
            ],
            [
              1.3801930878720783,
              43.555723841437946
            ],
            [
              1.3790271913139116,
              43.5510247926552
            ],
            [
              1.3837125060443176,
              43.54772757104808
            ],
            [
              1.3895634571147721,
              43.54912915694659
            ],
            [
              1.3907299248185012,
              43.55382788613162
            ],
            [
              1.3860448703838475,
              43.557125349021845
            ]
          ]
        ]
      },
      "properties": {
        "uuid": "59edeb7e-16ad-48f8-9a22-1e4bec462780",
        "h3_index": "883960195bfffff",
        "city_code": "31555",
        "city_name": "Toulouse",
        "latitude": 43.55242653466958,
        "longitude": 1.3848786143409435,
        "manual_surge": 0,
        "available": true,
        "status": "active"
      }
    },
    {
      "type": "Feature",
      "geometry": {
        "type": "Polygon",
        "coordinates": [
          [
            [
              1.4773141411001238,
              43.57010609816376
            ],
            [
              1.471464891942234,
              43.5687103673826
            ],
            [
              1.4702935448856642,
              43.56401477397864
            ],
            [
              1.4749708777254713,
              43.56071523156128
            ],
            [
              1.4808192950096373,
              43.562111041970375
            ],
            [
              1.4819912112499618,
              43.56680631516306
            ],
            [
              1.4773141411001238,
              43.57010609816376
            ]
          ]
        ]
      },
      "properties": {
        "uuid": "dac0883a-0279-454e-b781-614a438f5f66",
        "h3_index": "88396018c7fffff",
        "city_code": "31555",
        "city_name": "Toulouse",
        "latitude": 43.565410739635446,
        "longitude": 1.476142435253431,
        "manual_surge": 0,
        "available": true,
        "status": "active"
      }
    },
    {
      "type": "Feature",
      "geometry": {
        "type": "Polygon",
        "coordinates": [
          [
            [
              1.414123127331293,
              43.58151748409422
            ],
            [
              1.4082703581669753,
              43.58011847717799
            ],
            [
              1.407102432172659,
              43.57542096430055
            ],
            [
              1.4117867043783516,
              43.57212277803165
            ],
            [
              1.4176386414657398,
              43.57352186367687
            ],
            [
              1.418807138346623,
              43.57821905685605
            ],
            [
              1.414123127331293,
              43.58151748409422
            ]
          ]
        ]
      },
      "properties": {
        "uuid": "6f3db06f-ae3f-4cfa-aa53-1c6c091cb61c",
        "h3_index": "8839601809fffff",
        "city_code": "31555",
        "city_name": "Toulouse",
        "latitude": 43.57682020587152,
        "longitude": 1.4129548418489033,
        "manual_surge": 0,
        "available": true,
        "status": "active"
      }
    },
    {
      "type": "Feature",
      "geometry": {
        "type": "Polygon",
        "coordinates": [
          [
            [
              1.410618714892502,
              43.56742520063651
            ],
            [
              1.4047670240746866,
              43.56602548983111
            ],
            [
              1.4035995419167415,
              43.56132752836296
            ],
            [
              1.4082831797663273,
              43.55802959742811
            ],
            [
              1.4141340388580825,
              43.55942938690528
            ],
            [
              1.4153020917486236,
              43.56412702863958
            ],
            [
              1.410618714892502,
              43.56742520063651
            ]
          ]
        ]
      },
      "properties": {
        "uuid": "f8bc7403-f5f5-4471-9b48-160cdf7e3840",
        "h3_index": "8839601805fffff",
        "city_code": "31555",
        "city_name": "Toulouse",
        "latitude": 43.562727473748026,
        "longitude": 1.4094508733642241,
        "manual_surge": 0,
        "available": true,
        "status": "active"
      }
    },
    {
      "type": "Feature",
      "geometry": {
        "type": "Polygon",
        "coordinates": [
          [
            [
              1.3930633036096962,
              43.56322489655681
            ],
            [
              1.3872112742001437,
              43.5618240140429
            ],
            [
              1.3860448703838475,
              43.557125349021845
            ],
            [
              1.3907299248185012,
              43.55382788613162
            ],
            [
              1.3965811226277716,
              43.555228847063766
            ],
            [
              1.3977480975249919,
              43.5599271924619
            ],
            [
              1.3930633036096962,
              43.56322489655681
            ]
          ]
        ]
      },
      "properties": {
        "uuid": "d32b2683-aa80-40ab-8762-cbe47ff2de90",
        "h3_index": "8839601867fffff",
        "city_code": "31555",
        "city_name": "Toulouse",
        "latitude": 43.55852646602235,
        "longitude": 1.3918965403077659,
        "manual_surge": 0,
        "available": true,
        "status": "active"
      }
    },
    {
      "type": "Feature",
      "geometry": {
        "type": "Polygon",
        "coordinates": [
          [
            [
              1.4316651894746495,
              43.65195866131063
            ],
            [
              1.4258070232753417,
              43.65056317721145
            ],
            [
              1.4246368744296716,
              43.64586791563883
            ],
            [
              1.4293243200482786,
              43.64256845767878
            ],
            [
              1.4351816524133112,
              43.64396402079156
            ],
            [
              1.4363523729160088,
              43.64865896284481
            ],
            [
              1.4316651894746495,
              43.65195866131063
            ]
          ]
        ]
      },
      "properties": {
        "uuid": "0044e024-daaf-46fe-921d-8848254e6e8b",
        "h3_index": "8839601121fffff",
        "city_code": "31555",
        "city_name": "Toulouse",
        "latitude": 43.64726363476694,
        "longitude": 1.4304946805514724,
        "manual_surge": 0,
        "available": true,
        "status": "active"
      }
    },
    {
      "type": "Feature",
      "geometry": {
        "type": "Polygon",
        "coordinates": [
          [
            [
              1.4457252829854224,
              43.61997978359488
            ],
            [
              1.4398704509663485,
              43.61858398316123
            ],
            [
              1.4387000495827187,
              43.61388845866549
            ],
            [
              1.4433839093602943,
              43.61058905435982
            ],
            [
              1.449237908316136,
              43.61198493399357
            ],
            [
              1.4504088804797552,
              43.61668013872695
            ],
            [
              1.4457252829854224,
              43.61997978359488
            ]
          ]
        ]
      },
      "properties": {
        "uuid": "1752e67b-e421-42b9-b05e-e01ec70018b1",
        "h3_index": "8839601aebfffff",
        "city_code": "31555",
        "city_name": "Toulouse",
        "latitude": 43.61528449405233,
        "longitude": 1.444554521993281,
        "manual_surge": 0,
        "available": true,
        "status": "active"
      }
    },
    {
      "type": "Feature",
      "geometry": {
        "type": "Polygon",
        "coordinates": [
          [
            [
              1.4035564590346052,
              43.62758960988108
            ],
            [
              1.3976992795350995,
              43.62619162175807
            ],
            [
              1.39653116411513,
              43.62149481906952
            ],
            [
              1.4012196561993135,
              43.618196323917545
            ],
            [
              1.4070760025013642,
              43.61959439064038
            ],
            [
              1.408244689838801,
              43.62429087390937
            ],
            [
              1.4035564590346052,
              43.62758960988108
            ]
          ]
        ]
      },
      "properties": {
        "uuid": "4a11cb2a-9f39-4c34-94f7-83536f44dbe0",
        "h3_index": "8839601a03fffff",
        "city_code": "31555",
        "city_name": "Toulouse",
        "latitude": 43.622893041998175,
        "longitude": 1.4023879835401312,
        "manual_surge": 0,
        "available": true,
        "status": "active"
      }
    },
    {
      "type": "Feature",
      "geometry": {
        "type": "Polygon",
        "coordinates": [
          [
            [
              1.4632737002779252,
              43.557922440425266
            ],
            [
              1.457424940351627,
              43.55652545965295
            ],
            [
              1.456254607366955,
              43.551829097710396
            ],
            [
              1.46093246491642,
              43.548530036695915
            ],
            [
              1.466780393285116,
              43.549927096889036
            ],
            [
              1.4679512955842768,
              43.554623138669974
            ],
            [
              1.4632737002779252,
              43.557922440425266
            ]
          ]
        ]
      },
      "properties": {
        "uuid": "3c800d77-a8e7-4427-9096-3f5b83a777b6",
        "h3_index": "88396018e1fffff",
        "city_code": "31555",
        "city_name": "Toulouse",
        "latitude": 43.55322631324665,
        "longitude": 1.462103008504065,
        "manual_surge": 0,
        "available": true,
        "status": "active"
      }
    },
    {
      "type": "Feature",
      "geometry": {
        "type": "Polygon",
        "coordinates": [
          [
            [
              1.4667866649885906,
              43.57200992510966
            ],
            [
              1.4609368284600697,
              43.57061364877914
            ],
            [
              1.4597660508710146,
              43.565917735249215
            ],
            [
              1.4644445402651853,
              43.562618418169905
            ],
            [
              1.4702935448856642,
              43.56401477397864
            ],
            [
              1.471464891942234,
              43.5687103673826
            ],
            [
              1.4667866649885906,
              43.57200992510966
            ]
          ]
        ]
      },
      "properties": {
        "uuid": "1ef5df94-34ce-4e80-9a11-d328ec17b3be",
        "h3_index": "88396018c5fffff",
        "city_code": "31555",
        "city_name": "Toulouse",
        "latitude": 43.567314246418654,
        "longitude": 1.4656155284930135,
        "manual_surge": 0,
        "available": true,
        "status": "active"
      }
    },
    {
      "type": "Feature",
      "geometry": {
        "type": "Polygon",
        "coordinates": [
          [
            [
              1.375436254992165,
              43.6252933497959
            ],
            [
              1.369578151149324,
              43.62389364076728
            ],
            [
              1.3684116887349145,
              43.61919581462517
            ],
            [
              1.3731027575345447,
              43.615898016728174
            ],
            [
              1.378960028273484,
              43.61729780395269
            ],
            [
              1.3801270632388094,
              43.621995310872265
            ],
            [
              1.375436254992165,
              43.6252933497959
            ]
          ]
        ]
      },
      "properties": {
        "uuid": "b86ecafa-0403-4084-887a-e167deba06b2",
        "h3_index": "8839601a63fffff",
        "city_code": "31555",
        "city_name": "Toulouse",
        "latitude": 43.62059575832942,
        "longitude": 1.374269432271395,
        "manual_surge": 0,
        "available": true,
        "status": "active"
      }
    },
    {
      "type": "Feature",
      "geometry": {
        "type": "Polygon",
        "coordinates": [
          [
            [
              1.4035708293751048,
              43.605504040115704
            ],
            [
              1.3977155628269107,
              43.604105269107684
            ],
            [
              1.3965478278288055,
              43.59940795085455
            ],
            [
              1.4012347877573494,
              43.59610972311954
            ],
            [
              1.4070892216520368,
              43.5975085727171
            ],
            [
              1.4082575281938654,
              43.60220557145415
            ],
            [
              1.4035708293751048,
              43.605504040115704
            ]
          ]
        ]
      },
      "properties": {
        "uuid": "485960e0-78f1-4e73-b47b-d7871efb1fcb",
        "h3_index": "8839601a35fffff",
        "city_code": "31555",
        "city_name": "Toulouse",
        "latitude": 43.60080695657435,
        "longitude": 1.402402734537726,
        "manual_surge": 0,
        "available": true,
        "status": "active"
      }
    },
    {
      "type": "Feature",
      "geometry": {
        "type": "Polygon",
        "coordinates": [
          [
            [
              1.424666794153315,
              43.557530472647485
            ],
            [
              1.4188165206434853,
              43.556131229405224
            ],
            [
              1.4176484044350182,
              43.55143352351032
            ],
            [
              1.4223299914284109,
              43.548135380731956
            ],
            [
              1.4281794334375515,
              43.54953470284217
            ],
            [
              1.4293481198763256,
              43.5542320888569
            ],
            [
              1.424666794153315,
              43.557530472647485
            ]
          ]
        ]
      },
      "properties": {
        "uuid": "ab14162c-574e-4f09-8d7b-37e54e722070",
        "h3_index": "883960183dfffff",
        "city_code": "31555",
        "city_name": "Toulouse",
        "latitude": 43.55283300135009,
        "longitude": 1.4234983188075703,
        "manual_surge": 0,
        "available": true,
        "status": "active"
      }
    },
    {
      "type": "Feature",
      "geometry": {
        "type": "Polygon",
        "coordinates": [
          [
            [
              1.417628872121237,
              43.59560842044036
            ],
            [
              1.4117750242571208,
              43.59421011763837
            ],
            [
              1.4106066541820395,
              43.58951305390878
            ],
            [
              1.4152915608527026,
              43.586214612637846
            ],
            [
              1.4211445762888357,
              43.58761299422595
            ],
            [
              1.422313517404502,
              43.59230973829292
            ],
            [
              1.417628872121237,
              43.59560842044036
            ]
          ]
        ]
      },
      "properties": {
        "uuid": "7e7c2d2a-7343-4117-a741-4516fd29c349",
        "h3_index": "883960185dfffff",
        "city_code": "31555",
        "city_name": "Toulouse",
        "latitude": 43.590911591440516,
        "longitude": 1.4164601424402807,
        "manual_surge": 0,
        "available": true,
        "status": "active"
      }
    },
    {
      "type": "Feature",
      "geometry": {
        "type": "Polygon",
        "coordinates": [
          [
            [
              1.4738165991072951,
              43.60018085307947
            ],
            [
              1.467964608318156,
              43.59878598630677
            ],
            [
              1.4667929407863394,
              43.594090971272294
            ],
            [
              1.471472694192051,
              43.59079114305912
            ],
            [
              1.4773238523716516,
              43.592186089424544
            ],
            [
              1.4784960896772255,
              43.596880784404526
            ],
            [
              1.4738165991072951,
              43.60018085307947
            ]
          ]
        ]
      },
      "properties": {
        "uuid": "cd64e1e3-f98d-4e18-bcbd-92f26129d42b",
        "h3_index": "8839601abdfffff",
        "city_code": "31555",
        "city_name": "Toulouse",
        "latitude": 43.59548607303366,
        "longitude": 1.472644572434203,
        "manual_surge": 0,
        "available": true,
        "status": "active"
      }
    },
    {
      "type": "Feature",
      "geometry": {
        "type": "Polygon",
        "coordinates": [
          [
            [
              1.3895255810442129,
              43.593310851474726
            ],
            [
              1.3836708084637457,
              43.59191082938239
            ],
            [
              1.3825040891106117,
              43.58721274218357
            ],
            [
              1.387191570586859,
              43.583914996536926
            ],
            [
              1.3930455108321134,
              43.58531509701174
            ],
            [
              1.3942128018585815,
              43.5900128647447
            ],
            [
              1.3895255810442129,
              43.593310851474726
            ]
          ]
        ]
      },
      "properties": {
        "uuid": "1115b8ac-d9c5-422f-bcc0-1083d641f099",
        "h3_index": "883960184dfffff",
        "city_code": "31555",
        "city_name": "Toulouse",
        "latitude": 43.588612998875696,
        "longitude": 1.3883585018535163,
        "manual_surge": 0,
        "available": true,
        "status": "active"
      }
    },
    {
      "type": "Feature",
      "geometry": {
        "type": "Polygon",
        "coordinates": [
          [
            [
              1.4597660508710146,
              43.565917735249215
            ],
            [
              1.4539164591948466,
              43.564520833851574
            ],
            [
              1.4527461887404358,
              43.55982453600582
            ],
            [
              1.457424940351627,
              43.55652545965295
            ],
            [
              1.4632737002779252,
              43.557922440425266
            ],
            [
              1.4644445402651853,
              43.562618418169905
            ],
            [
              1.4597660508710146,
              43.565917735249215
            ]
          ]
        ]
      },
      "properties": {
        "uuid": "8d9b5c32-a0d2-4384-adce-7544d45165f3",
        "h3_index": "88396018e9fffff",
        "city_code": "31555",
        "city_name": "Toulouse",
        "latitude": 43.56122167218653,
        "longitude": 1.4585954215106005,
        "manual_surge": 0,
        "available": true,
        "status": "active"
      }
    },
    {
      "type": "Feature",
      "geometry": {
        "type": "Polygon",
        "coordinates": [
          [
            [
              1.424659321547034,
              43.57961751727671
            ],
            [
              1.418807138346623,
              43.57821905685605
            ],
            [
              1.4176386414657398,
              43.57352186367687
            ],
            [
              1.42232175710476,
              43.57022345069638
            ],
            [
              1.4281731082616627,
              43.57162198999596
            ],
            [
              1.4293421757453115,
              43.57631886339118
            ],
            [
              1.424659321547034,
              43.57961751727671
            ]
          ]
        ]
      },
      "properties": {
        "uuid": "bedcc099-03ce-4468-9bd2-79c87bdb17a9",
        "h3_index": "883960180bfffff",
        "city_code": "31555",
        "city_name": "Toulouse",
        "latitude": 43.57492055878919,
        "longitude": 1.4234904652943234,
        "manual_surge": 0,
        "available": true,
        "status": "active"
      }
    },
    {
      "type": "Feature",
      "geometry": {
        "type": "Polygon",
        "coordinates": [
          [
            [
              1.5018832815692122,
              43.580379388926076
            ],
            [
              1.4960341320879913,
              43.57898545367213
            ],
            [
              1.4948612016400296,
              43.57429094963822
            ],
            [
              1.499536851826806,
              43.57099070119834
            ],
            [
              1.505385169153145,
              43.572384716436915
            ],
            [
              1.5065586683697993,
              43.57707890012492
            ],
            [
              1.5018832815692122,
              43.580379388926076
            ]
          ]
        ]
      },
      "properties": {
        "uuid": "1d545bea-1cc5-4e7a-975f-65b45dc1fa33",
        "h3_index": "88396018d1fffff",
        "city_code": "31555",
        "city_name": "Toulouse",
        "latitude": 43.57568511991598,
        "longitude": 1.5007099924469407,
        "manual_surge": 0,
        "available": true,
        "status": "active"
      }
    },
    {
      "type": "Feature",
      "geometry": {
        "type": "Polygon",
        "coordinates": [
          [
            [
              1.364913189050218,
              43.60510143578764
            ],
            [
              1.3590564138618215,
              43.603700397115624
            ],
            [
              1.3578909032496465,
              43.59900173636102
            ],
            [
              1.3625815952874676,
              43.595704433505375
            ],
            [
              1.3684375378832616,
              43.59710555021293
            ],
            [
              1.369603620956012,
              43.60180389173453
            ],
            [
              1.364913189050218,
              43.60510143578764
            ]
          ]
        ]
      },
      "properties": {
        "uuid": "9e276638-eeb1-406f-b4cd-7c95065cc130",
        "h3_index": "8839601b53fffff",
        "city_code": "31555",
        "city_name": "Toulouse",
        "latitude": 43.60040300957764,
        "longitude": 1.3637473182509214,
        "manual_surge": 0,
        "available": true,
        "status": "active"
      }
    },
    {
      "type": "Feature",
      "geometry": {
        "type": "Polygon",
        "coordinates": [
          [
            [
              1.4351897352424834,
              43.59980098467529
            ],
            [
              1.4293362277328219,
              43.598403853936176
            ],
            [
              1.4281667789557793,
              43.59370749448863
            ],
            [
              1.4328502669190954,
              43.5904085855475
            ],
            [
              1.438702941875533,
              43.59180579532621
            ],
            [
              1.4398729613440535,
              43.596501835000524
            ],
            [
              1.4351897352424834,
              43.59980098467529
            ]
          ]
        ]
      },
      "properties": {
        "uuid": "218dba85-e2c7-4479-bd92-7480e565d25d",
        "h3_index": "883960185bfffff",
        "city_code": "31555",
        "city_name": "Toulouse",
        "latitude": 43.59510486005028,
        "longitude": 1.434019926975249,
        "manual_surge": 0,
        "available": true,
        "status": "active"
      }
    },
    {
      "type": "Feature",
      "geometry": {
        "type": "Polygon",
        "coordinates": [
          [
            [
              1.4140903499656234,
              43.64777103567871
            ],
            [
              1.4082318430935448,
              43.6463743781996
            ],
            [
              1.4070627747122162,
              43.64167841172553
            ],
            [
              1.4117516411180715,
              43.63837942213325
            ],
            [
              1.417609314281504,
              43.639776158372364
            ],
            [
              1.4187789546697624,
              43.64447180543774
            ],
            [
              1.4140903499656234,
              43.64777103567871
            ]
          ]
        ]
      },
      "properties": {
        "uuid": "123f563c-af64-4660-9731-2bb3cd476fd3",
        "h3_index": "8839601a53fffff",
        "city_code": "31555",
        "city_name": "Toulouse",
        "latitude": 43.64307530414088,
        "longitude": 1.4129209213908887,
        "manual_surge": 0,
        "available": true,
        "status": "active"
      }
    },
    {
      "type": "Feature",
      "geometry": {
        "type": "Polygon",
        "coordinates": [
          [
            [
              1.4105704247528363,
              43.65576585956606
            ],
            [
              1.4047110839794335,
              43.65436928080019
            ],
            [
              1.4035420793020548,
              43.64967338044604
            ],
            [
              1.4082318430935448,
              43.6463743781996
            ],
            [
              1.4140903499656234,
              43.64777103567871
            ],
            [
              1.4152599268695112,
              43.65246661668499
            ],
            [
              1.4105704247528363,
              43.65576585956606
            ]
          ]
        ]
      },
      "properties": {
        "uuid": "0dff7987-7145-4846-8dc1-5750b4663421",
        "h3_index": "8839601a5bfffff",
        "city_code": "31555",
        "city_name": "Toulouse",
        "latitude": 43.65107019416704,
        "longitude": 1.4094010597646858,
        "manual_surge": 0,
        "available": true,
        "status": "active"
      }
    },
    {
      "type": "Feature",
      "geometry": {
        "type": "Polygon",
        "coordinates": [
          [
            [
              1.4386942593264758,
              43.65804839518158
            ],
            [
              1.4328358468449969,
              43.65665353724814
            ],
            [
              1.4316651894746495,
              43.65195866131063
            ],
            [
              1.4363523729160088,
              43.64865896284481
            ],
            [
              1.4422099514041469,
              43.650053899895276
            ],
            [
              1.4433811803662218,
              43.65474845628855
            ],
            [
              1.4386942593264758,
              43.65804839518158
            ]
          ]
        ]
      },
      "properties": {
        "uuid": "4d21f9cf-880d-4946-911a-4e1cbd44fcd4",
        "h3_index": "883960112bfffff",
        "city_code": "31555",
        "city_name": "Toulouse",
        "latitude": 43.65335375432873,
        "longitude": 1.437523241877979,
        "manual_surge": 0,
        "available": true,
        "status": "active"
      }
    },
    {
      "type": "Feature",
      "geometry": {
        "type": "Polygon",
        "coordinates": [
          [
            [
              1.5088861015986577,
              43.56438999538002
            ],
            [
              1.5030386162345193,
              43.56299590011072
            ],
            [
              1.5018655624781445,
              43.55830126759621
            ],
            [
              1.5065394256757882,
              43.555001050811875
            ],
            [
              1.5123860792703279,
              43.55639522615794
            ],
            [
              1.513559701359055,
              43.56108953820574
            ],
            [
              1.5088861015986577,
              43.56438999538002
            ]
          ]
        ]
      },
      "properties": {
        "uuid": "9670fd98-92e2-478d-9aa9-4a8f90b71456",
        "h3_index": "883960189dfffff",
        "city_code": "31555",
        "city_name": "Toulouse",
        "latitude": 43.559695597851025,
        "longitude": 1.5077126894015531,
        "manual_surge": 0,
        "available": true,
        "status": "active"
      }
    },
    {
      "type": "Feature",
      "geometry": {
        "type": "Polygon",
        "coordinates": [
          [
            [
              1.417599525773787,
              43.661857326855916
            ],
            [
              1.4117399380852633,
              43.66046137433489
            ],
            [
              1.4105704247528363,
              43.65576585956606
            ],
            [
              1.4152599268695112,
              43.65246661668499
            ],
            [
              1.4211186804973202,
              43.65386264802264
            ],
            [
              1.4222887659911279,
              43.6585578434187
            ],
            [
              1.417599525773787,
              43.661857326855916
            ]
          ]
        ]
      },
      "properties": {
        "uuid": "e110586f-8901-4bff-b8d2-62ae406eb8b0",
        "h3_index": "8839601167fffff",
        "city_code": "31555",
        "city_name": "Toulouse",
        "latitude": 43.65716204709797,
        "longitude": 1.416429652129812,
        "manual_surge": 0,
        "available": true,
        "status": "active"
      }
    },
    {
      "type": "Feature",
      "geometry": {
        "type": "Polygon",
        "coordinates": [
          [
            [
              1.4562659678183825,
              43.6401539085353
            ],
            [
              1.4504098110901893,
              43.63875943902992
            ],
            [
              1.4492384563890865,
              43.63406475070496
            ],
            [
              1.4539226874698665,
              43.630764851630715
            ],
            [
              1.4597780106245586,
              43.632159400496526
            ],
            [
              1.46094993619401,
              43.63685376907021
            ],
            [
              1.4562659678183825,
              43.6401539085353
            ]
          ]
        ]
      },
      "properties": {
        "uuid": "81af888d-9085-4408-9f93-fca47f56c0a2",
        "h3_index": "8839601acbfffff",
        "city_code": "31555",
        "city_name": "Toulouse",
        "latitude": 43.63545945529397,
        "longitude": 1.4550942533904576,
        "manual_surge": 0,
        "available": true,
        "status": "active"
      }
    },
    {
      "type": "Feature",
      "geometry": {
        "type": "Polygon",
        "coordinates": [
          [
            [
              1.4211445762888357,
              43.58761299422595
            ],
            [
              1.4152915608527026,
              43.586214612637846
            ],
            [
              1.414123127331293,
              43.58151748409422
            ],
            [
              1.418807138346623,
              43.57821905685605
            ],
            [
              1.424659321547034,
              43.57961751727671
            ],
            [
              1.4258283258900601,
              43.58431432609703
            ],
            [
              1.4211445762888357,
              43.58761299422595
            ]
          ]
        ]
      },
      "properties": {
        "uuid": "2878587f-9016-4d92-8819-53bb9638ae66",
        "h3_index": "8839601855fffff",
        "city_code": "31555",
        "city_name": "Toulouse",
        "latitude": 43.58291610039304,
        "longitude": 1.4199757832785986,
        "manual_surge": 0,
        "available": true,
        "status": "active"
      }
    },
    {
      "type": "Feature",
      "geometry": {
        "type": "Polygon",
        "coordinates": [
          [
            [
              1.4703158178277769,
              43.63025327723674
            ],
            [
              1.4644610828802338,
              43.628859274739995
            ],
            [
              1.46328909479053,
              43.62416484052857
            ],
            [
              1.4679712712057764,
              43.62086472870536
            ],
            [
              1.473825172807005,
              43.62225881075907
            ],
            [
              1.4749977312613816,
              43.62695292507311
            ],
            [
              1.4703158178277769,
              43.63025327723674
            ]
          ]
        ]
      },
      "properties": {
        "uuid": "9a685aa7-893a-4471-b7ba-90dd05d7e59e",
        "h3_index": "8839601ad5fffff",
        "city_code": "31555",
        "city_name": "Toulouse",
        "latitude": 43.625559078126734,
        "longitude": 1.4691434702451522,
        "manual_surge": 0,
        "available": true,
        "status": "active"
      }
    },
    {
      "type": "Feature",
      "geometry": {
        "type": "Polygon",
        "coordinates": [
          [
            [
              1.4773238523716516,
              43.592186089424544
            ],
            [
              1.471472694192051,
              43.59079114305912
            ],
            [
              1.47030096435362,
              43.586096063217624
            ],
            [
              1.4749798230618032,
              43.58279624985069
            ],
            [
              1.4808301488245366,
              43.584191275855126
            ],
            [
              1.4820024482181098,
              43.5888860355816
            ],
            [
              1.4773238523716516,
              43.592186089424544
            ]
          ]
        ]
      },
      "properties": {
        "uuid": "ba3c6ffa-f7f5-4d24-85e0-ea8e3f4ce665",
        "h3_index": "8839601ab5fffff",
        "city_code": "31555",
        "city_name": "Toulouse",
        "latitude": 43.58749124455265,
        "longitude": 1.4761517635089194,
        "manual_surge": 0,
        "available": true,
        "status": "active"
      }
    },
    {
      "type": "Feature",
      "geometry": {
        "type": "Polygon",
        "coordinates": [
          [
            [
              1.438702941875533,
              43.59180579532621
            ],
            [
              1.4328502669190954,
              43.5904085855475
            ],
            [
              1.4316807550468484,
              43.58571216122881
            ],
            [
              1.4363633475806477,
              43.58241326651683
            ],
            [
              1.442215190176256,
              43.58381055538156
            ],
            [
              1.4433852725211112,
              43.588506659866326
            ],
            [
              1.438702941875533,
              43.59180579532621
            ]
          ]
        ]
      },
      "properties": {
        "uuid": "80f5d005-b891-4dd8-8e11-887f0532aa47",
        "h3_index": "8839601853fffff",
        "city_code": "31555",
        "city_name": "Toulouse",
        "latitude": 43.58710960581103,
        "longitude": 1.4375330706301228,
        "manual_surge": 0,
        "available": true,
        "status": "active"
      }
    },
    {
      "type": "Feature",
      "geometry": {
        "type": "Polygon",
        "coordinates": [
          [
            [
              1.41059458559375,
              43.61159911905102
            ],
            [
              1.404739072296721,
              43.61020097368171
            ],
            [
              1.4035708293751048,
              43.605504040115704
            ],
            [
              1.4082575281938654,
              43.60220557145415
            ],
            [
              1.414112208678258,
              43.60360379551653
            ],
            [
              1.4152810230787016,
              43.608300409541414
            ],
            [
              1.41059458559375,
              43.61159911905102
            ]
          ]
        ]
      },
      "properties": {
        "uuid": "ab0f071e-eca8-466a-973a-82d6b57de805",
        "h3_index": "8839601a31fffff",
        "city_code": "31555",
        "city_name": "Toulouse",
        "latitude": 43.60690242025274,
        "longitude": 1.4094259828320492,
        "manual_surge": 0,
        "available": true,
        "status": "active"
      }
    },
    {
      "type": "Feature",
      "geometry": {
        "type": "Polygon",
        "coordinates": [
          [
            [
              1.4843715230508907,
              43.642427116504884
            ],
            [
              1.4785162982281803,
              43.64103436575096
            ],
            [
              1.4773432939446942,
              43.636340702630775
            ],
            [
              1.4820249441725555,
              43.63304011020539
            ],
            [
              1.4878793353319966,
              43.634432940723094
            ],
            [
              1.4890529098488523,
              43.6391262838965
            ],
            [
              1.4843715230508907,
              43.642427116504884
            ]
          ]
        ]
      },
      "properties": {
        "uuid": "5b04c4ba-b5d8-4274-9b5a-93067b969867",
        "h3_index": "8839601adbfffff",
        "city_code": "31555",
        "city_name": "Toulouse",
        "latitude": 43.63773368859741,
        "longitude": 1.4831981592736347,
        "manual_surge": 0,
        "available": true,
        "status": "active"
      }
    },
    {
      "type": "Feature",
      "geometry": {
        "type": "Polygon",
        "coordinates": [
          [
            [
              1.4527529660057326,
              43.64814836424181
            ],
            [
              1.4468959755111501,
              43.646753974050256
            ],
            [
              1.4457246836361513,
              43.642059351602015
            ],
            [
              1.4504098110901893,
              43.63875943902992
            ],
            [
              1.4562659678183825,
              43.6401539085353
            ],
            [
              1.4574378307809464,
              43.64484821129298
            ],
            [
              1.4527529660057326,
              43.64814836424181
            ]
          ]
        ]
      },
      "properties": {
        "uuid": "87576f49-1096-4b01-8d3a-e4228b5ac33d",
        "h3_index": "8839601135fffff",
        "city_code": "31555",
        "city_name": "Toulouse",
        "latitude": 43.64345397689612,
        "longitude": 1.4515813142866638,
        "manual_surge": 0,
        "available": true,
        "status": "active"
      }
    },
    {
      "type": "Feature",
      "geometry": {
        "type": "Polygon",
        "coordinates": [
          [
            [
              1.4527478813978059,
              43.581908177148314
            ],
            [
              1.4468966256449007,
              43.580511434361355
            ],
            [
              1.4457264805103431,
              43.57581526524451
            ],
            [
              1.4504070210810014,
              43.572516158888746
            ],
            [
              1.4562574446993708,
              43.57391298095791
            ],
            [
              1.4574281598038499,
              43.57860883009473
            ],
            [
              1.4527478813978059,
              43.581908177148314
            ]
          ]
        ]
      },
      "properties": {
        "uuid": "a84ca279-324b-40ba-9346-55ece7f5b201",
        "h3_index": "883960181bfffff",
        "city_code": "31555",
        "city_name": "Toulouse",
        "latitude": 43.577212242852724,
        "longitude": 1.4515773771234548,
        "manual_surge": 0,
        "available": true,
        "status": "active"
      }
    },
    {
      "type": "Feature",
      "geometry": {
        "type": "Polygon",
        "coordinates": [
          [
            [
              1.456254607366955,
              43.551829097710396
            ],
            [
              1.4504060922915207,
              43.55043149203861
            ],
            [
              1.449236266242683,
              43.54573474604096
            ],
            [
              1.4539143858119041,
              43.54243592584595
            ],
            [
              1.4597620694878763,
              43.54383361083499
            ],
            [
              1.46093246491642,
              43.548530036695915
            ],
            [
              1.456254607366955,
              43.551829097710396
            ]
          ]
        ]
      },
      "properties": {
        "uuid": "9d98ab8c-7586-4b6f-b87a-3fb0aa6675c7",
        "h3_index": "88396018e5fffff",
        "city_code": "31555",
        "city_name": "Toulouse",
        "latitude": 43.547132586420766,
        "longitude": 1.4550844225294504,
        "manual_surge": 0,
        "available": true,
        "status": "active"
      }
    },
    {
      "type": "Feature",
      "geometry": {
        "type": "Polygon",
        "coordinates": [
          [
            [
              1.4457264805103431,
              43.57581526524451
            ],
            [
              1.4398754700831813,
              43.574417897247415
            ],
            [
              1.4387058322806088,
              43.56972134372178
            ],
            [
              1.4433866347922824,
              43.56642247814246
            ],
            [
              1.4492368132432873,
              43.56781992531822
            ],
            [
              1.4504070210810014,
              43.572516158888746
            ],
            [
              1.4457264805103431,
              43.57581526524451
            ]
          ]
        ]
      },
      "properties": {
        "uuid": "3a721054-fa12-410e-8b60-8ac674fb1c3d",
        "h3_index": "8839601811fffff",
        "city_code": "31555",
        "city_name": "Toulouse",
        "latitude": 43.57111894648424,
        "longitude": 1.4445564835685178,
        "manual_surge": 0,
        "available": true,
        "status": "active"
      }
    },
    {
      "type": "Feature",
      "geometry": {
        "type": "Polygon",
        "coordinates": [
          [
            [
              1.4773432939446942,
              43.636340702630775
            ],
            [
              1.4714883139809234,
              43.63494732597369
            ],
            [
              1.4703158178277769,
              43.63025327723674
            ],
            [
              1.4749977312613816,
              43.62695292507311
            ],
            [
              1.480851877720351,
              43.628346381390564
            ],
            [
              1.4820249441725555,
              43.63304011020539
            ],
            [
              1.4773432939446942,
              43.636340702630775
            ]
          ]
        ]
      },
      "properties": {
        "uuid": "c9fd9de5-3f71-42fd-8557-4d646b2feb7a",
        "h3_index": "8839601ad1fffff",
        "city_code": "31555",
        "city_name": "Toulouse",
        "latitude": 43.63164688905092,
        "longitude": 1.476170438298191,
        "manual_surge": 0,
        "available": true,
        "status": "active"
      }
    },
    {
      "type": "Feature",
      "geometry": {
        "type": "Polygon",
        "coordinates": [
          [
            [
              1.389506624450955,
              43.615399017489764
            ],
            [
              1.3836499392428583,
              43.61399977773964
            ],
            [
              1.382482840131438,
              43.60930220534892
            ],
            [
              1.3871718541030749,
              43.6060041920717
            ],
            [
              1.3930277064323258,
              43.607403510214645
            ],
            [
              1.3941953775909384,
              43.61210076323597
            ],
            [
              1.389506624450955,
              43.615399017489764
            ]
          ]
        ]
      },
      "properties": {
        "uuid": "685c2496-fba4-4ae3-aaf3-f28fd5906a3e",
        "h3_index": "8839601a2bfffff",
        "city_code": "31555",
        "city_name": "Toulouse",
        "latitude": 43.610701679792804,
        "longitude": 1.388339165266732,
        "manual_surge": 0,
        "available": true,
        "status": "active"
      }
    },
    {
      "type": "Feature",
      "geometry": {
        "type": "Polygon",
        "coordinates": [
          [
            [
              1.4140794098919978,
              43.6698519517352
            ],
            [
              1.4082189879499003,
              43.668456077983976
            ],
            [
              1.4070495382761068,
              43.663760629630886
            ],
            [
              1.4117399380852633,
              43.66046137433489
            ],
            [
              1.417599525773787,
              43.661857326855916
            ],
            [
              1.4187695478286548,
              43.666552455897076
            ],
            [
              1.4140794098919978,
              43.6698519517352
            ]
          ]
        ]
      },
      "properties": {
        "uuid": "450634f8-df0e-4af8-a98b-b1d0ebe708e6",
        "h3_index": "8839601161fffff",
        "city_code": "31555",
        "city_name": "Toulouse",
        "latitude": 43.66515673841185,
        "longitude": 1.4129095997892271,
        "manual_surge": 0,
        "available": true,
        "status": "active"
      }
    },
    {
      "type": "Feature",
      "geometry": {
        "type": "Polygon",
        "coordinates": [
          [
            [
              1.4176190963952564,
              43.617693187453554
            ],
            [
              1.4117633365061908,
              43.61629566778719
            ],
            [
              1.41059458559375,
              43.61159911905102
            ],
            [
              1.4152810230787016,
              43.608300409541414
            ],
            [
              1.4211359499960778,
              43.60969800800436
            ],
            [
              1.4223052723223257,
              43.61439423717436
            ],
            [
              1.4176190963952564,
              43.617693187453554
            ]
          ]
        ]
      },
      "properties": {
        "uuid": "507a3b4d-66a2-480c-9b71-670042358899",
        "h3_index": "8839601a3bfffff",
        "city_code": "31555",
        "city_name": "Toulouse",
        "latitude": 43.61299687354103,
        "longitude": 1.416449985641955,
        "manual_surge": 0,
        "available": true,
        "status": "active"
      }
    },
    {
      "type": "Feature",
      "geometry": {
        "type": "Polygon",
        "coordinates": [
          [
            [
              1.4457258819433516,
              43.59789841936205
            ],
            [
              1.4398729613440535,
              43.596501835000524
            ],
            [
              1.438702941875533,
              43.59180579532621
            ],
            [
              1.4433852725211112,
              43.588506659866326
            ],
            [
              1.4492373606009852,
              43.589903323417396
            ],
            [
              1.450407950476896,
              43.59459904323289
            ],
            [
              1.4457258819433516,
              43.59789841936205
            ]
          ]
        ]
      },
      "properties": {
        "uuid": "1e084b4a-78b6-43d1-9dba-1d53aa778794",
        "h3_index": "8839601aadfffff",
        "city_code": "31555",
        "city_name": "Toulouse",
        "latitude": 43.59320261454712,
        "longitude": 1.4445555031010857,
        "manual_surge": 0,
        "available": true,
        "status": "active"
      }
    },
    {
      "type": "Feature",
      "geometry": {
        "type": "Polygon",
        "coordinates": [
          [
            [
              1.4070760025013642,
              43.61959439064038
            ],
            [
              1.4012196561993135,
              43.618196323917545
            ],
            [
              1.4000514769849772,
              43.61349945570103
            ],
            [
              1.404739072296721,
              43.61020097368171
            ],
            [
              1.41059458559375,
              43.61159911905102
            ],
            [
              1.4117633365061908,
              43.61629566778719
            ],
            [
              1.4070760025013642,
              43.61959439064038
            ]
          ]
        ]
      },
      "properties": {
        "uuid": "9e6c8a57-1faa-4ead-9108-314d8cfe37af",
        "h3_index": "8839601a39fffff",
        "city_code": "31555",
        "city_name": "Toulouse",
        "latitude": 43.61489775721055,
        "longitude": 1.4059074633297526,
        "manual_surge": 0,
        "available": true,
        "status": "active"
      }
    },
    {
      "type": "Feature",
      "geometry": {
        "type": "Polygon",
        "coordinates": [
          [
            [
              1.3965811226277716,
              43.555228847063766
            ],
            [
              1.3907299248185012,
              43.55382788613162
            ],
            [
              1.3895634571147721,
              43.54912915694659
            ],
            [
              1.3942476162805932,
              43.54583170837132
            ],
            [
              1.4000979826814168,
              43.54723274776803
            ],
            [
              1.4012650212472255,
              43.551931157269465
            ],
            [
              1.3965811226277716,
              43.555228847063766
            ]
          ]
        ]
      },
      "properties": {
        "uuid": "ed762ddd-1a1c-4aa1-9720-1f9574b782c0",
        "h3_index": "883960182dfffff",
        "city_code": "31555",
        "city_name": "Toulouse",
        "latitude": 43.550530352346236,
        "longitude": 1.395414295555335,
        "manual_surge": 0,
        "available": true,
        "status": "active"
      }
    },
    {
      "type": "Feature",
      "geometry": {
        "type": "Polygon",
        "coordinates": [
          [
            [
              1.4808301488245366,
              43.584191275855126
            ],
            [
              1.4749798230618032,
              43.58279624985069
            ],
            [
              1.4738080310031383,
              43.57810110538048
            ],
            [
              1.478485995292734,
              43.574801307084385
            ],
            [
              1.484335488831205,
              43.576196412774095
            ],
            [
              1.4855078502265207,
              43.58089123706877
            ],
            [
              1.4808301488245366,
              43.584191275855126
            ]
          ]
        ]
      },
      "properties": {
        "uuid": "15fc196b-5d55-46ce-a7f7-1b420fd48178",
        "h3_index": "88396018cbfffff",
        "city_code": "31555",
        "city_name": "Toulouse",
        "latitude": 43.579496366335455,
        "longitude": 1.4796579978584876,
        "manual_surge": 0,
        "available": true,
        "status": "active"
      }
    },
    {
      "type": "Feature",
      "geometry": {
        "type": "Polygon",
        "coordinates": [
          [
            [
              1.4632942329999472,
              43.64624205481545
            ],
            [
              1.4574378307809464,
              43.64484821129298
            ],
            [
              1.4562659678183825,
              43.6401539085353
            ],
            [
              1.46094993619401,
              43.63685376907021
            ],
            [
              1.4668055046807902,
              43.63824769205653
            ],
            [
              1.4679779384461704,
              43.64294167503816
            ],
            [
              1.4632942329999472,
              43.64624205481545
            ]
          ]
        ]
      },
      "properties": {
        "uuid": "6eb2545c-32ec-4ad9-ad71-231167631a32",
        "h3_index": "8839601137fffff",
        "city_code": "31555",
        "city_name": "Toulouse",
        "latitude": 43.64154798719708,
        "longitude": 1.462122010310043,
        "manual_surge": 0,
        "available": true,
        "status": "active"
      }
    },
    {
      "type": "Feature",
      "geometry": {
        "type": "Polygon",
        "coordinates": [
          [
            [
              1.4913433009659358,
              43.56020653968828
            ],
            [
              1.485495471298388,
              43.55881127448951
            ],
            [
              1.484323493096539,
              43.5541159372031
            ],
            [
              1.48899877580281,
              43.55081618546655
            ],
            [
              1.4948457738236458,
              43.55221153048897
            ],
            [
              1.4960183207072217,
              43.556906547418464
            ],
            [
              1.4913433009659358,
              43.56020653968828
            ]
          ]
        ]
      },
      "properties": {
        "uuid": "a0e99324-9b55-451f-88ee-e17e159403ab",
        "h3_index": "8839601881fffff",
        "city_code": "31555",
        "city_name": "Toulouse",
        "latitude": 43.555511437295024,
        "longitude": 1.490170964207219,
        "manual_surge": 0,
        "available": true,
        "status": "active"
      }
    },
    {
      "type": "Feature",
      "geometry": {
        "type": "Polygon",
        "coordinates": [
          [
            [
              1.3649401756449673,
              43.583009626943564
            ],
            [
              1.3590853131408303,
              43.58160780673417
            ],
            [
              1.3579201812493842,
              43.57690863183207
            ],
            [
              1.3626093396980228,
              43.573611596462754
            ],
            [
              1.3684633701528917,
              43.575013494697345
            ],
            [
              1.369629074130654,
              43.57971235027001
            ],
            [
              1.3649401756449673,
              43.583009626943564
            ]
          ]
        ]
      },
      "properties": {
        "uuid": "389bbe9f-1fbb-4a65-9006-9c33f716dac7",
        "h3_index": "8839601b15fffff",
        "city_code": "31555",
        "city_name": "Toulouse",
        "latitude": 43.578310686491996,
        "longitude": 1.3637746838017257,
        "manual_surge": 0,
        "available": true,
        "status": "active"
      }
    },
    {
      "type": "Feature",
      "geometry": {
        "type": "Polygon",
        "coordinates": [
          [
            [
              1.4703083886660662,
              43.60817556641706
            ],
            [
              1.4644555650747164,
              43.60678077919075
            ],
            [
              1.4632839599359269,
              43.6020858291416
            ],
            [
              1.467964608318156,
              43.59878598630677
            ],
            [
              1.4738165991072951,
              43.60018085307947
            ],
            [
              1.4749887742385466,
              43.60487548313471
            ],
            [
              1.4703083886660662,
              43.60817556641706
            ]
          ]
        ]
      },
      "properties": {
        "uuid": "48f156fe-db5f-4e31-ae30-89f1898811d4",
        "h3_index": "8839601a87fffff",
        "city_code": "31555",
        "city_name": "Toulouse",
        "latitude": 43.60348085137562,
        "longitude": 1.4691364242690013,
        "manual_surge": 0,
        "available": true,
        "status": "active"
      }
    },
    {
      "type": "Feature",
      "geometry": {
        "type": "Polygon",
        "coordinates": [
          [
            [
              1.4667929407863394,
              43.594090971272294
            ],
            [
              1.4609411948523516,
              43.59269547909766
            ],
            [
              1.45977003485314,
              43.58800007922645
            ],
            [
              1.4644500508708684,
              43.58470049155372
            ],
            [
              1.47030096435362,
              43.586096063217624
            ],
            [
              1.471472694192051,
              43.59079114305912
            ],
            [
              1.4667929407863394,
              43.594090971272294
            ]
          ]
        ]
      },
      "properties": {
        "uuid": "9049daa4-0bf0-41e5-b03f-5a27c891378c",
        "h3_index": "8839601aa3fffff",
        "city_code": "31555",
        "city_name": "Toulouse",
        "latitude": 43.58939580633401,
        "longitude": 1.4656214216463102,
        "manual_surge": 0,
        "available": true,
        "status": "active"
      }
    },
    {
      "type": "Feature",
      "geometry": {
        "type": "Polygon",
        "coordinates": [
          [
            [
              1.431675569911254,
              43.607796123025544
            ],
            [
              1.4258212296559098,
              43.60639907127957
            ],
            [
              1.4246518440608373,
              43.60170277688158
            ],
            [
              1.4293362277328219,
              43.598403853936176
            ],
            [
              1.4351897352424834,
              43.59980098467529
            ],
            [
              1.4363596917480022,
              43.6044969593607
            ],
            [
              1.431675569911254,
              43.607796123025544
            ]
          ]
        ]
      },
      "properties": {
        "uuid": "0076638b-bab1-41e8-9a15-90d1529517ef",
        "h3_index": "8839601ae5fffff",
        "city_code": "31555",
        "city_name": "Toulouse",
        "latitude": 43.6031000634691,
        "longitude": 1.4305058247089197,
        "manual_surge": 0,
        "available": true,
        "status": "active"
      }
    },
    {
      "type": "Feature",
      "geometry": {
        "type": "Polygon",
        "coordinates": [
          [
            [
              1.4106066541820395,
              43.58951305390878
            ],
            [
              1.404753052748658,
              43.58811412567513
            ],
            [
              1.4035851903327679,
              43.58341667749392
            ],
            [
              1.4082703581669753,
              43.58011847717799
            ],
            [
              1.414123127331293,
              43.58151748409422
            ],
            [
              1.4152915608527026,
              43.586214612637846
            ],
            [
              1.4106066541820395,
              43.58951305390878
            ]
          ]
        ]
      },
      "properties": {
        "uuid": "2cb7406f-f869-4c85-82b9-78270dd92c35",
        "h3_index": "8839601843fffff",
        "city_code": "31555",
        "city_name": "Toulouse",
        "latitude": 43.58481584040137,
        "longitude": 1.4094384321610536,
        "manual_surge": 0,
        "available": true,
        "status": "active"
      }
    },
    {
      "type": "Feature",
      "geometry": {
        "type": "Polygon",
        "coordinates": [
          [
            [
              1.466799220682398,
              43.61617022903441
            ],
            [
              1.4609455640960674,
              43.614775521308076
            ],
            [
              1.4597740214368065,
              43.610080636422545
            ],
            [
              1.4644555650747164,
              43.60678077919075
            ],
            [
              1.4703083886660662,
              43.60817556641706
            ],
            [
              1.471480501536608,
              43.6128701313693
            ],
            [
              1.466799220682398,
              43.61617022903441
            ]
          ]
        ]
      },
      "properties": {
        "uuid": "abf0e5c8-6334-491d-a476-52fcc4c063f2",
        "h3_index": "8839601a81fffff",
        "city_code": "31555",
        "city_name": "Toulouse",
        "latitude": 43.61147557917561,
        "longitude": 1.4656273186477982,
        "manual_surge": 0,
        "available": true,
        "status": "active"
      }
    },
    {
      "type": "Feature",
      "geometry": {
        "type": "Polygon",
        "coordinates": [
          [
            [
              1.4000514769849772,
              43.61349945570103
            ],
            [
              1.3941953775909384,
              43.61210076323597
            ],
            [
              1.3930277064323258,
              43.607403510214645
            ],
            [
              1.3977155628269107,
              43.604105269107684
            ],
            [
              1.4035708293751048,
              43.605504040115704
            ],
            [
              1.404739072296721,
              43.61020097368171
            ],
            [
              1.4000514769849772,
              43.61349945570103
            ]
          ]
        ]
      },
      "properties": {
        "uuid": "daf6b884-dcbd-4f3d-8afb-0e92c8c39ccd",
        "h3_index": "8839601a3dfffff",
        "city_code": "31555",
        "city_name": "Toulouse",
        "latitude": 43.60880243741046,
        "longitude": 1.3988834458699033,
        "manual_surge": 0,
        "available": true,
        "status": "active"
      }
    },
    {
      "type": "Feature",
      "geometry": {
        "type": "Polygon",
        "coordinates": [
          [
            [
              1.4141340388580825,
              43.55942938690528
            ],
            [
              1.4082831797663273,
              43.55802959742811
            ],
            [
              1.4071156340717073,
              43.55333157173872
            ],
            [
              1.4117983768773292,
              43.550033655315055
            ],
            [
              1.4176484044350182,
              43.55143352351032
            ],
            [
              1.4188165206434853,
              43.556131229405224
            ],
            [
              1.4141340388580825,
              43.55942938690528
            ]
          ]
        ]
      },
      "properties": {
        "uuid": "8ad9f968-084c-49da-8417-fbadf8e2609e",
        "h3_index": "883960182bfffff",
        "city_code": "31555",
        "city_name": "Toulouse",
        "latitude": 43.554731595776474,
        "longitude": 1.4129661339100437,
        "manual_surge": 0,
        "available": true,
        "status": "active"
      }
    },
    {
      "type": "Feature",
      "geometry": {
        "type": "Polygon",
        "coordinates": [
          [
            [
              1.4738337521077862,
              43.64433497208142
            ],
            [
              1.4679779384461704,
              43.64294167503816
            ],
            [
              1.4668055046807902,
              43.63824769205653
            ],
            [
              1.4714883139809234,
              43.63494732597369
            ],
            [
              1.4773432939446942,
              43.636340702630775
            ],
            [
              1.4785162982281803,
              43.64103436575096
            ],
            [
              1.4738337521077862,
              43.64433497208142
            ]
          ]
        ]
      },
      "properties": {
        "uuid": "a6eb23a2-68c6-4ff5-8f7b-ce1c2c9e934f",
        "h3_index": "8839601ad9fffff",
        "city_code": "31555",
        "city_name": "Toulouse",
        "latitude": 43.63964122427581,
        "longitude": 1.4726609587318238,
        "manual_surge": 0,
        "available": true,
        "status": "active"
      }
    },
    {
      "type": "Feature",
      "geometry": {
        "type": "Polygon",
        "coordinates": [
          [
            [
              1.4422099514041469,
              43.650053899895276
            ],
            [
              1.4363523729160088,
              43.64865896284481
            ],
            [
              1.4351816524133112,
              43.64396402079156
            ],
            [
              1.439867938948457,
              43.640664335387804
            ],
            [
              1.4457246836361513,
              43.642059351602015
            ],
            [
              1.4468959755111501,
              43.646753974050256
            ],
            [
              1.4422099514041469,
              43.650053899895276
            ]
          ]
        ]
      },
      "properties": {
        "uuid": "e0870a37-35cb-4920-8313-943292e904f5",
        "h3_index": "8839601123fffff",
        "city_code": "31555",
        "city_name": "Toulouse",
        "latitude": 43.64535919290778,
        "longitude": 1.4410388709406432,
        "manual_surge": 0,
        "available": true,
        "status": "active"
      }
    },
    {
      "type": "Feature",
      "geometry": {
        "type": "Polygon",
        "coordinates": [
          [
            [
              1.375459811245819,
              43.60320438285417
            ],
            [
              1.369603620956012,
              43.60180389173453
            ],
            [
              1.3684375378832616,
              43.59710555021293
            ],
            [
              1.3731270728459315,
              43.593808019124026
            ],
            [
              1.3789824305756573,
              43.59520858842942
            ],
            [
              1.380149085825017,
              43.599906610631926
            ],
            [
              1.375459811245819,
              43.60320438285417
            ]
          ]
        ]
      },
      "properties": {
        "uuid": "ab770eb9-2249-442c-a729-b8dcc490b813",
        "h3_index": "8839601a25fffff",
        "city_code": "31555",
        "city_name": "Toulouse",
        "latitude": 43.59850627591428,
        "longitude": 1.3742933681021232,
        "manual_surge": 0,
        "available": true,
        "status": "active"
      }
    },
    {
      "type": "Feature",
      "geometry": {
        "type": "Polygon",
        "coordinates": [
          [
            [
              1.484335488831205,
              43.576196412774095
            ],
            [
              1.478485995292734,
              43.574801307084385
            ],
            [
              1.4773141411001238,
              43.57010609816376
            ],
            [
              1.4819912112499618,
              43.56680631516306
            ],
            [
              1.4878398727567053,
              43.56820150058422
            ],
            [
              1.4890122960675671,
              43.572896389268806
            ],
            [
              1.484335488831205,
              43.576196412774095
            ]
          ]
        ]
      },
      "properties": {
        "uuid": "4a5a147b-2138-48f7-a16b-018c2385bb74",
        "h3_index": "88396018c3fffff",
        "city_code": "31555",
        "city_name": "Toulouse",
        "latitude": 43.571501438784914,
        "longitude": 1.4831632758480866,
        "manual_surge": 0,
        "available": true,
        "status": "active"
      }
    },
    {
      "type": "Feature",
      "geometry": {
        "type": "Polygon",
        "coordinates": [
          [
            [
              1.3930277064323258,
              43.607403510214645
            ],
            [
              1.3871718541030749,
              43.6060041920717
            ],
            [
              1.386004690932809,
              43.60130655438835
            ],
            [
              1.390692808186149,
              43.598008554272155
            ],
            [
              1.3965478278288055,
              43.59940795085455
            ],
            [
              1.3977155628269107,
              43.604105269107684
            ],
            [
              1.3930277064323258,
              43.607403510214645
            ]
          ]
        ]
      },
      "properties": {
        "uuid": "5a99f066-f764-4e88-a860-1ad4d80273f8",
        "h3_index": "8839601a23fffff",
        "city_code": "31555",
        "city_name": "Toulouse",
        "latitude": 43.60270610720608,
        "longitude": 1.3918601833064541,
        "manual_surge": 0,
        "available": true,
        "status": "active"
      }
    },
    {
      "type": "Feature",
      "geometry": {
        "type": "Polygon",
        "coordinates": [
          [
            [
              1.3895634571147721,
              43.54912915694659
            ],
            [
              1.3837125060443176,
              43.54772757104808
            ],
            [
              1.3825465454668744,
              43.54302845821932
            ],
            [
              1.3872309649555494,
              43.53973125094152
            ],
            [
              1.3930810847764226,
              43.54113291520097
            ],
            [
              1.3942476162805932,
              43.54583170837132
            ],
            [
              1.3895634571147721,
              43.54912915694659
            ]
          ]
        ]
      },
      "properties": {
        "uuid": "dc21bb15-6208-48df-8043-46be38292182",
        "h3_index": "8839601953fffff",
        "city_code": "31555",
        "city_name": "Toulouse",
        "latitude": 43.54443027852923,
        "longitude": 1.388397137169493,
        "manual_surge": 0,
        "available": true,
        "status": "active"
      }
    },
    {
      "type": "Feature",
      "geometry": {
        "type": "Polygon",
        "coordinates": [
          [
            [
              1.3825253242178916,
              43.56512149102307
            ],
            [
              1.376672710073052,
              43.5637200617074
            ],
            [
              1.3755068776212167,
              43.55902107714933
            ],
            [
              1.3801930878720783,
              43.555723841437946
            ],
            [
              1.3860448703838475,
              43.557125349021845
            ],
            [
              1.3872112742001437,
              43.5618240140429
            ],
            [
              1.3825253242178916,
              43.56512149102307
            ]
          ]
        ]
      },
      "properties": {
        "uuid": "7f5e4f84-bc3c-4242-bb0e-a7a6a4db39a7",
        "h3_index": "8839601865fffff",
        "city_code": "31555",
        "city_name": "Toulouse",
        "latitude": 43.56042274091456,
        "longitude": 1.3813591321643701,
        "manual_surge": 0,
        "available": true,
        "status": "active"
      }
    },
    {
      "type": "Feature",
      "geometry": {
        "type": "Polygon",
        "coordinates": [
          [
            [
              1.4457246836361513,
              43.642059351602015
            ],
            [
              1.439867938948457,
              43.640664335387804
            ],
            [
              1.438697155400324,
              43.63596932739706
            ],
            [
              1.4433825453089475,
              43.63266965528035
            ],
            [
              1.4492384563890865,
              43.63406475070496
            ],
            [
              1.4504098110901893,
              43.63875943902992
            ],
            [
              1.4457246836361513,
              43.642059351602015
            ]
          ]
        ]
      },
      "properties": {
        "uuid": "19ab26cd-56ac-4497-a627-07883416db78",
        "h3_index": "8839601ac9fffff",
        "city_code": "31555",
        "city_name": "Toulouse",
        "latitude": 43.637364578658136,
        "longitude": 1.444553540244502,
        "manual_surge": 0,
        "available": true,
        "status": "active"
      }
    },
    {
      "type": "Feature",
      "geometry": {
        "type": "Polygon",
        "coordinates": [
          [
            [
              1.4351816524133112,
              43.64396402079156
            ],
            [
              1.4293243200482786,
              43.64256845767878
            ],
            [
              1.4281541079377658,
              43.63787313010787
            ],
            [
              1.4328406566767102,
              43.63457368522396
            ],
            [
              1.438697155400324,
              43.63596932739706
            ],
            [
              1.439867938948457,
              43.640664335387804
            ],
            [
              1.4351816524133112,
              43.64396402079156
            ]
          ]
        ]
      },
      "properties": {
        "uuid": "bb3de579-8166-4626-b58a-8a41f2b367b7",
        "h3_index": "8839601127fffff",
        "city_code": "31555",
        "city_name": "Toulouse",
        "latitude": 43.639268928230685,
        "longitude": 1.4340110803426351,
        "manual_surge": 0,
        "available": true,
        "status": "active"
      }
    },
    {
      "type": "Feature",
      "geometry": {
        "type": "Polygon",
        "coordinates": [
          [
            [
              1.4281604455158299,
              43.6157912099737
            ],
            [
              1.4223052723223257,
              43.61439423717436
            ],
            [
              1.4211359499960778,
              43.60969800800436
            ],
            [
              1.4258212296559098,
              43.60639907127957
            ],
            [
              1.431675569911254,
              43.607796123025544
            ],
            [
              1.4328454633670407,
              43.612492032543706
            ],
            [
              1.4281604455158299,
              43.6157912099737
            ]
          ]
        ]
      },
      "properties": {
        "uuid": "9f4e4c75-d893-4a48-bc6c-0346d8630ac1",
        "h3_index": "8839601aedfffff",
        "city_code": "31555",
        "city_name": "Toulouse",
        "latitude": 43.611095215664214,
        "longitude": 1.4269907634651708,
        "manual_surge": 0,
        "available": true,
        "status": "active"
      }
    },
    {
      "type": "Feature",
      "geometry": {
        "type": "Polygon",
        "coordinates": [
          [
            [
              1.45978200241895,
              43.65423636511052
            ],
            [
              1.4539247662747068,
              43.65284260100527
            ],
            [
              1.4527529660057326,
              43.64814836424181
            ],
            [
              1.4574378307809464,
              43.64484821129298
            ],
            [
              1.4632942329999472,
              43.64624205481545
            ],
            [
              1.4644666042909673,
              43.65093597186358
            ],
            [
              1.45978200241895,
              43.65423636511052
            ]
          ]
        ]
      },
      "properties": {
        "uuid": "0ce832f0-5fbd-415f-b810-265a21b083d6",
        "h3_index": "8839601131fffff",
        "city_code": "31555",
        "city_name": "Toulouse",
        "latitude": 43.6495423635053,
        "longitude": 1.4586098423053873,
        "manual_surge": 0,
        "available": true,
        "status": "active"
      }
    },
    {
      "type": "Feature",
      "geometry": {
        "type": "Polygon",
        "coordinates": [
          [
            [
              1.3684375378832616,
              43.59710555021293
            ],
            [
              1.3625815952874676,
              43.595704433505375
            ],
            [
              1.361416020132748,
              43.59100570763277
            ],
            [
              1.3661058152548773,
              43.58770841775553
            ],
            [
              1.371960925450041,
              43.58910961254529
            ],
            [
              1.3731270728459315,
              43.593808019124026
            ],
            [
              1.3684375378832616,
              43.59710555021293
            ]
          ]
        ]
      },
      "properties": {
        "uuid": "92504391-5f70-4df7-b56a-76f101c00ebe",
        "h3_index": "8839601b19fffff",
        "city_code": "31555",
        "city_name": "Toulouse",
        "latitude": 43.59240705886596,
        "longitude": 1.367271602658586,
        "manual_surge": 0,
        "available": true,
        "status": "active"
      }
    },
    {
      "type": "Feature",
      "geometry": {
        "type": "Polygon",
        "coordinates": [
          [
            [
              1.4387058322806088,
              43.56972134372178
            ],
            [
              1.4328550673359282,
              43.56832335057869
            ],
            [
              1.4316859367983839,
              43.56362641278707
            ],
            [
              1.436367001027489,
              43.56032778806282
            ],
            [
              1.4422169341544522,
              43.561725860281015
            ],
            [
              1.4433866347922824,
              43.56642247814246
            ],
            [
              1.4387058322806088,
              43.56972134372178
            ]
          ]
        ]
      },
      "properties": {
        "uuid": "bebf5bc6-92ce-48b8-99c3-d8e0ecf002be",
        "h3_index": "8839601815fffff",
        "city_code": "31555",
        "city_name": "Toulouse",
        "latitude": 43.56502464063961,
        "longitude": 1.4375363426044256,
        "manual_surge": 0,
        "available": true,
        "status": "active"
      }
    },
    {
      "type": "Feature",
      "geometry": {
        "type": "Polygon",
        "coordinates": [
          [
            [
              1.4422116988022247,
              43.62797458153044
            ],
            [
              1.4363560335272436,
              43.626578860250355
            ],
            [
              1.4351856951478228,
              43.62188340121791
            ],
            [
              1.4398704509663485,
              43.61858398316123
            ],
            [
              1.4457252829854224,
              43.61997978359488
            ],
            [
              1.4468961923639414,
              43.62467492292568
            ],
            [
              1.4422116988022247,
              43.62797458153044
            ]
          ]
        ]
      },
      "properties": {
        "uuid": "faa41b40-0700-438b-ba95-02dd88e464ac",
        "h3_index": "8839601ac5fffff",
        "city_code": "31555",
        "city_name": "Toulouse",
        "latitude": 43.62327935747014,
        "longitude": 1.4410410006971013,
        "manual_surge": 0,
        "available": true,
        "status": "active"
      }
    },
    {
      "type": "Feature",
      "geometry": {
        "type": "Polygon",
        "coordinates": [
          [
            [
              1.4211273180674089,
              43.63178122805048
            ],
            [
              1.4152704784198875,
              43.63038441300461
            ],
            [
              1.4141012828920465,
              43.625688314825794
            ],
            [
              1.4187883553657807,
              43.62238935121717
            ],
            [
              1.4246443616899926,
              43.623786245116456
            ],
            [
              1.4258141287858723,
              43.62848202376496
            ],
            [
              1.4211273180674089,
              43.63178122805048
            ]
          ]
        ]
      },
      "properties": {
        "uuid": "4b82d4ed-1dc5-4be1-b2e0-837f5c7eff8d",
        "h3_index": "8839601a11fffff",
        "city_code": "31555",
        "city_name": "Toulouse",
        "latitude": 43.62708536477008,
        "longitude": 1.4199577625807562,
        "manual_surge": 0,
        "available": true,
        "status": "active"
      }
    },
    {
      "type": "Feature",
      "geometry": {
        "type": "Polygon",
        "coordinates": [
          [
            [
              1.4948612016400296,
              43.57429094963822
            ],
            [
              1.4890122960675671,
              43.572896389268806
            ],
            [
              1.4878398727567053,
              43.56820150058422
            ],
            [
              1.492515786106202,
              43.56490149258447
            ],
            [
              1.498363859681608,
              43.566296132835
            ],
            [
              1.499536851826806,
              43.57099070119834
            ],
            [
              1.4948612016400296,
              43.57429094963822
            ]
          ]
        ]
      },
      "properties": {
        "uuid": "be1f8161-2b9e-4dbe-99f4-11d8b64533cf",
        "h3_index": "88396018d5fffff",
        "city_code": "31555",
        "city_name": "Toulouse",
        "latitude": 43.569596295921734,
        "longitude": 1.4936884196551536,
        "manual_surge": 0,
        "available": true,
        "status": "active"
      }
    },
    {
      "type": "Feature",
      "geometry": {
        "type": "Polygon",
        "coordinates": [
          [
            [
              1.3860247872171265,
              43.579216844520374
            ],
            [
              1.3801710940314027,
              43.577816118703716
            ],
            [
              1.379004818251029,
              43.573117582546544
            ],
            [
              1.3836916640597763,
              43.5698200917015
            ],
            [
              1.3895445252614524,
              43.57122089584355
            ],
            [
              1.3907113725607092,
              43.575919112499264
            ],
            [
              1.3860247872171265,
              43.579216844520374
            ]
          ]
        ]
      },
      "properties": {
        "uuid": "dd1f9499-7db5-4935-a9a9-d6513b8d7d56",
        "h3_index": "8839601869fffff",
        "city_code": "31555",
        "city_name": "Toulouse",
        "latitude": 43.57451854288792,
        "longitude": 1.384858151717154,
        "manual_surge": 0,
        "available": true,
        "status": "active"
      }
    },
    {
      "type": "Feature",
      "geometry": {
        "type": "Polygon",
        "coordinates": [
          [
            [
              1.4562631249232687,
              43.61807539271213
            ],
            [
              1.4504088804797552,
              43.61668013872695
            ],
            [
              1.449237908316136,
              43.61198493399357
            ],
            [
              1.4539206100224935,
              43.608685303087306
            ],
            [
              1.4597740214368065,
              43.610080636422545
            ],
            [
              1.4609455640960674,
              43.614775521308076
            ],
            [
              1.4562631249232687,
              43.61807539271213
            ]
          ]
        ]
      },
      "properties": {
        "uuid": "8dbb7749-7153-442b-8e66-e5ecff178f5e",
        "h3_index": "8839601a8dfffff",
        "city_code": "31555",
        "city_name": "Toulouse",
        "latitude": 43.613380422968724,
        "longitude": 1.4550917932676826,
        "manual_surge": 0,
        "available": true,
        "status": "active"
      }
    },
    {
      "type": "Feature",
      "geometry": {
        "type": "Polygon",
        "coordinates": [
          [
            [
              1.4843595038007047,
              43.620352008763675
            ],
            [
              1.4785061906535564,
              43.61895847273935
            ],
            [
              1.47733356998442,
              43.61426429302642
            ],
            [
              1.4820136925232439,
              43.610963969375284
            ],
            [
              1.4878661725515285,
              43.612357585152886
            ],
            [
              1.4890393630819387,
              43.61705144482247
            ],
            [
              1.4843595038007047,
              43.620352008763675
            ]
          ]
        ]
      },
      "properties": {
        "uuid": "0287b0bc-be97-47e1-9947-5e1936e0b523",
        "h3_index": "8839601a9dfffff",
        "city_code": "31555",
        "city_name": "Toulouse",
        "latitude": 43.61565806416986,
        "longitude": 1.4831865238724689,
        "manual_surge": 0,
        "available": true,
        "status": "active"
      }
    },
    {
      "type": "Feature",
      "geometry": {
        "type": "Polygon",
        "coordinates": [
          [
            [
              1.4071156340717073,
              43.55333157173872
            ],
            [
              1.4012650212472255,
              43.551931157269465
            ],
            [
              1.4000979826814168,
              43.54723274776803
            ],
            [
              1.4047809862837823,
              43.54393507249929
            ],
            [
              1.4106307677328727,
              43.54533556558302
            ],
            [
              1.4117983768773292,
              43.550033655315055
            ],
            [
              1.4071156340717073,
              43.55333157173872
            ]
          ]
        ]
      },
      "properties": {
        "uuid": "e4b2beb5-276e-40e4-bf73-f1432779e94d",
        "h3_index": "8839601821fffff",
        "city_code": "31555",
        "city_name": "Toulouse",
        "latitude": 43.548633396741785,
        "longitude": 1.4059482362532463,
        "manual_surge": 0,
        "available": true,
        "status": "active"
      }
    },
    {
      "type": "Feature",
      "geometry": {
        "type": "Polygon",
        "coordinates": [
          [
            [
              1.4070627747122162,
              43.64167841172553
            ],
            [
              1.4012045147529584,
              43.640281128168986
            ],
            [
              1.4000359548267993,
              43.63558477636961
            ],
            [
              1.4047250827099704,
              43.63228602750448
            ],
            [
              1.4105825091199338,
              43.63368338971761
            ],
            [
              1.4117516411180715,
              43.63837942213325
            ],
            [
              1.4070627747122162,
              43.64167841172553
            ]
          ]
        ]
      },
      "properties": {
        "uuid": "067aa788-9bb4-4296-b638-a288c05cab4a",
        "h3_index": "8839601a57fffff",
        "city_code": "31555",
        "city_name": "Toulouse",
        "latitude": 43.63698229480657,
        "longitude": 1.4058938545934396,
        "manual_surge": 0,
        "available": true,
        "status": "active"
      }
    },
    {
      "type": "Feature",
      "geometry": {
        "type": "Polygon",
        "coordinates": [
          [
            [
              1.4176484044350182,
              43.55143352351032
            ],
            [
              1.4117983768773292,
              43.550033655315055
            ],
            [
              1.4106307677328727,
              43.54533556558302
            ],
            [
              1.4153126157732108,
              43.54203766389541
            ],
            [
              1.4211618119887262,
              43.54343761085502
            ],
            [
              1.4223299914284109,
              43.548135380731956
            ],
            [
              1.4176484044350182,
              43.55143352351032
            ]
          ]
        ]
      },
      "properties": {
        "uuid": "9e009c1f-dbbe-4a39-845e-5009268ea26c",
        "h3_index": "8839601823fffff",
        "city_code": "31555",
        "city_name": "Toulouse",
        "latitude": 43.546735668319734,
        "longitude": 1.4164804361539616,
        "manual_surge": 0,
        "available": true,
        "status": "active"
      }
    },
    {
      "type": "Feature",
      "geometry": {
        "type": "Polygon",
        "coordinates": [
          [
            [
              1.417609314281504,
              43.639776158372364
            ],
            [
              1.4117516411180715,
              43.63837942213325
            ],
            [
              1.4105825091199338,
              43.63368338971761
            ],
            [
              1.4152704784198875,
              43.63038441300461
            ],
            [
              1.4211273180674089,
              43.63178122805048
            ],
            [
              1.422297021852964,
              43.636476940996594
            ],
            [
              1.417609314281504,
              43.639776158372364
            ]
          ]
        ]
      },
      "properties": {
        "uuid": "95f34666-5fae-420d-997c-50a73b07bcce",
        "h3_index": "8839601a19fffff",
        "city_code": "31555",
        "city_name": "Toulouse",
        "latitude": 43.63508036087407,
        "longitude": 1.4164398222073002,
        "manual_surge": 0,
        "available": true,
        "status": "active"
      }
    },
    {
      "type": "Feature",
      "geometry": {
        "type": "Polygon",
        "coordinates": [
          [
            [
              1.4878398727567053,
              43.56820150058422
            ],
            [
              1.4819912112499618,
              43.56680631516306
            ],
            [
              1.4808192950096373,
              43.562111041970375
            ],
            [
              1.485495471298388,
              43.55881127448951
            ],
            [
              1.4913433009659358,
              43.56020653968828
            ],
            [
              1.492515786106202,
              43.56490149258447
            ],
            [
              1.4878398727567053,
              43.56820150058422
            ]
          ]
        ]
      },
      "properties": {
        "uuid": "ca70b02a-3670-4af8-b6cd-b93c25d09638",
        "h3_index": "8839601889fffff",
        "city_code": "31555",
        "city_name": "Toulouse",
        "latitude": 43.563506462303856,
        "longitude": 1.4866675978427166,
        "manual_surge": 0,
        "available": true,
        "status": "active"
      }
    },
    {
      "type": "Feature",
      "geometry": {
        "type": "Polygon",
        "coordinates": [
          [
            [
              1.386004690932809,
              43.60130655438835
            ],
            [
              1.380149085825017,
              43.599906610631926
            ],
            [
              1.3789824305756573,
              43.59520858842942
            ],
            [
              1.3836708084637457,
              43.59191082938239
            ],
            [
              1.3895255810442129,
              43.593310851474726
            ],
            [
              1.390692808186149,
              43.598008554272155
            ],
            [
              1.386004690932809,
              43.60130655438835
            ]
          ]
        ]
      },
      "properties": {
        "uuid": "1f9e5d15-5aaf-4362-bede-1435b7cdd3fd",
        "h3_index": "8839601a27fffff",
        "city_code": "31555",
        "city_name": "Toulouse",
        "latitude": 43.59660876680462,
        "longitude": 1.3848376757287564,
        "manual_surge": 0,
        "available": true,
        "status": "active"
      }
    },
    {
      "type": "Feature",
      "geometry": {
        "type": "Polygon",
        "coordinates": [
          [
            [
              1.4351776070363886,
              43.666042837057674
            ],
            [
              1.4293183603686013,
              43.66464805819449
            ],
            [
              1.4281477662175446,
              43.65995324855101
            ],
            [
              1.4328358468449969,
              43.65665353724814
            ],
            [
              1.4386942593264758,
              43.65804839518158
            ],
            [
              1.4398654252887662,
              43.66274288534164
            ],
            [
              1.4351776070363886,
              43.666042837057674
            ]
          ]
        ]
      },
      "properties": {
        "uuid": "c742134a-fd04-4479-8a94-8840cb703bed",
        "h3_index": "8839601105fffff",
        "city_code": "31555",
        "city_name": "Toulouse",
        "latitude": 43.66134826251772,
        "longitude": 1.4340066526898358,
        "manual_surge": 0,
        "available": true,
        "status": "active"
      }
    },
    {
      "type": "Feature",
      "geometry": {
        "type": "Polygon",
        "coordinates": [
          [
            [
              1.378960028273484,
              43.61729780395269
            ],
            [
              1.3731027575345447,
              43.615898016728174
            ],
            [
              1.3719362307544933,
              43.611200125054026
            ],
            [
              1.376626402304165,
              43.60790233988178
            ],
            [
              1.382482840131438,
              43.60930220534892
            ],
            [
              1.3836499392428583,
              43.61399977773964
            ],
            [
              1.378960028273484,
              43.61729780395269
            ]
          ]
        ]
      },
      "properties": {
        "uuid": "9e12f2ef-5ad5-45ef-ba32-8e5f0f700208",
        "h3_index": "8839601a29fffff",
        "city_code": "31555",
        "city_name": "Toulouse",
        "latitude": 43.61260014693526,
        "longitude": 1.3777931413043327,
        "manual_surge": 0,
        "available": true,
        "status": "active"
      }
    },
    {
      "type": "Feature",
      "geometry": {
        "type": "Polygon",
        "coordinates": [
          [
            [
              1.3648861848201452,
              43.62719145116373
            ],
            [
              1.3590274956973978,
              43.62579119432117
            ],
            [
              1.3578616061182014,
              43.621093049042635
            ],
            [
              1.36255383274867,
              43.61779547973701
            ],
            [
              1.3684116887349145,
              43.61919581462517
            ],
            [
              1.369578151149324,
              43.62389364076728
            ],
            [
              1.3648861848201452,
              43.62719145116373
            ]
          ]
        ]
      },
      "properties": {
        "uuid": "0bdf349f-439f-4c25-939e-f71a593acf2b",
        "h3_index": "8839601a61fffff",
        "city_code": "31555",
        "city_name": "Toulouse",
        "latitude": 43.622493540523706,
        "longitude": 1.3637199348182691,
        "manual_surge": 0,
        "available": true,
        "status": "active"
      }
    },
    {
      "type": "Feature",
      "geometry": {
        "type": "Polygon",
        "coordinates": [
          [
            [
              1.505385169153145,
              43.572384716436915
            ],
            [
              1.499536851826806,
              43.57099070119834
            ],
            [
              1.498363859681608,
              43.566296132835
            ],
            [
              1.5030386162345193,
              43.56299590011072
            ],
            [
              1.5088861015986577,
              43.56438999538002
            ],
            [
              1.5100596622943083,
              43.56908424333704
            ],
            [
              1.505385169153145,
              43.572384716436915
            ]
          ]
        ]
      },
      "properties": {
        "uuid": "2c0d16dd-9b82-4600-82c4-8c810a49f871",
        "h3_index": "88396018d7fffff",
        "city_code": "31555",
        "city_name": "Toulouse",
        "latitude": 43.567690383078244,
        "longitude": 1.5042118184504654,
        "manual_surge": 0,
        "available": true,
        "status": "active"
      }
    },
    {
      "type": "Feature",
      "geometry": {
        "type": "Polygon",
        "coordinates": [
          [
            [
              1.3613878785841727,
              43.61309726886551
            ],
            [
              1.3555302706111383,
              43.61169630818236
            ],
            [
              1.3543648246289255,
              43.60699771272438
            ],
            [
              1.3590564138618215,
              43.603700397115624
            ],
            [
              1.364913189050218,
              43.60510143578764
            ],
            [
              1.3660792077125472,
              43.60979971207348
            ],
            [
              1.3613878785841727,
              43.61309726886551
            ]
          ]
        ]
      },
      "properties": {
        "uuid": "039e79eb-52d2-427b-8ac8-15d11b907f6e",
        "h3_index": "8839601b5bfffff",
        "city_code": "31555",
        "city_name": "Toulouse",
        "latitude": 43.608398907971086,
        "longitude": 1.360222072297619,
        "manual_surge": 0,
        "available": true,
        "status": "active"
      }
    },
    {
      "type": "Feature",
      "geometry": {
        "type": "Polygon",
        "coordinates": [
          [
            [
              1.3965478278288055,
              43.59940795085455
            ],
            [
              1.390692808186149,
              43.598008554272155
            ],
            [
              1.3895255810442129,
              43.593310851474726
            ],
            [
              1.3942128018585815,
              43.5900128647447
            ],
            [
              1.4000669890068578,
              43.59141233981312
            ],
            [
              1.4012347877573494,
              43.59610972311954
            ],
            [
              1.3965478278288055,
              43.59940795085455
            ]
          ]
        ]
      },
      "properties": {
        "uuid": "2fb9042c-ecce-48e9-9b54-f50167707fc7",
        "h3_index": "8839601849fffff",
        "city_code": "31555",
        "city_name": "Toulouse",
        "latitude": 43.59471048271293,
        "longitude": 1.3953802408484293,
        "manual_surge": 0,
        "available": true,
        "status": "active"
      }
    },
    {
      "type": "Feature",
      "geometry": {
        "type": "Polygon",
        "coordinates": [
          [
            [
              1.4702935448856642,
              43.56401477397864
            ],
            [
              1.4644445402651853,
              43.562618418169905
            ],
            [
              1.4632737002779252,
              43.557922440425266
            ],
            [
              1.4679512955842768,
              43.554623138669974
            ],
            [
              1.473799468489067,
              43.556019574003095
            ],
            [
              1.4749708777254713,
              43.56071523156128
            ],
            [
              1.4702935448856642,
              43.56401477397864
            ]
          ]
        ]
      },
      "properties": {
        "uuid": "dd7c2c9d-facc-4609-866e-d05a6eaccd30",
        "h3_index": "88396018ebfffff",
        "city_code": "31555",
        "city_name": "Toulouse",
        "latitude": 43.5593190310538,
        "longitude": 1.4691223461087293,
        "manual_surge": 0,
        "available": true,
        "status": "active"
      }
    },
    {
      "type": "Feature",
      "geometry": {
        "type": "Polygon",
        "coordinates": [
          [
            [
              1.4316807550468484,
              43.58571216122881
            ],
            [
              1.4258283258900601,
              43.58431432609703
            ],
            [
              1.424659321547034,
              43.57961751727671
            ],
            [
              1.4293421757453115,
              43.57631886339118
            ],
            [
              1.4351937726999044,
              43.577716777505444
            ],
            [
              1.4363633475806477,
              43.58241326651683
            ],
            [
              1.4316807550468484,
              43.58571216122881
            ]
          ]
        ]
      },
      "properties": {
        "uuid": "cb1566bf-588a-4aab-a472-5b4d0ecd607e",
        "h3_index": "8839601857fffff",
        "city_code": "31555",
        "city_name": "Toulouse",
        "latitude": 43.58101558715609,
        "longitude": 1.430511391331311,
        "manual_surge": 0,
        "available": true,
        "status": "active"
      }
    },
    {
      "type": "Feature",
      "geometry": {
        "type": "Polygon",
        "coordinates": [
          [
            [
              1.4527495751604376,
              43.60399003312966
            ],
            [
              1.4468964090751533,
              43.60259407424931
            ],
            [
              1.4457258819433516,
              43.59789841936205
            ],
            [
              1.450407950476896,
              43.59459904323289
            ],
            [
              1.4562602838841927,
              43.595995081406265
            ],
            [
              1.4574313813580948,
              43.60069041640985
            ],
            [
              1.4527495751604376,
              43.60399003312966
            ]
          ]
        ]
      },
      "properties": {
        "uuid": "d979b11b-8fdd-4929-a654-fabf4f81e875",
        "h3_index": "8839601aa9fffff",
        "city_code": "31555",
        "city_name": "Toulouse",
        "latitude": 43.59929461315759,
        "longitude": 1.4515786886543243,
        "manual_surge": 0,
        "available": true,
        "status": "active"
      }
    },
    {
      "type": "Feature",
      "geometry": {
        "type": "Polygon",
        "coordinates": [
          [
            [
              1.4070892216520368,
              43.5975085727171
            ],
            [
              1.4012347877573494,
              43.59610972311954
            ],
            [
              1.4000669890068578,
              43.59141233981312
            ],
            [
              1.404753052748658,
              43.58811412567513
            ],
            [
              1.4106066541820395,
              43.58951305390878
            ],
            [
              1.4117750242571208,
              43.59421011763837
            ],
            [
              1.4070892216520368,
              43.5975085727171
            ]
          ]
        ]
      },
      "properties": {
        "uuid": "1de3c29d-3199-4b00-aab0-3075e93cc196",
        "h3_index": "883960184bfffff",
        "city_code": "31555",
        "city_name": "Toulouse",
        "latitude": 43.59281142410347,
        "longitude": 1.4059210631793508,
        "manual_surge": 0,
        "available": true,
        "status": "active"
      }
    },
    {
      "type": "Feature",
      "geometry": {
        "type": "Polygon",
        "coordinates": [
          [
            [
              1.3719856040228955,
              43.56701731129799
            ],
            [
              1.366132405425498,
              43.565615334991676
            ],
            [
              1.3649671446216542,
              43.56091603098258
            ],
            [
              1.3696545106895284,
              43.55761902272482
            ],
            [
              1.3755068776212167,
              43.55902107714933
            ],
            [
              1.376672710073052,
              43.5637200617074
            ],
            [
              1.3719856040228955,
              43.56701731129799
            ]
          ]
        ]
      },
      "properties": {
        "uuid": "cf3fa1b9-9df5-47f7-aea7-680c4f23614e",
        "h3_index": "8839601b33fffff",
        "city_code": "31555",
        "city_name": "Toulouse",
        "latitude": 43.56231824170138,
        "longitude": 1.3708199835013453,
        "manual_surge": 0,
        "available": true,
        "status": "active"
      }
    },
    {
      "type": "Feature",
      "geometry": {
        "type": "Polygon",
        "coordinates": [
          [
            [
              1.4668117927855298,
              43.6603233540024
            ],
            [
              1.4609543111489682,
              43.65893021604699
            ],
            [
              1.45978200241895,
              43.65423636511052
            ],
            [
              1.4644666042909673,
              43.65093597186358
            ],
            [
              1.470323251843488,
              43.652329189339596
            ],
            [
              1.471496131529988,
              43.657022720536006
            ],
            [
              1.4668117927855298,
              43.6603233540024
            ]
          ]
        ]
      },
      "properties": {
        "uuid": "10afef9c-da75-4443-b743-0bd72e0cd972",
        "h3_index": "883960113bfffff",
        "city_code": "31555",
        "city_name": "Toulouse",
        "latitude": 43.65562973827979,
        "longitude": 1.4656391242104014,
        "manual_surge": 0,
        "available": true,
        "status": "active"
      }
    },
    {
      "type": "Feature",
      "geometry": {
        "type": "Polygon",
        "coordinates": [
          [
            [
              1.4105825091199338,
              43.63368338971761
            ],
            [
              1.4047250827099704,
              43.63228602750448
            ],
            [
              1.4035564590346052,
              43.62758960988108
            ],
            [
              1.408244689838801,
              43.62429087390937
            ],
            [
              1.4141012828920465,
              43.625688314825794
            ],
            [
              1.4152704784198875,
              43.63038441300461
            ],
            [
              1.4105825091199338,
              43.63368338971761
            ]
          ]
        ]
      },
      "properties": {
        "uuid": "4862f55c-0206-4c42-891c-8d0e36c5a196",
        "h3_index": "8839601a1dfffff",
        "city_code": "31555",
        "city_name": "Toulouse",
        "latitude": 43.62898720695571,
        "longitude": 1.4094135253692501,
        "manual_surge": 0,
        "available": true,
        "status": "active"
      }
    },
    {
      "type": "Feature",
      "geometry": {
        "type": "Polygon",
        "coordinates": [
          [
            [
              1.4281541079377658,
              43.63787313010787
            ],
            [
              1.422297021852964,
              43.636476940996594
            ],
            [
              1.4211273180674089,
              43.63178122805048
            ],
            [
              1.4258141287858723,
              43.62848202376496
            ],
            [
              1.4316703813882923,
              43.62987829183312
            ],
            [
              1.4328406566767102,
              43.63457368522396
            ],
            [
              1.4281541079377658,
              43.63787313010787
            ]
          ]
        ]
      },
      "properties": {
        "uuid": "27349c82-fc45-4686-9955-87932455400e",
        "h3_index": "8839601a1bfffff",
        "city_code": "31555",
        "city_name": "Toulouse",
        "latitude": 43.63317765211602,
        "longitude": 1.4269840441927182,
        "manual_surge": 0,
        "available": true,
        "status": "active"
      }
    },
    {
      "type": "Feature",
      "geometry": {
        "type": "Polygon",
        "coordinates": [
          [
            [
              1.4246518440608373,
              43.60170277688158
            ],
            [
              1.4187977499227304,
              43.600305099575515
            ],
            [
              1.417628872121237,
              43.59560842044036
            ],
            [
              1.422313517404502,
              43.59230973829292
            ],
            [
              1.4281667789557793,
              43.59370749448863
            ],
            [
              1.4293362277328219,
              43.598403853936176
            ],
            [
              1.4246518440608373,
              43.60170277688158
            ]
          ]
        ]
      },
      "properties": {
        "uuid": "2ecbb717-5742-463e-90b4-49256145a6a2",
        "h3_index": "8839601859fffff",
        "city_code": "31555",
        "city_name": "Toulouse",
        "latitude": 43.59700633253209,
        "longitude": 1.4234826066527788,
        "manual_surge": 0,
        "available": true,
        "status": "active"
      }
    },
    {
      "type": "Feature",
      "geometry": {
        "type": "Polygon",
        "coordinates": [
          [
            [
              1.4211186804973202,
              43.65386264802264
            ],
            [
              1.4152599268695112,
              43.65246661668499
            ],
            [
              1.4140903499656234,
              43.64777103567871
            ],
            [
              1.4187789546697624,
              43.64447180543774
            ],
            [
              1.4246368744296716,
              43.64586791563883
            ],
            [
              1.4258070232753417,
              43.65056317721145
            ],
            [
              1.4211186804973202,
              43.65386264802264
            ]
          ]
        ]
      },
      "properties": {
        "uuid": "c54e0278-5801-4d25-9f76-4f76ef9c8f58",
        "h3_index": "883960112dfffff",
        "city_code": "31555",
        "city_name": "Toulouse",
        "latitude": 43.64916730200841,
        "longitude": 1.4199487433992852,
        "manual_surge": 0,
        "available": true,
        "status": "active"
      }
    },
    {
      "type": "Feature",
      "geometry": {
        "type": "Polygon",
        "coordinates": [
          [
            [
              1.3684633701528917,
              43.575013494697345
            ],
            [
              1.3626093396980228,
              43.573611596462754
            ],
            [
              1.3614441433067406,
              43.56891235691781
            ],
            [
              1.366132405425498,
              43.565615334991676
            ],
            [
              1.3719856040228955,
              43.56701731129799
            ],
            [
              1.3731513722812871,
              43.57171623145269
            ],
            [
              1.3684633701528917,
              43.575013494697345
            ]
          ]
        ]
      },
      "properties": {
        "uuid": "08f1cd35-888c-49ae-bd92-4faa149597da",
        "h3_index": "8839601b3bfffff",
        "city_code": "31555",
        "city_name": "Toulouse",
        "latitude": 43.57031448958391,
        "longitude": 1.3672978139268712,
        "manual_surge": 0,
        "available": true,
        "status": "active"
      }
    },
    {
      "type": "Feature",
      "geometry": {
        "type": "Polygon",
        "coordinates": [
          [
            [
              1.438697155400324,
              43.63596932739706
            ],
            [
              1.4328406566767102,
              43.63457368522396
            ],
            [
              1.4316703813882923,
              43.62987829183312
            ],
            [
              1.4363560335272436,
              43.626578860250355
            ],
            [
              1.4422116988022247,
              43.62797458153044
            ],
            [
              1.4433825453089475,
              43.63266965528035
            ],
            [
              1.438697155400324,
              43.63596932739706
            ]
          ]
        ]
      },
      "properties": {
        "uuid": "e5a8a5b7-b62d-4ec9-9ec0-c83e78b0a2e2",
        "h3_index": "8839601acdfffff",
        "city_code": "31555",
        "city_name": "Toulouse",
        "latitude": 43.63127416899734,
        "longitude": 1.4375265202690066,
        "manual_surge": 0,
        "available": true,
        "status": "active"
      }
    },
    {
      "type": "Feature",
      "geometry": {
        "type": "Polygon",
        "coordinates": [
          [
            [
              1.3930455108321134,
              43.58531509701174
            ],
            [
              1.387191570586859,
              43.583914996536926
            ],
            [
              1.3860247872171265,
              43.579216844520374
            ],
            [
              1.3907113725607092,
              43.575919112499264
            ],
            [
              1.396564480662796,
              43.57731929140304
            ],
            [
              1.3977318354867316,
              43.58201712389297
            ],
            [
              1.3930455108321134,
              43.58531509701174
            ]
          ]
        ]
      },
      "properties": {
        "uuid": "9cb6cf54-efb4-4b2e-b685-a29c2865e917",
        "h3_index": "8839601845fffff",
        "city_code": "31555",
        "city_name": "Toulouse",
        "latitude": 43.58061717957595,
        "longitude": 1.3918783677418851,
        "manual_surge": 0,
        "available": true,
        "status": "active"
      }
    },
    {
      "type": "Feature",
      "geometry": {
        "type": "Polygon",
        "coordinates": [
          [
            [
              1.4035420793020548,
              43.64967338044604
            ],
            [
              1.3976829856008788,
              43.64827617549929
            ],
            [
              1.3965144895110921,
              43.64357988970233
            ],
            [
              1.4012045147529584,
              43.640281128168986
            ],
            [
              1.4070627747122162,
              43.64167841172553
            ],
            [
              1.4082318430935448,
              43.6463743781996
            ],
            [
              1.4035420793020548,
              43.64967338044604
            ]
          ]
        ]
      },
      "properties": {
        "uuid": "da25dde9-d93a-4cc2-910b-948ecccc8dcf",
        "h3_index": "8839601a51fffff",
        "city_code": "31555",
        "city_name": "Toulouse",
        "latitude": 43.64497732954839,
        "longitude": 1.4023732229023038,
        "manual_surge": 0,
        "available": true,
        "status": "active"
      }
    },
    {
      "type": "Feature",
      "geometry": {
        "type": "Polygon",
        "coordinates": [
          [
            [
              1.4597780106245586,
              43.632159400496526
            ],
            [
              1.4539226874698665,
              43.630764851630715
            ],
            [
              1.4527512700293903,
              43.626070097607304
            ],
            [
              1.4574346050164357,
              43.62277021225574
            ],
            [
              1.46328909479053,
              43.62416484052857
            ],
            [
              1.4644610828802338,
              43.628859274739995
            ],
            [
              1.4597780106245586,
              43.632159400496526
            ]
          ]
        ]
      },
      "properties": {
        "uuid": "c32bbbf7-b04e-4c20-bff2-b4332da7d21e",
        "h3_index": "8839601ac3fffff",
        "city_code": "31555",
        "city_name": "Toulouse",
        "latitude": 43.6274648815378,
        "longitude": 1.4586062335744636,
        "manual_surge": 0,
        "available": true,
        "status": "active"
      }
    },
    {
      "type": "Feature",
      "geometry": {
        "type": "Polygon",
        "coordinates": [
          [
            [
              1.4527512700293903,
              43.626070097607304
            ],
            [
              1.4468961923639414,
              43.62467492292568
            ],
            [
              1.4457252829854224,
              43.61997978359488
            ],
            [
              1.4504088804797552,
              43.61668013872695
            ],
            [
              1.4562631249232687,
              43.61807539271213
            ],
            [
              1.4574346050164357,
              43.62277021225574
            ],
            [
              1.4527512700293903,
              43.626070097607304
            ]
          ]
        ]
      },
      "properties": {
        "uuid": "3eb4c1fe-6566-4c9e-86c6-bbcbdfaec432",
        "h3_index": "8839601ac7fffff",
        "city_code": "31555",
        "city_name": "Toulouse",
        "latitude": 43.62137519328545,
        "longitude": 1.4515800010417585,
        "manual_surge": 0,
        "available": true,
        "status": "active"
      }
    },
    {
      "type": "Feature",
      "geometry": {
        "type": "Polygon",
        "coordinates": [
          [
            [
              1.4492373606009852,
              43.589903323417396
            ],
            [
              1.4433852725211112,
              43.588506659866326
            ],
            [
              1.442215190176256,
              43.58381055538156
            ],
            [
              1.4468966256449007,
              43.580511434361355
            ],
            [
              1.4527478813978059,
              43.581908177148314
            ],
            [
              1.4539185339312644,
              43.586603961713664
            ],
            [
              1.4492373606009852,
              43.589903323417396
            ]
          ]
        ]
      },
      "properties": {
        "uuid": "ef8846fa-f1d6-49bd-b21c-ce520b1da07f",
        "h3_index": "8839601aa5fffff",
        "city_code": "31555",
        "city_name": "Toulouse",
        "latitude": 43.58520745377294,
        "longitude": 1.448066918999394,
        "manual_surge": 0,
        "available": true,
        "status": "active"
      }
    },
    {
      "type": "Feature",
      "geometry": {
        "type": "Polygon",
        "coordinates": [
          [
            [
              1.4562602838841927,
              43.595995081406265
            ],
            [
              1.450407950476896,
              43.59459904323289
            ],
            [
              1.4492373606009852,
              43.589903323417396
            ],
            [
              1.4539185339312644,
              43.586603961713664
            ],
            [
              1.45977003485314,
              43.58800007922645
            ],
            [
              1.4609411948523516,
              43.59269547909766
            ],
            [
              1.4562602838841927,
              43.595995081406265
            ]
          ]
        ]
      },
      "properties": {
        "uuid": "a76f7488-d301-4cfa-a67c-7708dea62347",
        "h3_index": "8839601aa1fffff",
        "city_code": "31555",
        "city_name": "Toulouse",
        "latitude": 43.591299596486934,
        "longitude": 1.4550893347509921,
        "manual_surge": 0,
        "available": true,
        "status": "active"
      }
    },
    {
      "type": "Feature",
      "geometry": {
        "type": "Polygon",
        "coordinates": [
          [
            [
              1.3719362307544933,
              43.611200125054026
            ],
            [
              1.3660792077125472,
              43.60979971207348
            ],
            [
              1.364913189050218,
              43.60510143578764
            ],
            [
              1.369603620956012,
              43.60180389173453
            ],
            [
              1.375459811245819,
              43.60320438285417
            ],
            [
              1.376626402304165,
              43.60790233988178
            ],
            [
              1.3719362307544933,
              43.611200125054026
            ]
          ]
        ]
      },
      "properties": {
        "uuid": "56510e10-4535-43dc-91d3-00dff86a8c39",
        "h3_index": "8839601a2dfffff",
        "city_code": "31555",
        "city_name": "Toulouse",
        "latitude": 43.60650208336886,
        "longitude": 1.370769851904047,
        "manual_surge": 0,
        "available": true,
        "status": "active"
      }
    },
    {
      "type": "Feature",
      "geometry": {
        "type": "Polygon",
        "coordinates": [
          [
            [
              1.3895445252614524,
              43.57122089584355
            ],
            [
              1.3836916640597763,
              43.5698200917015
            ],
            [
              1.3825253242178916,
              43.56512149102307
            ],
            [
              1.3872112742001437,
              43.5618240140429
            ],
            [
              1.3930633036096962,
              43.56322489655681
            ],
            [
              1.394230214751429,
              43.56792317767304
            ],
            [
              1.3895445252614524,
              43.57122089584355
            ]
          ]
        ]
      },
      "properties": {
        "uuid": "1db27257-0f73-4fe3-b199-a8bc71e74b05",
        "h3_index": "8839601861fffff",
        "city_code": "31555",
        "city_name": "Toulouse",
        "latitude": 43.5665225296708,
        "longitude": 1.3883778258169845,
        "manual_surge": 0,
        "available": true,
        "status": "active"
      }
    },
    {
      "type": "Feature",
      "geometry": {
        "type": "Polygon",
        "coordinates": [
          [
            [
              1.4738080310031383,
              43.57810110538048
            ],
            [
              1.4679579497790756,
              43.57670545418106
            ],
            [
              1.4667866649885906,
              43.57200992510966
            ],
            [
              1.471464891942234,
              43.5687103673826
            ],
            [
              1.4773141411001238,
              43.57010609816376
            ],
            [
              1.478485995292734,
              43.574801307084385
            ],
            [
              1.4738080310031383,
              43.57810110538048
            ]
          ]
        ]
      },
      "properties": {
        "uuid": "6e6334d2-cb07-4c5e-aebc-ca08486959b6",
        "h3_index": "88396018c1fffff",
        "city_code": "31555",
        "city_name": "Toulouse",
        "latitude": 43.57340581120381,
        "longitude": 1.472636387305686,
        "manual_surge": 0,
        "available": true,
        "status": "active"
      }
    },
    {
      "type": "Feature",
      "geometry": {
        "type": "Polygon",
        "coordinates": [
          [
            [
              1.4351856951478228,
              43.62188340121791
            ],
            [
              1.4293302758350745,
              43.62048705414621
            ],
            [
              1.4281604455158299,
              43.6157912099737
            ],
            [
              1.4328454633670407,
              43.612492032543706
            ],
            [
              1.4387000495827187,
              43.61388845866549
            ],
            [
              1.4398704509663485,
              43.61858398316123
            ],
            [
              1.4351856951478228,
              43.62188340121791
            ]
          ]
        ]
      },
      "properties": {
        "uuid": "3546c582-5b89-4883-af37-e511615f2c04",
        "h3_index": "8839601ae9fffff",
        "city_code": "31555",
        "city_name": "Toulouse",
        "latitude": 43.61718779196176,
        "longitude": 1.434015505103496,
        "manual_surge": 0,
        "available": true,
        "status": "active"
      }
    },
    {
      "type": "Feature",
      "geometry": {
        "type": "Polygon",
        "coordinates": [
          [
            [
              1.4387000495827187,
              43.61388845866549
            ],
            [
              1.4328454633670407,
              43.612492032543706
            ],
            [
              1.431675569911254,
              43.607796123025544
            ],
            [
              1.4363596917480022,
              43.6044969593607
            ],
            [
              1.4422134450592181,
              43.60589346457913
            ],
            [
              1.4433839093602943,
              43.61058905435982
            ],
            [
              1.4387000495827187,
              43.61388845866549
            ]
          ]
        ]
      },
      "properties": {
        "uuid": "ef8ff093-5950-48af-9bdc-23dce5497cde",
        "h3_index": "8839601ae1fffff",
        "city_code": "31555",
        "city_name": "Toulouse",
        "latitude": 43.60919278404472,
        "longitude": 1.4375297965190277,
        "manual_surge": 0,
        "available": true,
        "status": "active"
      }
    },
    {
      "type": "Feature",
      "geometry": {
        "type": "Polygon",
        "coordinates": [
          [
            [
              1.3578616061182014,
              43.621093049042635
            ],
            [
              1.352003165168411,
              43.61969216630155
            ],
            [
              1.3508377839036698,
              43.61499363631885
            ],
            [
              1.3555302706111383,
              43.61169630818236
            ],
            [
              1.3613878785841727,
              43.61309726886551
            ],
            [
              1.36255383274867,
              43.61779547973701
            ],
            [
              1.3578616061182014,
              43.621093049042635
            ]
          ]
        ]
      },
      "properties": {
        "uuid": "2b76d1fe-7562-4b0d-aee7-1b5f9b1b988f",
        "h3_index": "8839601a65fffff",
        "city_code": "31555",
        "city_name": "Toulouse",
        "latitude": 43.616394753642396,
        "longitude": 1.3566958644318368,
        "manual_surge": 0,
        "available": true,
        "status": "active"
      }
    },
    {
      "type": "Feature",
      "geometry": {
        "type": "Polygon",
        "coordinates": [
          [
            [
              1.379004818251029,
              43.573117582546544
            ],
            [
              1.3731513722812871,
              43.57171623145269
            ],
            [
              1.3719856040228955,
              43.56701731129799
            ],
            [
              1.376672710073052,
              43.5637200617074
            ],
            [
              1.3825253242178916,
              43.56512149102307
            ],
            [
              1.3836916640597763,
              43.5698200917015
            ],
            [
              1.379004818251029,
              43.573117582546544
            ]
          ]
        ]
      },
      "properties": {
        "uuid": "c5046bba-2c3e-4d49-92a9-221ee9dd3196",
        "h3_index": "883960186dfffff",
        "city_code": "31555",
        "city_name": "Toulouse",
        "latitude": 43.56841889686046,
        "longitude": 1.377838690273964,
        "manual_surge": 0,
        "available": true,
        "status": "active"
      }
    },
    {
      "type": "Feature",
      "geometry": {
        "type": "Polygon",
        "coordinates": [
          [
            [
              1.4913718843384371,
              43.60436311096101
            ],
            [
              1.48552023723615,
              43.60296941538375
            ],
            [
              1.4843474923966957,
              43.59827510540771
            ],
            [
              1.489025825157721,
              43.59497481116753
            ],
            [
              1.494876639526854,
              43.596368586590785
            ],
            [
              1.496049953790259,
              43.60106257640235
            ],
            [
              1.4913718843384371,
              43.60436311096101
            ]
          ]
        ]
      },
      "properties": {
        "uuid": "1c4884f2-bd92-442d-a6c2-4ea20b98e570",
        "h3_index": "8839601abbfffff",
        "city_code": "31555",
        "city_name": "Toulouse",
        "latitude": 43.59966903606604,
        "longitude": 1.4901987804739374,
        "manual_surge": 0,
        "available": true,
        "status": "active"
      }
    },
    {
      "type": "Feature",
      "geometry": {
        "type": "Polygon",
        "coordinates": [
          [
            [
              1.4597740214368065,
              43.610080636422545
            ],
            [
              1.4539206100224935,
              43.608685303087306
            ],
            [
              1.4527495751604376,
              43.60399003312966
            ],
            [
              1.4574313813580948,
              43.60069041640985
            ],
            [
              1.4632839599359269,
              43.6020858291416
            ],
            [
              1.4644555650747164,
              43.60678077919075
            ],
            [
              1.4597740214368065,
              43.610080636422545
            ]
          ]
        ]
      },
      "properties": {
        "uuid": "c35fae4c-4e64-498f-9c02-3f426c684a84",
        "h3_index": "8839601a85fffff",
        "city_code": "31555",
        "city_name": "Toulouse",
        "latitude": 43.60538560143588,
        "longitude": 1.458602627199895,
        "manual_surge": 0,
        "available": true,
        "status": "active"
      }
    },
    {
      "type": "Feature",
      "geometry": {
        "type": "Polygon",
        "coordinates": [
          [
            [
              1.4422134450592181,
              43.60589346457913
            ],
            [
              1.4363596917480022,
              43.6044969593607
            ],
            [
              1.4351897352424834,
              43.59980098467529
            ],
            [
              1.4398729613440535,
              43.596501835000524
            ],
            [
              1.4457258819433516,
              43.59789841936205
            ],
            [
              1.4468964090751533,
              43.60259407424931
            ],
            [
              1.4422134450592181,
              43.60589346457913
            ]
          ]
        ]
      },
      "properties": {
        "uuid": "155dd6de-29c4-4fe7-b99d-7cccede13f56",
        "h3_index": "8839601ae7fffff",
        "city_code": "31555",
        "city_name": "Toulouse",
        "latitude": 43.6011977247721,
        "longitude": 1.4410431290628871,
        "manual_surge": 0,
        "available": true,
        "status": "active"
      }
    },
    {
      "type": "Feature",
      "geometry": {
        "type": "Polygon",
        "coordinates": [
          [
            [
              1.4914005050558476,
              43.64851251865347
            ],
            [
              1.4855450355315778,
              43.64712039386612
            ],
            [
              1.4843715230508907,
              43.642427116504884
            ],
            [
              1.4890529098488523,
              43.6391262838965
            ],
            [
              1.4949075455514358,
              43.640518488551
            ],
            [
              1.496081628199722,
              43.645211445940845
            ],
            [
              1.4914005050558476,
              43.64851251865347
            ]
          ]
        ]
      },
      "properties": {
        "uuid": "5e29513b-eb39-4ca1-a766-15233c04d552",
        "h3_index": "88396011e7fffff",
        "city_code": "31555",
        "city_name": "Toulouse",
        "latitude": 43.64381947656051,
        "longitude": 1.4902266330810439,
        "manual_surge": 0,
        "available": true,
        "status": "active"
      }
    }
  ]
}